<?xml version="1.0" encoding="UTF-8"?>
<osm generator="VMB">
  <MetaInfo format_version="1" map_version="3"/>
  <node id="2" lat="" lon="">
    <tag k="mgrs_code" v="99XXX0-10-1"/>
    <tag k="local_x" v="-37.4195"/>
    <tag k="local_y" v="-10.0122"/>
    <tag k="ele" v="-0.01"/>
  </node>
  <node id="4" lat="" lon="">
    <tag k="mgrs_code" v="99XXX0-1000"/>
    <tag k="local_x" v="-37.4141"/>
    <tag k="local_y" v="7.9699"/>
    <tag k="ele" v="-0.0075"/>
  </node>
  <node id="5" lat="" lon="">
    <tag k="mgrs_code" v="99XXX0-10-1"/>
    <tag k="local_x" v="-43.3879"/>
    <tag k="local_y" v="-10.4025"/>
    <tag k="ele" v="-0.0075"/>
  </node>
  <node id="6" lat="" lon="">
    <tag k="mgrs_code" v="99XXX0-10-1"/>
    <tag k="local_x" v="-43.4403"/>
    <tag k="local_y" v="-0.791"/>
    <tag k="ele" v="-0.01"/>
  </node>
  <node id="7" lat="" lon="">
    <tag k="mgrs_code" v="99XXX0-1000"/>
    <tag k="local_x" v="-43.4079"/>
    <tag k="local_y" v="7.9243"/>
    <tag k="ele" v="-0.0075"/>
  </node>
  <node id="47" lat="" lon="">
    <tag k="mgrs_code" v="99XXX0-10-1"/>
    <tag k="local_x" v="-40.4903"/>
    <tag k="local_y" v="-10.4147"/>
    <tag k="ele" v="-0.0075"/>
  </node>
  <node id="48" lat="" lon="">
    <tag k="mgrs_code" v="99XXX0-10-1"/>
    <tag k="local_x" v="-40.4566"/>
    <tag k="local_y" v="-0.8028"/>
    <tag k="ele" v="-0.01"/>
  </node>
  <node id="49" lat="" lon="">
    <tag k="mgrs_code" v="99XXX0-1000"/>
    <tag k="local_x" v="-40.4069"/>
    <tag k="local_y" v="7.9116"/>
    <tag k="ele" v="-0.0075"/>
  </node>
  <node id="75" lat="" lon="">
    <tag k="mgrs_code" v="99XXX0-10-1"/>
    <tag k="local_x" v="-22.6351"/>
    <tag k="local_y" v="-10.2405"/>
    <tag k="ele" v="-0.0075"/>
  </node>
  <node id="76" lat="" lon="">
    <tag k="mgrs_code" v="99XXX0-10-1"/>
    <tag k="local_x" v="-22.6014"/>
    <tag k="local_y" v="-0.6286"/>
    <tag k="ele" v="-0.01"/>
  </node>
  <node id="77" lat="" lon="">
    <tag k="mgrs_code" v="99XXX0-1000"/>
    <tag k="local_x" v="-22.6011"/>
    <tag k="local_y" v="8.1819"/>
    <tag k="ele" v="-0.0075"/>
  </node>
  <node id="78" lat="" lon="">
    <tag k="mgrs_code" v="99XXX0-10-1"/>
    <tag k="local_x" v="-25.6773"/>
    <tag k="local_y" v="-10.2027"/>
    <tag k="ele" v="-0.0075"/>
  </node>
  <node id="79" lat="" lon="">
    <tag k="mgrs_code" v="99XXX0-10-1"/>
    <tag k="local_x" v="-25.6436"/>
    <tag k="local_y" v="-0.5908"/>
    <tag k="ele" v="-0.01"/>
  </node>
  <node id="80" lat="" lon="">
    <tag k="mgrs_code" v="99XXX0-1000"/>
    <tag k="local_x" v="-25.5939"/>
    <tag k="local_y" v="8.1236"/>
    <tag k="ele" v="-0.0075"/>
  </node>
  <node id="81" lat="" lon="">
    <tag k="mgrs_code" v="99XXX0-10-1"/>
    <tag k="local_x" v="-28.5749"/>
    <tag k="local_y" v="-10.1905"/>
    <tag k="ele" v="-0.0075"/>
  </node>
  <node id="82" lat="" lon="">
    <tag k="mgrs_code" v="99XXX0-10-1"/>
    <tag k="local_x" v="-28.6273"/>
    <tag k="local_y" v="-0.579"/>
    <tag k="ele" v="-0.01"/>
  </node>
  <node id="83" lat="" lon="">
    <tag k="mgrs_code" v="99XXX0-1000"/>
    <tag k="local_x" v="-28.5949"/>
    <tag k="local_y" v="8.1363"/>
    <tag k="ele" v="-0.0075"/>
  </node>
  <node id="90" lat="" lon="">
    <tag k="mgrs_code" v="99XXX000000"/>
    <tag k="local_x" v="19.7125"/>
    <tag k="local_y" v="0.0443"/>
    <tag k="ele" v="-0.01"/>
  </node>
  <node id="91" lat="" lon="">
    <tag k="mgrs_code" v="99XXX000000"/>
    <tag k="local_x" v="19.6444"/>
    <tag k="local_y" v="8.4398"/>
    <tag k="ele" v="-0.0075"/>
  </node>
  <node id="93" lat="" lon="">
    <tag k="mgrs_code" v="99XXX000000"/>
    <tag k="local_x" v="16.7706"/>
    <tag k="local_y" v="0.1185"/>
    <tag k="ele" v="-0.01"/>
  </node>
  <node id="94" lat="" lon="">
    <tag k="mgrs_code" v="99XXX000000"/>
    <tag k="local_x" v="16.8248"/>
    <tag k="local_y" v="8.3498"/>
    <tag k="ele" v="-0.0075"/>
  </node>
  <node id="117" lat="" lon="">
    <tag k="mgrs_code" v="99XXX0-1000"/>
    <tag k="local_x" v="-36.5718"/>
    <tag k="local_y" v="15.3459"/>
    <tag k="ele" v="-0.0073"/>
  </node>
  <node id="118" lat="" lon="">
    <tag k="mgrs_code" v="99XXX0-1000"/>
    <tag k="local_x" v="-29.6132"/>
    <tag k="local_y" v="15.2364"/>
    <tag k="ele" v="-0.006"/>
  </node>
  <node id="119" lat="" lon="">
    <tag k="mgrs_code" v="99XXX0-1000"/>
    <tag k="local_x" v="-36.6243"/>
    <tag k="local_y" v="12.4134"/>
    <tag k="ele" v="-0.0073"/>
  </node>
  <node id="120" lat="" lon="">
    <tag k="mgrs_code" v="99XXX0-1000"/>
    <tag k="local_x" v="-29.6657"/>
    <tag k="local_y" v="12.3039"/>
    <tag k="ele" v="-0.006"/>
  </node>
  <node id="121" lat="" lon="">
    <tag k="mgrs_code" v="99XXX0-1000"/>
    <tag k="local_x" v="-36.6164"/>
    <tag k="local_y" v="9.3665"/>
    <tag k="ele" v="-0.0073"/>
  </node>
  <node id="122" lat="" lon="">
    <tag k="mgrs_code" v="99XXX0-1000"/>
    <tag k="local_x" v="-29.6578"/>
    <tag k="local_y" v="9.257"/>
    <tag k="ele" v="-0.006"/>
  </node>
  <node id="128" lat="" lon="">
    <tag k="mgrs_code" v="99XXX0-10-1"/>
    <tag k="local_x" v="-21.6317"/>
    <tag k="local_y" v="-11.2755"/>
    <tag k="ele" v="-0.005"/>
  </node>
  <node id="129" lat="" lon="">
    <tag k="mgrs_code" v="99XXX0-10-1"/>
    <tag k="local_x" v="-9.6253"/>
    <tag k="local_y" v="-11.1755"/>
    <tag k="ele" v="-0.005"/>
  </node>
  <node id="143" lat="" lon="">
    <tag k="mgrs_code" v="99XXX0-10-1"/>
    <tag k="local_x" v="-21.6284"/>
    <tag k="local_y" v="-14.1699"/>
    <tag k="ele" v="-0.005"/>
  </node>
  <node id="144" lat="" lon="">
    <tag k="mgrs_code" v="99XXX0-10-1"/>
    <tag k="local_x" v="-9.622"/>
    <tag k="local_y" v="-14.0699"/>
    <tag k="ele" v="-0.005"/>
  </node>
  <node id="146" lat="" lon="">
    <tag k="mgrs_code" v="99XXX0-10-1"/>
    <tag k="local_x" v="-21.7053"/>
    <tag k="local_y" v="-17.1158"/>
    <tag k="ele" v="-0.005"/>
  </node>
  <node id="147" lat="" lon="">
    <tag k="mgrs_code" v="99XXX0-10-1"/>
    <tag k="local_x" v="-9.6989"/>
    <tag k="local_y" v="-17.0158"/>
    <tag k="ele" v="-0.005"/>
  </node>
  <node id="154" lat="" lon="">
    <tag k="mgrs_code" v="99XXX0-10-1"/>
    <tag k="local_x" v="-21.1875"/>
    <tag k="local_y" v="-26.7045"/>
    <tag k="ele" v="-0.005"/>
  </node>
  <node id="155" lat="" lon="">
    <tag k="mgrs_code" v="99XXX0-10-1"/>
    <tag k="local_x" v="-9.1811"/>
    <tag k="local_y" v="-26.6045"/>
    <tag k="ele" v="-0.005"/>
  </node>
  <node id="156" lat="" lon="">
    <tag k="mgrs_code" v="99XXX0-10-1"/>
    <tag k="local_x" v="-21.1842"/>
    <tag k="local_y" v="-29.5989"/>
    <tag k="ele" v="-0.005"/>
  </node>
  <node id="157" lat="" lon="">
    <tag k="mgrs_code" v="99XXX0-10-1"/>
    <tag k="local_x" v="-9.1778"/>
    <tag k="local_y" v="-29.4989"/>
    <tag k="ele" v="-0.005"/>
  </node>
  <node id="158" lat="" lon="">
    <tag k="mgrs_code" v="99XXX0-10-1"/>
    <tag k="local_x" v="-21.2611"/>
    <tag k="local_y" v="-32.5448"/>
    <tag k="ele" v="-0.005"/>
  </node>
  <node id="159" lat="" lon="">
    <tag k="mgrs_code" v="99XXX0-10-1"/>
    <tag k="local_x" v="-9.2547"/>
    <tag k="local_y" v="-32.4448"/>
    <tag k="ele" v="-0.005"/>
  </node>
  <node id="165" lat="" lon="">
    <tag k="mgrs_code" v="99XXX0-1000"/>
    <tag k="local_x" v="-21.6736"/>
    <tag k="local_y" v="32.3978"/>
    <tag k="ele" v="-0.005"/>
  </node>
  <node id="166" lat="" lon="">
    <tag k="mgrs_code" v="99XXX0-1000"/>
    <tag k="local_x" v="-9.6672"/>
    <tag k="local_y" v="32.4978"/>
    <tag k="ele" v="-0.005"/>
  </node>
  <node id="167" lat="" lon="">
    <tag k="mgrs_code" v="99XXX0-1000"/>
    <tag k="local_x" v="-21.6703"/>
    <tag k="local_y" v="29.5034"/>
    <tag k="ele" v="-0.005"/>
  </node>
  <node id="168" lat="" lon="">
    <tag k="mgrs_code" v="99XXX0-1000"/>
    <tag k="local_x" v="-9.6639"/>
    <tag k="local_y" v="29.6034"/>
    <tag k="ele" v="-0.005"/>
  </node>
  <node id="169" lat="" lon="">
    <tag k="mgrs_code" v="99XXX0-1000"/>
    <tag k="local_x" v="-21.7472"/>
    <tag k="local_y" v="26.5575"/>
    <tag k="ele" v="-0.005"/>
  </node>
  <node id="170" lat="" lon="">
    <tag k="mgrs_code" v="99XXX0-1000"/>
    <tag k="local_x" v="-9.7408"/>
    <tag k="local_y" v="26.6575"/>
    <tag k="ele" v="-0.005"/>
  </node>
  <node id="176" lat="" lon="">
    <tag k="mgrs_code" v="99XXX0-10-1"/>
    <tag k="local_x" v="-1.1755"/>
    <tag k="local_y" v="-11.2425"/>
    <tag k="ele" v="-0.004"/>
  </node>
  <node id="177" lat="" lon="">
    <tag k="mgrs_code" v="99XXX0000-1"/>
    <tag k="local_x" v="12.3481"/>
    <tag k="local_y" v="-11.1271"/>
    <tag k="ele" v="-0.0075"/>
  </node>
  <node id="179" lat="" lon="">
    <tag k="mgrs_code" v="99XXX0-10-1"/>
    <tag k="local_x" v="-1.2899"/>
    <tag k="local_y" v="-14.1942"/>
    <tag k="ele" v="-0.004"/>
  </node>
  <node id="180" lat="" lon="">
    <tag k="mgrs_code" v="99XXX0000-1"/>
    <tag k="local_x" v="12.4083"/>
    <tag k="local_y" v="-14.0975"/>
    <tag k="ele" v="-0.0075"/>
  </node>
  <node id="182" lat="" lon="">
    <tag k="mgrs_code" v="99XXX0-10-1"/>
    <tag k="local_x" v="-1.0493"/>
    <tag k="local_y" v="-17.1896"/>
    <tag k="ele" v="-0.004"/>
  </node>
  <node id="183" lat="" lon="">
    <tag k="mgrs_code" v="99XXX0000-1"/>
    <tag k="local_x" v="12.4743"/>
    <tag k="local_y" v="-17.0742"/>
    <tag k="ele" v="-0.0075"/>
  </node>
  <node id="187" lat="" lon="">
    <tag k="mgrs_code" v="99XXX0-10-1"/>
    <tag k="local_x" v="-1.1464"/>
    <tag k="local_y" v="-26.7156"/>
    <tag k="ele" v="-0.004"/>
  </node>
  <node id="188" lat="" lon="">
    <tag k="mgrs_code" v="99XXX0000-1"/>
    <tag k="local_x" v="12.3772"/>
    <tag k="local_y" v="-26.6002"/>
    <tag k="ele" v="-0.0075"/>
  </node>
  <node id="189" lat="" lon="">
    <tag k="mgrs_code" v="99XXX0-10-1"/>
    <tag k="local_x" v="-1.2621"/>
    <tag k="local_y" v="-29.5876"/>
    <tag k="ele" v="-0.004"/>
  </node>
  <node id="190" lat="" lon="">
    <tag k="mgrs_code" v="99XXX0000-1"/>
    <tag k="local_x" v="12.4361"/>
    <tag k="local_y" v="-29.4909"/>
    <tag k="ele" v="-0.0075"/>
  </node>
  <node id="191" lat="" lon="">
    <tag k="mgrs_code" v="99XXX0-10-1"/>
    <tag k="local_x" v="-1.1221"/>
    <tag k="local_y" v="-32.5249"/>
    <tag k="ele" v="-0.004"/>
  </node>
  <node id="192" lat="" lon="">
    <tag k="mgrs_code" v="99XXX0000-1"/>
    <tag k="local_x" v="12.4015"/>
    <tag k="local_y" v="-32.4095"/>
    <tag k="ele" v="-0.0075"/>
  </node>
  <node id="198" lat="" lon="">
    <tag k="mgrs_code" v="99XXX0-10-1"/>
    <tag k="local_x" v="-28.7838"/>
    <tag k="local_y" v="-18.2934"/>
    <tag k="ele" v="-0.0063"/>
  </node>
  <node id="199" lat="" lon="">
    <tag k="mgrs_code" v="99XXX0-10-1"/>
    <tag k="local_x" v="-28.7565"/>
    <tag k="local_y" v="-25.1642"/>
    <tag k="ele" v="-0.0045"/>
  </node>
  <node id="201" lat="" lon="">
    <tag k="mgrs_code" v="99XXX0-10-1"/>
    <tag k="local_x" v="-25.8196"/>
    <tag k="local_y" v="-18.3468"/>
    <tag k="ele" v="-0.0063"/>
  </node>
  <node id="202" lat="" lon="">
    <tag k="mgrs_code" v="99XXX0-10-1"/>
    <tag k="local_x" v="-25.7923"/>
    <tag k="local_y" v="-25.2176"/>
    <tag k="ele" v="-0.0045"/>
  </node>
  <node id="204" lat="" lon="">
    <tag k="mgrs_code" v="99XXX0-10-1"/>
    <tag k="local_x" v="-22.765"/>
    <tag k="local_y" v="-18.5554"/>
    <tag k="ele" v="-0.0063"/>
  </node>
  <node id="205" lat="" lon="">
    <tag k="mgrs_code" v="99XXX0-10-1"/>
    <tag k="local_x" v="-22.7377"/>
    <tag k="local_y" v="-25.4262"/>
    <tag k="ele" v="-0.0045"/>
  </node>
  <node id="223" lat="" lon="">
    <tag k="mgrs_code" v="99XXX0-10-1"/>
    <tag k="local_x" v="-8.3634"/>
    <tag k="local_y" v="-18.5296"/>
    <tag k="ele" v="-0.0063"/>
  </node>
  <node id="224" lat="" lon="">
    <tag k="mgrs_code" v="99XXX0-10-1"/>
    <tag k="local_x" v="-8.3361"/>
    <tag k="local_y" v="-25.4004"/>
    <tag k="ele" v="-0.0045"/>
  </node>
  <node id="225" lat="" lon="">
    <tag k="mgrs_code" v="99XXX0-10-1"/>
    <tag k="local_x" v="-5.3992"/>
    <tag k="local_y" v="-18.583"/>
    <tag k="ele" v="-0.0063"/>
  </node>
  <node id="226" lat="" lon="">
    <tag k="mgrs_code" v="99XXX0-10-1"/>
    <tag k="local_x" v="-5.3719"/>
    <tag k="local_y" v="-25.4538"/>
    <tag k="ele" v="-0.0045"/>
  </node>
  <node id="227" lat="" lon="">
    <tag k="mgrs_code" v="99XXX0-10-1"/>
    <tag k="local_x" v="-2.3446"/>
    <tag k="local_y" v="-18.7916"/>
    <tag k="ele" v="-0.0063"/>
  </node>
  <node id="228" lat="" lon="">
    <tag k="mgrs_code" v="99XXX0-10-1"/>
    <tag k="local_x" v="-2.3173"/>
    <tag k="local_y" v="-25.6624"/>
    <tag k="ele" v="-0.0045"/>
  </node>
  <node id="234" lat="" lon="">
    <tag k="mgrs_code" v="99XXX0000-1"/>
    <tag k="local_x" v="13.7413"/>
    <tag k="local_y" v="-18.3958"/>
    <tag k="ele" v="-0.0063"/>
  </node>
  <node id="235" lat="" lon="">
    <tag k="mgrs_code" v="99XXX0000-1"/>
    <tag k="local_x" v="13.7686"/>
    <tag k="local_y" v="-25.2666"/>
    <tag k="ele" v="-0.0045"/>
  </node>
  <node id="236" lat="" lon="">
    <tag k="mgrs_code" v="99XXX0000-1"/>
    <tag k="local_x" v="16.7055"/>
    <tag k="local_y" v="-18.4492"/>
    <tag k="ele" v="-0.0063"/>
  </node>
  <node id="237" lat="" lon="">
    <tag k="mgrs_code" v="99XXX0000-1"/>
    <tag k="local_x" v="16.7328"/>
    <tag k="local_y" v="-25.32"/>
    <tag k="ele" v="-0.0045"/>
  </node>
  <node id="238" lat="" lon="">
    <tag k="mgrs_code" v="99XXX0000-1"/>
    <tag k="local_x" v="19.7601"/>
    <tag k="local_y" v="-18.6578"/>
    <tag k="ele" v="-0.0063"/>
  </node>
  <node id="239" lat="" lon="">
    <tag k="mgrs_code" v="99XXX0000-1"/>
    <tag k="local_x" v="19.7874"/>
    <tag k="local_y" v="-25.5286"/>
    <tag k="ele" v="-0.0045"/>
  </node>
  <node id="245" lat="" lon="">
    <tag k="mgrs_code" v="99XXX0-1000"/>
    <tag k="local_x" v="-28.7532"/>
    <tag k="local_y" v="25.5161"/>
    <tag k="ele" v="-0.005"/>
  </node>
  <node id="246" lat="" lon="">
    <tag k="mgrs_code" v="99XXX0-1000"/>
    <tag k="local_x" v="-28.7152"/>
    <tag k="local_y" v="16.395"/>
    <tag k="ele" v="-0.0044"/>
  </node>
  <node id="248" lat="" lon="">
    <tag k="mgrs_code" v="99XXX0-1000"/>
    <tag k="local_x" v="-25.7742"/>
    <tag k="local_y" v="25.6148"/>
    <tag k="ele" v="-0.005"/>
  </node>
  <node id="249" lat="" lon="">
    <tag k="mgrs_code" v="99XXX0-1000"/>
    <tag k="local_x" v="-25.7362"/>
    <tag k="local_y" v="16.4937"/>
    <tag k="ele" v="-0.0044"/>
  </node>
  <node id="251" lat="" lon="">
    <tag k="mgrs_code" v="99XXX0-1000"/>
    <tag k="local_x" v="-22.745"/>
    <tag k="local_y" v="25.5483"/>
    <tag k="ele" v="-0.005"/>
  </node>
  <node id="252" lat="" lon="">
    <tag k="mgrs_code" v="99XXX0-1000"/>
    <tag k="local_x" v="-22.8008"/>
    <tag k="local_y" v="16.4265"/>
    <tag k="ele" v="-0.0044"/>
  </node>
  <node id="256" lat="" lon="">
    <tag k="mgrs_code" v="99XXX0-1000"/>
    <tag k="local_x" v="-21.5059"/>
    <tag k="local_y" v="15.12"/>
    <tag k="ele" v="-0.0053"/>
  </node>
  <node id="257" lat="" lon="">
    <tag k="mgrs_code" v="99XXX0-1000"/>
    <tag k="local_x" v="-16.1192"/>
    <tag k="local_y" v="15.0891"/>
    <tag k="ele" v="-0.006"/>
  </node>
  <node id="259" lat="" lon="">
    <tag k="mgrs_code" v="99XXX0-1000"/>
    <tag k="local_x" v="-21.596"/>
    <tag k="local_y" v="12.1566"/>
    <tag k="ele" v="-0.0053"/>
  </node>
  <node id="260" lat="" lon="">
    <tag k="mgrs_code" v="99XXX0-1000"/>
    <tag k="local_x" v="-16.2093"/>
    <tag k="local_y" v="12.1257"/>
    <tag k="ele" v="-0.006"/>
  </node>
  <node id="262" lat="" lon="">
    <tag k="mgrs_code" v="99XXX0-1000"/>
    <tag k="local_x" v="-21.4952"/>
    <tag k="local_y" v="9.3489"/>
    <tag k="ele" v="-0.0053"/>
  </node>
  <node id="263" lat="" lon="">
    <tag k="mgrs_code" v="99XXX0-1000"/>
    <tag k="local_x" v="-16.2176"/>
    <tag k="local_y" v="9.3279"/>
    <tag k="ele" v="-0.006"/>
  </node>
  <node id="267" lat="" lon="">
    <tag k="mgrs_code" v="99XXX0-1000"/>
    <tag k="local_x" v="-8.349"/>
    <tag k="local_y" v="25.7573"/>
    <tag k="ele" v="-0.0044"/>
  </node>
  <node id="268" lat="" lon="">
    <tag k="mgrs_code" v="99XXX0-1000"/>
    <tag k="local_x" v="-8.3677"/>
    <tag k="local_y" v="22.6219"/>
    <tag k="ele" v="-0.006"/>
  </node>
  <node id="273" lat="" lon="">
    <tag k="mgrs_code" v="99XXX0-1000"/>
    <tag k="local_x" v="-5.3725"/>
    <tag k="local_y" v="25.7146"/>
    <tag k="ele" v="-0.0044"/>
  </node>
  <node id="274" lat="" lon="">
    <tag k="mgrs_code" v="99XXX0-1000"/>
    <tag k="local_x" v="-5.3912"/>
    <tag k="local_y" v="22.5792"/>
    <tag k="ele" v="-0.006"/>
  </node>
  <node id="276" lat="" lon="">
    <tag k="mgrs_code" v="99XXX0-1000"/>
    <tag k="local_x" v="-2.3734"/>
    <tag k="local_y" v="25.6027"/>
    <tag k="ele" v="-0.0044"/>
  </node>
  <node id="277" lat="" lon="">
    <tag k="mgrs_code" v="99XXX0-1000"/>
    <tag k="local_x" v="-2.4"/>
    <tag k="local_y" v="22.9213"/>
    <tag k="ele" v="-0.006"/>
  </node>
  <node id="281" lat="" lon="">
    <tag k="mgrs_code" v="99XXX000000"/>
    <tag k="local_x" v="5.2076"/>
    <tag k="local_y" v="15.1636"/>
    <tag k="ele" v="-0.0067"/>
  </node>
  <node id="282" lat="" lon="">
    <tag k="mgrs_code" v="99XXX000000"/>
    <tag k="local_x" v="12.6989"/>
    <tag k="local_y" v="15.1999"/>
    <tag k="ele" v="-0.0075"/>
  </node>
  <node id="284" lat="" lon="">
    <tag k="mgrs_code" v="99XXX000000"/>
    <tag k="local_x" v="5.2334"/>
    <tag k="local_y" v="12.131"/>
    <tag k="ele" v="-0.008"/>
  </node>
  <node id="285" lat="" lon="">
    <tag k="mgrs_code" v="99XXX000000"/>
    <tag k="local_x" v="12.6184"/>
    <tag k="local_y" v="12.2684"/>
    <tag k="ele" v="-0.0086"/>
  </node>
  <node id="287" lat="" lon="">
    <tag k="mgrs_code" v="99XXX000000"/>
    <tag k="local_x" v="5.3129"/>
    <tag k="local_y" v="9.2856"/>
    <tag k="ele" v="-0.006"/>
  </node>
  <node id="288" lat="" lon="">
    <tag k="mgrs_code" v="99XXX000000"/>
    <tag k="local_x" v="12.4881"/>
    <tag k="local_y" v="9.2578"/>
    <tag k="ele" v="-0.006"/>
  </node>
  <node id="311" lat="" lon="">
    <tag k="mgrs_code" v="99XXX0-1000"/>
    <tag k="local_x" v="-8.3361"/>
    <tag k="local_y" v="1.4911"/>
    <tag k="ele" v="-0.0046"/>
  </node>
  <node id="312" lat="" lon="">
    <tag k="mgrs_code" v="99XXX0-10-1"/>
    <tag k="local_x" v="-8.3482"/>
    <tag k="local_y" v="-9.9226"/>
    <tag k="ele" v="-0.005"/>
  </node>
  <node id="314" lat="" lon="">
    <tag k="mgrs_code" v="99XXX0-1000"/>
    <tag k="local_x" v="-5.32"/>
    <tag k="local_y" v="1.4835"/>
    <tag k="ele" v="-0.0069"/>
  </node>
  <node id="315" lat="" lon="">
    <tag k="mgrs_code" v="99XXX0-10-1"/>
    <tag k="local_x" v="-5.3866"/>
    <tag k="local_y" v="-10.1973"/>
    <tag k="ele" v="-0.005"/>
  </node>
  <node id="317" lat="" lon="">
    <tag k="mgrs_code" v="99XXX0-1000"/>
    <tag k="local_x" v="-2.3885"/>
    <tag k="local_y" v="1.2379"/>
    <tag k="ele" v="-0.005"/>
  </node>
  <node id="318" lat="" lon="">
    <tag k="mgrs_code" v="99XXX0-10-1"/>
    <tag k="local_x" v="-2.4021"/>
    <tag k="local_y" v="-10.0872"/>
    <tag k="ele" v="-0.0045"/>
  </node>
  <node id="322" lat="" lon="">
    <tag k="mgrs_code" v="99XXX000000"/>
    <tag k="local_x" v="16.7703"/>
    <tag k="local_y" v="0.0421"/>
    <tag k="ele" v="-0.0094"/>
  </node>
  <node id="323" lat="" lon="">
    <tag k="mgrs_code" v="99XXX000000"/>
    <tag k="local_x" v="19.7125"/>
    <tag k="local_y" v="0.0318"/>
    <tag k="ele" v="-0.0095"/>
  </node>
  <node id="336" lat="" lon="">
    <tag k="mgrs_code" v="99XXX000000"/>
    <tag k="local_x" v="13.7719"/>
    <tag k="local_y" v="8.2685"/>
    <tag k="ele" v="-0.0057"/>
  </node>
  <node id="337" lat="" lon="">
    <tag k="mgrs_code" v="99XXX000000"/>
    <tag k="local_x" v="13.7991"/>
    <tag k="local_y" v="0.1542"/>
    <tag k="ele" v="-0.005"/>
  </node>
  <node id="340" lat="" lon="">
    <tag k="mgrs_code" v="99XXX0000-1"/>
    <tag k="local_x" v="13.7874"/>
    <tag k="local_y" v="-10.189"/>
    <tag k="ele" v="-0.0047"/>
  </node>
  <node id="341" lat="" lon="">
    <tag k="mgrs_code" v="99XXX0000-1"/>
    <tag k="local_x" v="13.7668"/>
    <tag k="local_y" v="-7.8384"/>
    <tag k="ele" v="-0.0045"/>
  </node>
  <node id="343" lat="" lon="">
    <tag k="mgrs_code" v="99XXX0000-1"/>
    <tag k="local_x" v="16.7343"/>
    <tag k="local_y" v="-10.1283"/>
    <tag k="ele" v="-0.0047"/>
  </node>
  <node id="344" lat="" lon="">
    <tag k="mgrs_code" v="99XXX0000-1"/>
    <tag k="local_x" v="16.7137"/>
    <tag k="local_y" v="-7.7777"/>
    <tag k="ele" v="-0.0045"/>
  </node>
  <node id="346" lat="" lon="">
    <tag k="mgrs_code" v="99XXX0000-1"/>
    <tag k="local_x" v="19.6224"/>
    <tag k="local_y" v="-10.1098"/>
    <tag k="ele" v="-0.0047"/>
  </node>
  <node id="347" lat="" lon="">
    <tag k="mgrs_code" v="99XXX0000-1"/>
    <tag k="local_x" v="19.6113"/>
    <tag k="local_y" v="-7.7678"/>
    <tag k="ele" v="-0.0045"/>
  </node>
  <node id="351" lat="" lon="">
    <tag k="mgrs_code" v="99XXX0000-1"/>
    <tag k="local_x" v="20.4212"/>
    <tag k="local_y" v="-26.6012"/>
    <tag k="ele" v="-0.0067"/>
  </node>
  <node id="352" lat="" lon="">
    <tag k="mgrs_code" v="99XXX0000-1"/>
    <tag k="local_x" v="41.9978"/>
    <tag k="local_y" v="-26.6648"/>
    <tag k="ele" v="-0.01"/>
  </node>
  <node id="354" lat="" lon="">
    <tag k="mgrs_code" v="99XXX0000-1"/>
    <tag k="local_x" v="20.5762"/>
    <tag k="local_y" v="-29.5631"/>
    <tag k="ele" v="-0.0067"/>
  </node>
  <node id="355" lat="" lon="">
    <tag k="mgrs_code" v="99XXX0000-1"/>
    <tag k="local_x" v="42.1026"/>
    <tag k="local_y" v="-29.5838"/>
    <tag k="ele" v="-0.01"/>
  </node>
  <node id="357" lat="" lon="">
    <tag k="mgrs_code" v="99XXX0000-1"/>
    <tag k="local_x" v="20.5558"/>
    <tag k="local_y" v="-32.4046"/>
    <tag k="ele" v="-0.0067"/>
  </node>
  <node id="358" lat="" lon="">
    <tag k="mgrs_code" v="99XXX0000-1"/>
    <tag k="local_x" v="42.0822"/>
    <tag k="local_y" v="-32.4253"/>
    <tag k="ele" v="-0.01"/>
  </node>
  <node id="362" lat="" lon="">
    <tag k="mgrs_code" v="99XXX0000-1"/>
    <tag k="local_x" v="21.2163"/>
    <tag k="local_y" v="-0.9201"/>
    <tag k="ele" v="-0.01"/>
  </node>
  <node id="363" lat="" lon="">
    <tag k="mgrs_code" v="99XXX0000-1"/>
    <tag k="local_x" v="27.3099"/>
    <tag k="local_y" v="-0.9449"/>
    <tag k="ele" v="-0.01"/>
  </node>
  <node id="365" lat="" lon="">
    <tag k="mgrs_code" v="99XXX0000-1"/>
    <tag k="local_x" v="21.1173"/>
    <tag k="local_y" v="-3.7581"/>
    <tag k="ele" v="-0.01"/>
  </node>
  <node id="366" lat="" lon="">
    <tag k="mgrs_code" v="99XXX0000-1"/>
    <tag k="local_x" v="27.2934"/>
    <tag k="local_y" v="-3.8098"/>
    <tag k="ele" v="-0.01"/>
  </node>
  <node id="368" lat="" lon="">
    <tag k="mgrs_code" v="99XXX0000-1"/>
    <tag k="local_x" v="21.0335"/>
    <tag k="local_y" v="-6.6765"/>
    <tag k="ele" v="-0.0045"/>
  </node>
  <node id="369" lat="" lon="">
    <tag k="mgrs_code" v="99XXX0000-1"/>
    <tag k="local_x" v="27.4098"/>
    <tag k="local_y" v="-6.7413"/>
    <tag k="ele" v="-0.0044"/>
  </node>
  <node id="373" lat="" lon="">
    <tag k="mgrs_code" v="99XXX0-1000"/>
    <tag k="local_x" v="-0.9467"/>
    <tag k="local_y" v="26.5301"/>
    <tag k="ele" v="-0.0067"/>
  </node>
  <node id="374" lat="" lon="">
    <tag k="mgrs_code" v="99XXX000000"/>
    <tag k="local_x" v="4.1484"/>
    <tag k="local_y" v="26.5176"/>
    <tag k="ele" v="-0.005"/>
  </node>
  <node id="376" lat="" lon="">
    <tag k="mgrs_code" v="99XXX0-1000"/>
    <tag k="local_x" v="-0.9889"/>
    <tag k="local_y" v="29.5383"/>
    <tag k="ele" v="-0.0033"/>
  </node>
  <node id="377" lat="" lon="">
    <tag k="mgrs_code" v="99XXX000000"/>
    <tag k="local_x" v="4.4495"/>
    <tag k="local_y" v="29.4305"/>
    <tag k="ele" v="-0.005"/>
  </node>
  <node id="379" lat="" lon="">
    <tag k="mgrs_code" v="99XXX0-1000"/>
    <tag k="local_x" v="-0.9192"/>
    <tag k="local_y" v="32.4649"/>
    <tag k="ele" v="-0.0033"/>
  </node>
  <node id="380" lat="" lon="">
    <tag k="mgrs_code" v="99XXX000000"/>
    <tag k="local_x" v="4.5192"/>
    <tag k="local_y" v="32.3571"/>
    <tag k="ele" v="-0.005"/>
  </node>
  <node id="395" lat="" lon="">
    <tag k="mgrs_code" v="99XXX000000"/>
    <tag k="local_x" v="13.7806"/>
    <tag k="local_y" v="16.2192"/>
    <tag k="ele" v="-0.005"/>
  </node>
  <node id="396" lat="" lon="">
    <tag k="mgrs_code" v="99XXX000000"/>
    <tag k="local_x" v="13.7385"/>
    <tag k="local_y" v="17.3599"/>
    <tag k="ele" v="-0.0033"/>
  </node>
  <node id="398" lat="" lon="">
    <tag k="mgrs_code" v="99XXX000000"/>
    <tag k="local_x" v="16.6313"/>
    <tag k="local_y" v="16.1949"/>
    <tag k="ele" v="-0.0075"/>
  </node>
  <node id="399" lat="" lon="">
    <tag k="mgrs_code" v="99XXX000000"/>
    <tag k="local_x" v="16.5955"/>
    <tag k="local_y" v="17.4876"/>
    <tag k="ele" v="-0.01"/>
  </node>
  <node id="401" lat="" lon="">
    <tag k="mgrs_code" v="99XXX000000"/>
    <tag k="local_x" v="19.6414"/>
    <tag k="local_y" v="16.0535"/>
    <tag k="ele" v="-0.01"/>
  </node>
  <node id="402" lat="" lon="">
    <tag k="mgrs_code" v="99XXX000000"/>
    <tag k="local_x" v="19.6208"/>
    <tag k="local_y" v="17.2168"/>
    <tag k="ele" v="-0.01"/>
  </node>
  <node id="410" lat="" lon="">
    <tag k="mgrs_code" v="99XXX000000"/>
    <tag k="local_x" v="16.5738"/>
    <tag k="local_y" v="17.7286"/>
    <tag k="ele" v="-0.01"/>
  </node>
  <node id="411" lat="" lon="">
    <tag k="mgrs_code" v="99XXX000000"/>
    <tag k="local_x" v="16.5399"/>
    <tag k="local_y" v="18.193"/>
    <tag k="ele" v="-0.01"/>
  </node>
  <node id="412" lat="" lon="">
    <tag k="mgrs_code" v="99XXX000000"/>
    <tag k="local_x" v="16.4923"/>
    <tag k="local_y" v="18.6291"/>
    <tag k="ele" v="-0.01"/>
  </node>
  <node id="413" lat="" lon="">
    <tag k="mgrs_code" v="99XXX000000"/>
    <tag k="local_x" v="16.4292"/>
    <tag k="local_y" v="19.0632"/>
    <tag k="ele" v="-0.01"/>
  </node>
  <node id="414" lat="" lon="">
    <tag k="mgrs_code" v="99XXX000000"/>
    <tag k="local_x" v="16.3508"/>
    <tag k="local_y" v="19.4949"/>
    <tag k="ele" v="-0.01"/>
  </node>
  <node id="415" lat="" lon="">
    <tag k="mgrs_code" v="99XXX000000"/>
    <tag k="local_x" v="16.257"/>
    <tag k="local_y" v="19.9236"/>
    <tag k="ele" v="-0.01"/>
  </node>
  <node id="416" lat="" lon="">
    <tag k="mgrs_code" v="99XXX000000"/>
    <tag k="local_x" v="16.148"/>
    <tag k="local_y" v="20.3487"/>
    <tag k="ele" v="-0.01"/>
  </node>
  <node id="417" lat="" lon="">
    <tag k="mgrs_code" v="99XXX000000"/>
    <tag k="local_x" v="16.024"/>
    <tag k="local_y" v="20.7697"/>
    <tag k="ele" v="-0.01"/>
  </node>
  <node id="418" lat="" lon="">
    <tag k="mgrs_code" v="99XXX000000"/>
    <tag k="local_x" v="15.8851"/>
    <tag k="local_y" v="21.1861"/>
    <tag k="ele" v="-0.01"/>
  </node>
  <node id="419" lat="" lon="">
    <tag k="mgrs_code" v="99XXX000000"/>
    <tag k="local_x" v="15.7315"/>
    <tag k="local_y" v="21.5974"/>
    <tag k="ele" v="-0.01"/>
  </node>
  <node id="420" lat="" lon="">
    <tag k="mgrs_code" v="99XXX000000"/>
    <tag k="local_x" v="15.5634"/>
    <tag k="local_y" v="22.0029"/>
    <tag k="ele" v="-0.01"/>
  </node>
  <node id="421" lat="" lon="">
    <tag k="mgrs_code" v="99XXX000000"/>
    <tag k="local_x" v="15.3809"/>
    <tag k="local_y" v="22.4023"/>
    <tag k="ele" v="-0.01"/>
  </node>
  <node id="422" lat="" lon="">
    <tag k="mgrs_code" v="99XXX000000"/>
    <tag k="local_x" v="15.1843"/>
    <tag k="local_y" v="22.795"/>
    <tag k="ele" v="-0.01"/>
  </node>
  <node id="423" lat="" lon="">
    <tag k="mgrs_code" v="99XXX000000"/>
    <tag k="local_x" v="14.9739"/>
    <tag k="local_y" v="23.1805"/>
    <tag k="ele" v="-0.01"/>
  </node>
  <node id="424" lat="" lon="">
    <tag k="mgrs_code" v="99XXX000000"/>
    <tag k="local_x" v="14.7499"/>
    <tag k="local_y" v="23.5583"/>
    <tag k="ele" v="-0.01"/>
  </node>
  <node id="425" lat="" lon="">
    <tag k="mgrs_code" v="99XXX000000"/>
    <tag k="local_x" v="14.5126"/>
    <tag k="local_y" v="23.928"/>
    <tag k="ele" v="-0.01"/>
  </node>
  <node id="426" lat="" lon="">
    <tag k="mgrs_code" v="99XXX000000"/>
    <tag k="local_x" v="14.2623"/>
    <tag k="local_y" v="24.289"/>
    <tag k="ele" v="-0.01"/>
  </node>
  <node id="427" lat="" lon="">
    <tag k="mgrs_code" v="99XXX000000"/>
    <tag k="local_x" v="13.9993"/>
    <tag k="local_y" v="24.641"/>
    <tag k="ele" v="-0.01"/>
  </node>
  <node id="428" lat="" lon="">
    <tag k="mgrs_code" v="99XXX000000"/>
    <tag k="local_x" v="13.7239"/>
    <tag k="local_y" v="24.9834"/>
    <tag k="ele" v="-0.01"/>
  </node>
  <node id="429" lat="" lon="">
    <tag k="mgrs_code" v="99XXX000000"/>
    <tag k="local_x" v="13.4365"/>
    <tag k="local_y" v="25.3159"/>
    <tag k="ele" v="-0.01"/>
  </node>
  <node id="430" lat="" lon="">
    <tag k="mgrs_code" v="99XXX000000"/>
    <tag k="local_x" v="13.1374"/>
    <tag k="local_y" v="25.638"/>
    <tag k="ele" v="-0.01"/>
  </node>
  <node id="431" lat="" lon="">
    <tag k="mgrs_code" v="99XXX000000"/>
    <tag k="local_x" v="12.827"/>
    <tag k="local_y" v="25.9493"/>
    <tag k="ele" v="-0.01"/>
  </node>
  <node id="432" lat="" lon="">
    <tag k="mgrs_code" v="99XXX000000"/>
    <tag k="local_x" v="12.5058"/>
    <tag k="local_y" v="26.2493"/>
    <tag k="ele" v="-0.01"/>
  </node>
  <node id="433" lat="" lon="">
    <tag k="mgrs_code" v="99XXX000000"/>
    <tag k="local_x" v="12.174"/>
    <tag k="local_y" v="26.5379"/>
    <tag k="ele" v="-0.01"/>
  </node>
  <node id="434" lat="" lon="">
    <tag k="mgrs_code" v="99XXX000000"/>
    <tag k="local_x" v="11.8322"/>
    <tag k="local_y" v="26.8144"/>
    <tag k="ele" v="-0.01"/>
  </node>
  <node id="435" lat="" lon="">
    <tag k="mgrs_code" v="99XXX000000"/>
    <tag k="local_x" v="11.4807"/>
    <tag k="local_y" v="27.0787"/>
    <tag k="ele" v="-0.01"/>
  </node>
  <node id="436" lat="" lon="">
    <tag k="mgrs_code" v="99XXX000000"/>
    <tag k="local_x" v="11.12"/>
    <tag k="local_y" v="27.3304"/>
    <tag k="ele" v="-0.01"/>
  </node>
  <node id="437" lat="" lon="">
    <tag k="mgrs_code" v="99XXX000000"/>
    <tag k="local_x" v="10.7506"/>
    <tag k="local_y" v="27.5691"/>
    <tag k="ele" v="-0.01"/>
  </node>
  <node id="438" lat="" lon="">
    <tag k="mgrs_code" v="99XXX000000"/>
    <tag k="local_x" v="10.3728"/>
    <tag k="local_y" v="27.7946"/>
    <tag k="ele" v="-0.01"/>
  </node>
  <node id="439" lat="" lon="">
    <tag k="mgrs_code" v="99XXX000000"/>
    <tag k="local_x" v="9.9873"/>
    <tag k="local_y" v="28.0065"/>
    <tag k="ele" v="-0.01"/>
  </node>
  <node id="440" lat="" lon="">
    <tag k="mgrs_code" v="99XXX000000"/>
    <tag k="local_x" v="9.5944"/>
    <tag k="local_y" v="28.2046"/>
    <tag k="ele" v="-0.01"/>
  </node>
  <node id="441" lat="" lon="">
    <tag k="mgrs_code" v="99XXX000000"/>
    <tag k="local_x" v="9.1947"/>
    <tag k="local_y" v="28.3887"/>
    <tag k="ele" v="-0.01"/>
  </node>
  <node id="442" lat="" lon="">
    <tag k="mgrs_code" v="99XXX000000"/>
    <tag k="local_x" v="8.7887"/>
    <tag k="local_y" v="28.5584"/>
    <tag k="ele" v="-0.01"/>
  </node>
  <node id="443" lat="" lon="">
    <tag k="mgrs_code" v="99XXX000000"/>
    <tag k="local_x" v="8.3768"/>
    <tag k="local_y" v="28.7137"/>
    <tag k="ele" v="-0.01"/>
  </node>
  <node id="444" lat="" lon="">
    <tag k="mgrs_code" v="99XXX000000"/>
    <tag k="local_x" v="7.9597"/>
    <tag k="local_y" v="28.8542"/>
    <tag k="ele" v="-0.01"/>
  </node>
  <node id="445" lat="" lon="">
    <tag k="mgrs_code" v="99XXX000000"/>
    <tag k="local_x" v="7.5377"/>
    <tag k="local_y" v="28.9798"/>
    <tag k="ele" v="-0.01"/>
  </node>
  <node id="446" lat="" lon="">
    <tag k="mgrs_code" v="99XXX000000"/>
    <tag k="local_x" v="7.1115"/>
    <tag k="local_y" v="29.0904"/>
    <tag k="ele" v="-0.01"/>
  </node>
  <node id="447" lat="" lon="">
    <tag k="mgrs_code" v="99XXX000000"/>
    <tag k="local_x" v="6.6817"/>
    <tag k="local_y" v="29.1857"/>
    <tag k="ele" v="-0.01"/>
  </node>
  <node id="448" lat="" lon="">
    <tag k="mgrs_code" v="99XXX000000"/>
    <tag k="local_x" v="6.2486"/>
    <tag k="local_y" v="29.2658"/>
    <tag k="ele" v="-0.01"/>
  </node>
  <node id="449" lat="" lon="">
    <tag k="mgrs_code" v="99XXX000000"/>
    <tag k="local_x" v="5.813"/>
    <tag k="local_y" v="29.3304"/>
    <tag k="ele" v="-0.01"/>
  </node>
  <node id="450" lat="" lon="">
    <tag k="mgrs_code" v="99XXX000000"/>
    <tag k="local_x" v="5.3752"/>
    <tag k="local_y" v="29.3795"/>
    <tag k="ele" v="-0.01"/>
  </node>
  <node id="451" lat="" lon="">
    <tag k="mgrs_code" v="99XXX000000"/>
    <tag k="local_x" v="4.91"/>
    <tag k="local_y" v="29.4147"/>
    <tag k="ele" v="-0.01"/>
  </node>
  <node id="452" lat="" lon="">
    <tag k="mgrs_code" v="99XXX000000"/>
    <tag k="local_x" v="19.6024"/>
    <tag k="local_y" v="17.9601"/>
    <tag k="ele" v="-0.01"/>
  </node>
  <node id="453" lat="" lon="">
    <tag k="mgrs_code" v="99XXX000000"/>
    <tag k="local_x" v="19.5612"/>
    <tag k="local_y" v="18.4779"/>
    <tag k="ele" v="-0.01"/>
  </node>
  <node id="454" lat="" lon="">
    <tag k="mgrs_code" v="99XXX000000"/>
    <tag k="local_x" v="19.4989"/>
    <tag k="local_y" v="19.0208"/>
    <tag k="ele" v="-0.01"/>
  </node>
  <node id="455" lat="" lon="">
    <tag k="mgrs_code" v="99XXX000000"/>
    <tag k="local_x" v="19.4174"/>
    <tag k="local_y" v="19.5611"/>
    <tag k="ele" v="-0.01"/>
  </node>
  <node id="456" lat="" lon="">
    <tag k="mgrs_code" v="99XXX000000"/>
    <tag k="local_x" v="19.3167"/>
    <tag k="local_y" v="20.0981"/>
    <tag k="ele" v="-0.01"/>
  </node>
  <node id="457" lat="" lon="">
    <tag k="mgrs_code" v="99XXX000000"/>
    <tag k="local_x" v="19.197"/>
    <tag k="local_y" v="20.6311"/>
    <tag k="ele" v="-0.01"/>
  </node>
  <node id="458" lat="" lon="">
    <tag k="mgrs_code" v="99XXX000000"/>
    <tag k="local_x" v="19.0585"/>
    <tag k="local_y" v="21.1596"/>
    <tag k="ele" v="-0.01"/>
  </node>
  <node id="459" lat="" lon="">
    <tag k="mgrs_code" v="99XXX000000"/>
    <tag k="local_x" v="18.9013"/>
    <tag k="local_y" v="21.6827"/>
    <tag k="ele" v="-0.01"/>
  </node>
  <node id="460" lat="" lon="">
    <tag k="mgrs_code" v="99XXX000000"/>
    <tag k="local_x" v="18.7256"/>
    <tag k="local_y" v="22.1998"/>
    <tag k="ele" v="-0.01"/>
  </node>
  <node id="461" lat="" lon="">
    <tag k="mgrs_code" v="99XXX000000"/>
    <tag k="local_x" v="18.5317"/>
    <tag k="local_y" v="22.7103"/>
    <tag k="ele" v="-0.01"/>
  </node>
  <node id="462" lat="" lon="">
    <tag k="mgrs_code" v="99XXX000000"/>
    <tag k="local_x" v="18.3198"/>
    <tag k="local_y" v="23.2136"/>
    <tag k="ele" v="-0.01"/>
  </node>
  <node id="463" lat="" lon="">
    <tag k="mgrs_code" v="99XXX000000"/>
    <tag k="local_x" v="18.0902"/>
    <tag k="local_y" v="23.709"/>
    <tag k="ele" v="-0.01"/>
  </node>
  <node id="464" lat="" lon="">
    <tag k="mgrs_code" v="99XXX000000"/>
    <tag k="local_x" v="17.8431"/>
    <tag k="local_y" v="24.1959"/>
    <tag k="ele" v="-0.01"/>
  </node>
  <node id="465" lat="" lon="">
    <tag k="mgrs_code" v="99XXX000000"/>
    <tag k="local_x" v="17.5789"/>
    <tag k="local_y" v="24.6736"/>
    <tag k="ele" v="-0.01"/>
  </node>
  <node id="466" lat="" lon="">
    <tag k="mgrs_code" v="99XXX000000"/>
    <tag k="local_x" v="17.2979"/>
    <tag k="local_y" v="25.1416"/>
    <tag k="ele" v="-0.01"/>
  </node>
  <node id="467" lat="" lon="">
    <tag k="mgrs_code" v="99XXX000000"/>
    <tag k="local_x" v="17.0005"/>
    <tag k="local_y" v="25.5993"/>
    <tag k="ele" v="-0.01"/>
  </node>
  <node id="468" lat="" lon="">
    <tag k="mgrs_code" v="99XXX000000"/>
    <tag k="local_x" v="16.6871"/>
    <tag k="local_y" v="26.0461"/>
    <tag k="ele" v="-0.01"/>
  </node>
  <node id="469" lat="" lon="">
    <tag k="mgrs_code" v="99XXX000000"/>
    <tag k="local_x" v="16.358"/>
    <tag k="local_y" v="26.4815"/>
    <tag k="ele" v="-0.01"/>
  </node>
  <node id="470" lat="" lon="">
    <tag k="mgrs_code" v="99XXX000000"/>
    <tag k="local_x" v="16.0137"/>
    <tag k="local_y" v="26.9048"/>
    <tag k="ele" v="-0.01"/>
  </node>
  <node id="471" lat="" lon="">
    <tag k="mgrs_code" v="99XXX000000"/>
    <tag k="local_x" v="15.6546"/>
    <tag k="local_y" v="27.3156"/>
    <tag k="ele" v="-0.01"/>
  </node>
  <node id="472" lat="" lon="">
    <tag k="mgrs_code" v="99XXX000000"/>
    <tag k="local_x" v="15.2811"/>
    <tag k="local_y" v="27.7134"/>
    <tag k="ele" v="-0.01"/>
  </node>
  <node id="473" lat="" lon="">
    <tag k="mgrs_code" v="99XXX000000"/>
    <tag k="local_x" v="14.8938"/>
    <tag k="local_y" v="28.0976"/>
    <tag k="ele" v="-0.01"/>
  </node>
  <node id="474" lat="" lon="">
    <tag k="mgrs_code" v="99XXX000000"/>
    <tag k="local_x" v="14.4931"/>
    <tag k="local_y" v="28.4677"/>
    <tag k="ele" v="-0.01"/>
  </node>
  <node id="475" lat="" lon="">
    <tag k="mgrs_code" v="99XXX000000"/>
    <tag k="local_x" v="14.0796"/>
    <tag k="local_y" v="28.8234"/>
    <tag k="ele" v="-0.01"/>
  </node>
  <node id="476" lat="" lon="">
    <tag k="mgrs_code" v="99XXX000000"/>
    <tag k="local_x" v="13.6537"/>
    <tag k="local_y" v="29.1641"/>
    <tag k="ele" v="-0.01"/>
  </node>
  <node id="477" lat="" lon="">
    <tag k="mgrs_code" v="99XXX000000"/>
    <tag k="local_x" v="13.216"/>
    <tag k="local_y" v="29.4895"/>
    <tag k="ele" v="-0.01"/>
  </node>
  <node id="478" lat="" lon="">
    <tag k="mgrs_code" v="99XXX000000"/>
    <tag k="local_x" v="12.7671"/>
    <tag k="local_y" v="29.799"/>
    <tag k="ele" v="-0.01"/>
  </node>
  <node id="479" lat="" lon="">
    <tag k="mgrs_code" v="99XXX000000"/>
    <tag k="local_x" v="12.3075"/>
    <tag k="local_y" v="30.0924"/>
    <tag k="ele" v="-0.01"/>
  </node>
  <node id="480" lat="" lon="">
    <tag k="mgrs_code" v="99XXX000000"/>
    <tag k="local_x" v="11.8378"/>
    <tag k="local_y" v="30.3693"/>
    <tag k="ele" v="-0.01"/>
  </node>
  <node id="481" lat="" lon="">
    <tag k="mgrs_code" v="99XXX000000"/>
    <tag k="local_x" v="11.3586"/>
    <tag k="local_y" v="30.6292"/>
    <tag k="ele" v="-0.01"/>
  </node>
  <node id="482" lat="" lon="">
    <tag k="mgrs_code" v="99XXX000000"/>
    <tag k="local_x" v="10.8706"/>
    <tag k="local_y" v="30.872"/>
    <tag k="ele" v="-0.01"/>
  </node>
  <node id="483" lat="" lon="">
    <tag k="mgrs_code" v="99XXX000000"/>
    <tag k="local_x" v="10.3742"/>
    <tag k="local_y" v="31.0972"/>
    <tag k="ele" v="-0.01"/>
  </node>
  <node id="484" lat="" lon="">
    <tag k="mgrs_code" v="99XXX000000"/>
    <tag k="local_x" v="9.8702"/>
    <tag k="local_y" v="31.3047"/>
    <tag k="ele" v="-0.01"/>
  </node>
  <node id="485" lat="" lon="">
    <tag k="mgrs_code" v="99XXX000000"/>
    <tag k="local_x" v="9.3592"/>
    <tag k="local_y" v="31.4941"/>
    <tag k="ele" v="-0.01"/>
  </node>
  <node id="486" lat="" lon="">
    <tag k="mgrs_code" v="99XXX000000"/>
    <tag k="local_x" v="8.8419"/>
    <tag k="local_y" v="31.6652"/>
    <tag k="ele" v="-0.01"/>
  </node>
  <node id="487" lat="" lon="">
    <tag k="mgrs_code" v="99XXX000000"/>
    <tag k="local_x" v="8.3188"/>
    <tag k="local_y" v="31.8178"/>
    <tag k="ele" v="-0.01"/>
  </node>
  <node id="488" lat="" lon="">
    <tag k="mgrs_code" v="99XXX000000"/>
    <tag k="local_x" v="7.7907"/>
    <tag k="local_y" v="31.9517"/>
    <tag k="ele" v="-0.01"/>
  </node>
  <node id="489" lat="" lon="">
    <tag k="mgrs_code" v="99XXX000000"/>
    <tag k="local_x" v="7.2582"/>
    <tag k="local_y" v="32.0668"/>
    <tag k="ele" v="-0.01"/>
  </node>
  <node id="490" lat="" lon="">
    <tag k="mgrs_code" v="99XXX000000"/>
    <tag k="local_x" v="6.722"/>
    <tag k="local_y" v="32.1628"/>
    <tag k="ele" v="-0.01"/>
  </node>
  <node id="491" lat="" lon="">
    <tag k="mgrs_code" v="99XXX000000"/>
    <tag k="local_x" v="6.1827"/>
    <tag k="local_y" v="32.2398"/>
    <tag k="ele" v="-0.01"/>
  </node>
  <node id="492" lat="" lon="">
    <tag k="mgrs_code" v="99XXX000000"/>
    <tag k="local_x" v="5.6412"/>
    <tag k="local_y" v="32.2975"/>
    <tag k="ele" v="-0.01"/>
  </node>
  <node id="493" lat="" lon="">
    <tag k="mgrs_code" v="99XXX000000"/>
    <tag k="local_x" v="5.1239"/>
    <tag k="local_y" v="32.3343"/>
    <tag k="ele" v="-0.01"/>
  </node>
  <node id="497" lat="" lon="">
    <tag k="mgrs_code" v="99XXX000000"/>
    <tag k="local_x" v="5.003"/>
    <tag k="local_y" v="29.416"/>
    <tag k="ele" v="-0.005"/>
  </node>
  <node id="498" lat="" lon="">
    <tag k="mgrs_code" v="99XXX000000"/>
    <tag k="local_x" v="5.5237"/>
    <tag k="local_y" v="29.3734"/>
    <tag k="ele" v="-0.005"/>
  </node>
  <node id="499" lat="" lon="">
    <tag k="mgrs_code" v="99XXX000000"/>
    <tag k="local_x" v="6.0745"/>
    <tag k="local_y" v="29.3038"/>
    <tag k="ele" v="-0.005"/>
  </node>
  <node id="500" lat="" lon="">
    <tag k="mgrs_code" v="99XXX000000"/>
    <tag k="local_x" v="6.6217"/>
    <tag k="local_y" v="29.2096"/>
    <tag k="ele" v="-0.005"/>
  </node>
  <node id="501" lat="" lon="">
    <tag k="mgrs_code" v="99XXX000000"/>
    <tag k="local_x" v="7.164"/>
    <tag k="local_y" v="29.0909"/>
    <tag k="ele" v="-0.005"/>
  </node>
  <node id="502" lat="" lon="">
    <tag k="mgrs_code" v="99XXX000000"/>
    <tag k="local_x" v="7.7004"/>
    <tag k="local_y" v="28.948"/>
    <tag k="ele" v="-0.005"/>
  </node>
  <node id="503" lat="" lon="">
    <tag k="mgrs_code" v="99XXX000000"/>
    <tag k="local_x" v="8.2298"/>
    <tag k="local_y" v="28.7811"/>
    <tag k="ele" v="-0.005"/>
  </node>
  <node id="504" lat="" lon="">
    <tag k="mgrs_code" v="99XXX000000"/>
    <tag k="local_x" v="8.7511"/>
    <tag k="local_y" v="28.5906"/>
    <tag k="ele" v="-0.005"/>
  </node>
  <node id="505" lat="" lon="">
    <tag k="mgrs_code" v="99XXX000000"/>
    <tag k="local_x" v="9.2633"/>
    <tag k="local_y" v="28.377"/>
    <tag k="ele" v="-0.005"/>
  </node>
  <node id="506" lat="" lon="">
    <tag k="mgrs_code" v="99XXX000000"/>
    <tag k="local_x" v="9.7653"/>
    <tag k="local_y" v="28.1406"/>
    <tag k="ele" v="-0.005"/>
  </node>
  <node id="507" lat="" lon="">
    <tag k="mgrs_code" v="99XXX000000"/>
    <tag k="local_x" v="10.2562"/>
    <tag k="local_y" v="27.8819"/>
    <tag k="ele" v="-0.005"/>
  </node>
  <node id="508" lat="" lon="">
    <tag k="mgrs_code" v="99XXX000000"/>
    <tag k="local_x" v="10.7349"/>
    <tag k="local_y" v="27.6014"/>
    <tag k="ele" v="-0.005"/>
  </node>
  <node id="509" lat="" lon="">
    <tag k="mgrs_code" v="99XXX000000"/>
    <tag k="local_x" v="11.2005"/>
    <tag k="local_y" v="27.2997"/>
    <tag k="ele" v="-0.005"/>
  </node>
  <node id="510" lat="" lon="">
    <tag k="mgrs_code" v="99XXX000000"/>
    <tag k="local_x" v="11.652"/>
    <tag k="local_y" v="26.9775"/>
    <tag k="ele" v="-0.005"/>
  </node>
  <node id="511" lat="" lon="">
    <tag k="mgrs_code" v="99XXX000000"/>
    <tag k="local_x" v="12.0886"/>
    <tag k="local_y" v="26.6354"/>
    <tag k="ele" v="-0.005"/>
  </node>
  <node id="512" lat="" lon="">
    <tag k="mgrs_code" v="99XXX000000"/>
    <tag k="local_x" v="12.5093"/>
    <tag k="local_y" v="26.274"/>
    <tag k="ele" v="-0.005"/>
  </node>
  <node id="513" lat="" lon="">
    <tag k="mgrs_code" v="99XXX000000"/>
    <tag k="local_x" v="12.9134"/>
    <tag k="local_y" v="25.8941"/>
    <tag k="ele" v="-0.005"/>
  </node>
  <node id="514" lat="" lon="">
    <tag k="mgrs_code" v="99XXX000000"/>
    <tag k="local_x" v="13.2999"/>
    <tag k="local_y" v="25.4965"/>
    <tag k="ele" v="-0.005"/>
  </node>
  <node id="515" lat="" lon="">
    <tag k="mgrs_code" v="99XXX000000"/>
    <tag k="local_x" v="13.6682"/>
    <tag k="local_y" v="25.082"/>
    <tag k="ele" v="-0.005"/>
  </node>
  <node id="516" lat="" lon="">
    <tag k="mgrs_code" v="99XXX000000"/>
    <tag k="local_x" v="14.0175"/>
    <tag k="local_y" v="24.6514"/>
    <tag k="ele" v="-0.005"/>
  </node>
  <node id="517" lat="" lon="">
    <tag k="mgrs_code" v="99XXX000000"/>
    <tag k="local_x" v="14.347"/>
    <tag k="local_y" v="24.2056"/>
    <tag k="ele" v="-0.005"/>
  </node>
  <node id="518" lat="" lon="">
    <tag k="mgrs_code" v="99XXX000000"/>
    <tag k="local_x" v="14.6561"/>
    <tag k="local_y" v="23.7454"/>
    <tag k="ele" v="-0.005"/>
  </node>
  <node id="519" lat="" lon="">
    <tag k="mgrs_code" v="99XXX000000"/>
    <tag k="local_x" v="14.9443"/>
    <tag k="local_y" v="23.2719"/>
    <tag k="ele" v="-0.005"/>
  </node>
  <node id="520" lat="" lon="">
    <tag k="mgrs_code" v="99XXX000000"/>
    <tag k="local_x" v="15.2109"/>
    <tag k="local_y" v="22.786"/>
    <tag k="ele" v="-0.005"/>
  </node>
  <node id="521" lat="" lon="">
    <tag k="mgrs_code" v="99XXX000000"/>
    <tag k="local_x" v="15.4553"/>
    <tag k="local_y" v="22.2886"/>
    <tag k="ele" v="-0.005"/>
  </node>
  <node id="522" lat="" lon="">
    <tag k="mgrs_code" v="99XXX000000"/>
    <tag k="local_x" v="15.6772"/>
    <tag k="local_y" v="21.7808"/>
    <tag k="ele" v="-0.005"/>
  </node>
  <node id="523" lat="" lon="">
    <tag k="mgrs_code" v="99XXX000000"/>
    <tag k="local_x" v="15.876"/>
    <tag k="local_y" v="21.2636"/>
    <tag k="ele" v="-0.005"/>
  </node>
  <node id="524" lat="" lon="">
    <tag k="mgrs_code" v="99XXX000000"/>
    <tag k="local_x" v="16.0514"/>
    <tag k="local_y" v="20.7381"/>
    <tag k="ele" v="-0.005"/>
  </node>
  <node id="525" lat="" lon="">
    <tag k="mgrs_code" v="99XXX000000"/>
    <tag k="local_x" v="16.203"/>
    <tag k="local_y" v="20.2052"/>
    <tag k="ele" v="-0.005"/>
  </node>
  <node id="526" lat="" lon="">
    <tag k="mgrs_code" v="99XXX000000"/>
    <tag k="local_x" v="16.3304"/>
    <tag k="local_y" v="19.6661"/>
    <tag k="ele" v="-0.005"/>
  </node>
  <node id="527" lat="" lon="">
    <tag k="mgrs_code" v="99XXX000000"/>
    <tag k="local_x" v="16.4336"/>
    <tag k="local_y" v="19.1219"/>
    <tag k="ele" v="-0.005"/>
  </node>
  <node id="528" lat="" lon="">
    <tag k="mgrs_code" v="99XXX000000"/>
    <tag k="local_x" v="16.5122"/>
    <tag k="local_y" v="18.5736"/>
    <tag k="ele" v="-0.005"/>
  </node>
  <node id="529" lat="" lon="">
    <tag k="mgrs_code" v="99XXX000000"/>
    <tag k="local_x" v="16.5632"/>
    <tag k="local_y" v="18.0545"/>
    <tag k="ele" v="-0.005"/>
  </node>
  <node id="530" lat="" lon="">
    <tag k="mgrs_code" v="99XXX000000"/>
    <tag k="local_x" v="4.7725"/>
    <tag k="local_y" v="26.4967"/>
    <tag k="ele" v="-0.005"/>
  </node>
  <node id="531" lat="" lon="">
    <tag k="mgrs_code" v="99XXX000000"/>
    <tag k="local_x" v="5.2278"/>
    <tag k="local_y" v="26.4621"/>
    <tag k="ele" v="-0.005"/>
  </node>
  <node id="532" lat="" lon="">
    <tag k="mgrs_code" v="99XXX000000"/>
    <tag k="local_x" v="5.6486"/>
    <tag k="local_y" v="26.4109"/>
    <tag k="ele" v="-0.005"/>
  </node>
  <node id="533" lat="" lon="">
    <tag k="mgrs_code" v="99XXX000000"/>
    <tag k="local_x" v="6.0667"/>
    <tag k="local_y" v="26.3408"/>
    <tag k="ele" v="-0.005"/>
  </node>
  <node id="534" lat="" lon="">
    <tag k="mgrs_code" v="99XXX000000"/>
    <tag k="local_x" v="6.4812"/>
    <tag k="local_y" v="26.252"/>
    <tag k="ele" v="-0.005"/>
  </node>
  <node id="535" lat="" lon="">
    <tag k="mgrs_code" v="99XXX000000"/>
    <tag k="local_x" v="6.8914"/>
    <tag k="local_y" v="26.1446"/>
    <tag k="ele" v="-0.005"/>
  </node>
  <node id="536" lat="" lon="">
    <tag k="mgrs_code" v="99XXX000000"/>
    <tag k="local_x" v="7.2964"/>
    <tag k="local_y" v="26.019"/>
    <tag k="ele" v="-0.005"/>
  </node>
  <node id="537" lat="" lon="">
    <tag k="mgrs_code" v="99XXX000000"/>
    <tag k="local_x" v="7.6954"/>
    <tag k="local_y" v="25.8752"/>
    <tag k="ele" v="-0.005"/>
  </node>
  <node id="538" lat="" lon="">
    <tag k="mgrs_code" v="99XXX000000"/>
    <tag k="local_x" v="8.0876"/>
    <tag k="local_y" v="25.7137"/>
    <tag k="ele" v="-0.005"/>
  </node>
  <node id="539" lat="" lon="">
    <tag k="mgrs_code" v="99XXX000000"/>
    <tag k="local_x" v="8.4721"/>
    <tag k="local_y" v="25.5347"/>
    <tag k="ele" v="-0.005"/>
  </node>
  <node id="540" lat="" lon="">
    <tag k="mgrs_code" v="99XXX000000"/>
    <tag k="local_x" v="8.8483"/>
    <tag k="local_y" v="25.3385"/>
    <tag k="ele" v="-0.005"/>
  </node>
  <node id="541" lat="" lon="">
    <tag k="mgrs_code" v="99XXX000000"/>
    <tag k="local_x" v="9.2154"/>
    <tag k="local_y" v="25.1257"/>
    <tag k="ele" v="-0.005"/>
  </node>
  <node id="542" lat="" lon="">
    <tag k="mgrs_code" v="99XXX000000"/>
    <tag k="local_x" v="9.5725"/>
    <tag k="local_y" v="24.8965"/>
    <tag k="ele" v="-0.005"/>
  </node>
  <node id="543" lat="" lon="">
    <tag k="mgrs_code" v="99XXX000000"/>
    <tag k="local_x" v="9.919"/>
    <tag k="local_y" v="24.6516"/>
    <tag k="ele" v="-0.005"/>
  </node>
  <node id="544" lat="" lon="">
    <tag k="mgrs_code" v="99XXX000000"/>
    <tag k="local_x" v="10.2543"/>
    <tag k="local_y" v="24.3912"/>
    <tag k="ele" v="-0.005"/>
  </node>
  <node id="545" lat="" lon="">
    <tag k="mgrs_code" v="99XXX000000"/>
    <tag k="local_x" v="10.5775"/>
    <tag k="local_y" v="24.1161"/>
    <tag k="ele" v="-0.005"/>
  </node>
  <node id="546" lat="" lon="">
    <tag k="mgrs_code" v="99XXX000000"/>
    <tag k="local_x" v="10.8881"/>
    <tag k="local_y" v="23.8267"/>
    <tag k="ele" v="-0.005"/>
  </node>
  <node id="547" lat="" lon="">
    <tag k="mgrs_code" v="99XXX000000"/>
    <tag k="local_x" v="11.1854"/>
    <tag k="local_y" v="23.5236"/>
    <tag k="ele" v="-0.005"/>
  </node>
  <node id="548" lat="" lon="">
    <tag k="mgrs_code" v="99XXX000000"/>
    <tag k="local_x" v="11.4688"/>
    <tag k="local_y" v="23.2074"/>
    <tag k="ele" v="-0.005"/>
  </node>
  <node id="549" lat="" lon="">
    <tag k="mgrs_code" v="99XXX000000"/>
    <tag k="local_x" v="11.7378"/>
    <tag k="local_y" v="22.8788"/>
    <tag k="ele" v="-0.005"/>
  </node>
  <node id="550" lat="" lon="">
    <tag k="mgrs_code" v="99XXX000000"/>
    <tag k="local_x" v="11.9918"/>
    <tag k="local_y" v="22.5383"/>
    <tag k="ele" v="-0.005"/>
  </node>
  <node id="551" lat="" lon="">
    <tag k="mgrs_code" v="99XXX000000"/>
    <tag k="local_x" v="12.2303"/>
    <tag k="local_y" v="22.1868"/>
    <tag k="ele" v="-0.005"/>
  </node>
  <node id="552" lat="" lon="">
    <tag k="mgrs_code" v="99XXX000000"/>
    <tag k="local_x" v="12.4527"/>
    <tag k="local_y" v="21.8249"/>
    <tag k="ele" v="-0.005"/>
  </node>
  <node id="553" lat="" lon="">
    <tag k="mgrs_code" v="99XXX000000"/>
    <tag k="local_x" v="12.6587"/>
    <tag k="local_y" v="21.4533"/>
    <tag k="ele" v="-0.005"/>
  </node>
  <node id="554" lat="" lon="">
    <tag k="mgrs_code" v="99XXX000000"/>
    <tag k="local_x" v="12.8478"/>
    <tag k="local_y" v="21.0728"/>
    <tag k="ele" v="-0.005"/>
  </node>
  <node id="555" lat="" lon="">
    <tag k="mgrs_code" v="99XXX000000"/>
    <tag k="local_x" v="13.0197"/>
    <tag k="local_y" v="20.6842"/>
    <tag k="ele" v="-0.005"/>
  </node>
  <node id="556" lat="" lon="">
    <tag k="mgrs_code" v="99XXX000000"/>
    <tag k="local_x" v="13.174"/>
    <tag k="local_y" v="20.2881"/>
    <tag k="ele" v="-0.005"/>
  </node>
  <node id="557" lat="" lon="">
    <tag k="mgrs_code" v="99XXX000000"/>
    <tag k="local_x" v="13.3103"/>
    <tag k="local_y" v="19.8855"/>
    <tag k="ele" v="-0.005"/>
  </node>
  <node id="558" lat="" lon="">
    <tag k="mgrs_code" v="99XXX000000"/>
    <tag k="local_x" v="13.4284"/>
    <tag k="local_y" v="19.4772"/>
    <tag k="ele" v="-0.005"/>
  </node>
  <node id="559" lat="" lon="">
    <tag k="mgrs_code" v="99XXX000000"/>
    <tag k="local_x" v="13.5281"/>
    <tag k="local_y" v="19.0639"/>
    <tag k="ele" v="-0.005"/>
  </node>
  <node id="560" lat="" lon="">
    <tag k="mgrs_code" v="99XXX000000"/>
    <tag k="local_x" v="13.6092"/>
    <tag k="local_y" v="18.6465"/>
    <tag k="ele" v="-0.005"/>
  </node>
  <node id="561" lat="" lon="">
    <tag k="mgrs_code" v="99XXX000000"/>
    <tag k="local_x" v="13.6714"/>
    <tag k="local_y" v="18.2258"/>
    <tag k="ele" v="-0.005"/>
  </node>
  <node id="562" lat="" lon="">
    <tag k="mgrs_code" v="99XXX000000"/>
    <tag k="local_x" v="13.7175"/>
    <tag k="local_y" v="17.7707"/>
    <tag k="ele" v="-0.005"/>
  </node>
  <node id="566" lat="" lon="">
    <tag k="mgrs_code" v="99XXX0-1000"/>
    <tag k="local_x" v="-37.365"/>
    <tag k="local_y" v="16.3077"/>
    <tag k="ele" v="-0.0083"/>
  </node>
  <node id="567" lat="" lon="">
    <tag k="mgrs_code" v="99XXX0-1000"/>
    <tag k="local_x" v="-37.4342"/>
    <tag k="local_y" v="20.1892"/>
    <tag k="ele" v="-0.0045"/>
  </node>
  <node id="569" lat="" lon="">
    <tag k="mgrs_code" v="99XXX0-1000"/>
    <tag k="local_x" v="-40.3566"/>
    <tag k="local_y" v="16.346"/>
    <tag k="ele" v="-0.0088"/>
  </node>
  <node id="570" lat="" lon="">
    <tag k="mgrs_code" v="99XXX0-1000"/>
    <tag k="local_x" v="-40.3069"/>
    <tag k="local_y" v="20.1307"/>
    <tag k="ele" v="-0.01"/>
  </node>
  <node id="572" lat="" lon="">
    <tag k="mgrs_code" v="99XXX0-1000"/>
    <tag k="local_x" v="-43.2527"/>
    <tag k="local_y" v="16.3459"/>
    <tag k="ele" v="-0.01"/>
  </node>
  <node id="573" lat="" lon="">
    <tag k="mgrs_code" v="99XXX0-1000"/>
    <tag k="local_x" v="-43.2421"/>
    <tag k="local_y" v="20.2306"/>
    <tag k="ele" v="-0.01"/>
  </node>
  <node id="577" lat="" lon="">
    <tag k="mgrs_code" v="99XXX0-1000"/>
    <tag k="local_x" v="-30.7762"/>
    <tag k="local_y" v="26.4354"/>
    <tag k="ele" v="-0.0038"/>
  </node>
  <node id="578" lat="" lon="">
    <tag k="mgrs_code" v="99XXX0-1000"/>
    <tag k="local_x" v="-29.8878"/>
    <tag k="local_y" v="26.491"/>
    <tag k="ele" v="-0.0038"/>
  </node>
  <node id="580" lat="" lon="">
    <tag k="mgrs_code" v="99XXX0-1000"/>
    <tag k="local_x" v="-31.4944"/>
    <tag k="local_y" v="29.3403"/>
    <tag k="ele" v="-0.01"/>
  </node>
  <node id="581" lat="" lon="">
    <tag k="mgrs_code" v="99XXX0-1000"/>
    <tag k="local_x" v="-29.8913"/>
    <tag k="local_y" v="29.4437"/>
    <tag k="ele" v="-0.0043"/>
  </node>
  <node id="583" lat="" lon="">
    <tag k="mgrs_code" v="99XXX0-1000"/>
    <tag k="local_x" v="-30.1425"/>
    <tag k="local_y" v="32.4178"/>
    <tag k="ele" v="-0.01"/>
  </node>
  <node id="584" lat="" lon="">
    <tag k="mgrs_code" v="99XXX0-1000"/>
    <tag k="local_x" v="-31.6954"/>
    <tag k="local_y" v="32.3873"/>
    <tag k="ele" v="-0.01"/>
  </node>
  <node id="588" lat="" lon="">
    <tag k="mgrs_code" v="99XXX0-1000"/>
    <tag k="local_x" v="-31.9137"/>
    <tag k="local_y" v="29.3144"/>
    <tag k="ele" v="-0.01"/>
  </node>
  <node id="589" lat="" lon="">
    <tag k="mgrs_code" v="99XXX0-1000"/>
    <tag k="local_x" v="-32.3657"/>
    <tag k="local_y" v="29.2661"/>
    <tag k="ele" v="-0.01"/>
  </node>
  <node id="590" lat="" lon="">
    <tag k="mgrs_code" v="99XXX0-1000"/>
    <tag k="local_x" v="-32.7803"/>
    <tag k="local_y" v="29.2022"/>
    <tag k="ele" v="-0.01"/>
  </node>
  <node id="591" lat="" lon="">
    <tag k="mgrs_code" v="99XXX0-1000"/>
    <tag k="local_x" v="-33.1916"/>
    <tag k="local_y" v="29.1191"/>
    <tag k="ele" v="-0.01"/>
  </node>
  <node id="592" lat="" lon="">
    <tag k="mgrs_code" v="99XXX0-1000"/>
    <tag k="local_x" v="-33.5987"/>
    <tag k="local_y" v="29.0172"/>
    <tag k="ele" v="-0.01"/>
  </node>
  <node id="593" lat="" lon="">
    <tag k="mgrs_code" v="99XXX0-1000"/>
    <tag k="local_x" v="-34.0008"/>
    <tag k="local_y" v="28.8966"/>
    <tag k="ele" v="-0.01"/>
  </node>
  <node id="594" lat="" lon="">
    <tag k="mgrs_code" v="99XXX0-1000"/>
    <tag k="local_x" v="-34.397"/>
    <tag k="local_y" v="28.7577"/>
    <tag k="ele" v="-0.01"/>
  </node>
  <node id="595" lat="" lon="">
    <tag k="mgrs_code" v="99XXX0-1000"/>
    <tag k="local_x" v="-34.7864"/>
    <tag k="local_y" v="28.6005"/>
    <tag k="ele" v="-0.01"/>
  </node>
  <node id="596" lat="" lon="">
    <tag k="mgrs_code" v="99XXX0-1000"/>
    <tag k="local_x" v="-35.1683"/>
    <tag k="local_y" v="28.4256"/>
    <tag k="ele" v="-0.01"/>
  </node>
  <node id="597" lat="" lon="">
    <tag k="mgrs_code" v="99XXX0-1000"/>
    <tag k="local_x" v="-35.5418"/>
    <tag k="local_y" v="28.2332"/>
    <tag k="ele" v="-0.01"/>
  </node>
  <node id="598" lat="" lon="">
    <tag k="mgrs_code" v="99XXX0-1000"/>
    <tag k="local_x" v="-35.9061"/>
    <tag k="local_y" v="28.0238"/>
    <tag k="ele" v="-0.01"/>
  </node>
  <node id="599" lat="" lon="">
    <tag k="mgrs_code" v="99XXX0-1000"/>
    <tag k="local_x" v="-36.2604"/>
    <tag k="local_y" v="27.7978"/>
    <tag k="ele" v="-0.01"/>
  </node>
  <node id="600" lat="" lon="">
    <tag k="mgrs_code" v="99XXX0-1000"/>
    <tag k="local_x" v="-36.604"/>
    <tag k="local_y" v="27.5556"/>
    <tag k="ele" v="-0.01"/>
  </node>
  <node id="601" lat="" lon="">
    <tag k="mgrs_code" v="99XXX0-1000"/>
    <tag k="local_x" v="-36.9362"/>
    <tag k="local_y" v="27.2978"/>
    <tag k="ele" v="-0.01"/>
  </node>
  <node id="602" lat="" lon="">
    <tag k="mgrs_code" v="99XXX0-1000"/>
    <tag k="local_x" v="-37.2562"/>
    <tag k="local_y" v="27.025"/>
    <tag k="ele" v="-0.01"/>
  </node>
  <node id="603" lat="" lon="">
    <tag k="mgrs_code" v="99XXX0-1000"/>
    <tag k="local_x" v="-37.5634"/>
    <tag k="local_y" v="26.7376"/>
    <tag k="ele" v="-0.01"/>
  </node>
  <node id="604" lat="" lon="">
    <tag k="mgrs_code" v="99XXX0-1000"/>
    <tag k="local_x" v="-37.8571"/>
    <tag k="local_y" v="26.4363"/>
    <tag k="ele" v="-0.01"/>
  </node>
  <node id="605" lat="" lon="">
    <tag k="mgrs_code" v="99XXX0-1000"/>
    <tag k="local_x" v="-38.1366"/>
    <tag k="local_y" v="26.1217"/>
    <tag k="ele" v="-0.01"/>
  </node>
  <node id="606" lat="" lon="">
    <tag k="mgrs_code" v="99XXX0-1000"/>
    <tag k="local_x" v="-38.4014"/>
    <tag k="local_y" v="25.7946"/>
    <tag k="ele" v="-0.01"/>
  </node>
  <node id="607" lat="" lon="">
    <tag k="mgrs_code" v="99XXX0-1000"/>
    <tag k="local_x" v="-38.6509"/>
    <tag k="local_y" v="25.4555"/>
    <tag k="ele" v="-0.01"/>
  </node>
  <node id="608" lat="" lon="">
    <tag k="mgrs_code" v="99XXX0-1000"/>
    <tag k="local_x" v="-38.8846"/>
    <tag k="local_y" v="25.1052"/>
    <tag k="ele" v="-0.01"/>
  </node>
  <node id="609" lat="" lon="">
    <tag k="mgrs_code" v="99XXX0-1000"/>
    <tag k="local_x" v="-39.1019"/>
    <tag k="local_y" v="24.7445"/>
    <tag k="ele" v="-0.01"/>
  </node>
  <node id="610" lat="" lon="">
    <tag k="mgrs_code" v="99XXX0-1000"/>
    <tag k="local_x" v="-39.3025"/>
    <tag k="local_y" v="24.374"/>
    <tag k="ele" v="-0.01"/>
  </node>
  <node id="611" lat="" lon="">
    <tag k="mgrs_code" v="99XXX0-1000"/>
    <tag k="local_x" v="-39.4857"/>
    <tag k="local_y" v="23.9946"/>
    <tag k="ele" v="-0.01"/>
  </node>
  <node id="612" lat="" lon="">
    <tag k="mgrs_code" v="99XXX0-1000"/>
    <tag k="local_x" v="-39.6514"/>
    <tag k="local_y" v="23.6071"/>
    <tag k="ele" v="-0.01"/>
  </node>
  <node id="613" lat="" lon="">
    <tag k="mgrs_code" v="99XXX0-1000"/>
    <tag k="local_x" v="-39.7991"/>
    <tag k="local_y" v="23.2123"/>
    <tag k="ele" v="-0.01"/>
  </node>
  <node id="614" lat="" lon="">
    <tag k="mgrs_code" v="99XXX0-1000"/>
    <tag k="local_x" v="-39.9284"/>
    <tag k="local_y" v="22.8111"/>
    <tag k="ele" v="-0.01"/>
  </node>
  <node id="615" lat="" lon="">
    <tag k="mgrs_code" v="99XXX0-1000"/>
    <tag k="local_x" v="-40.0391"/>
    <tag k="local_y" v="22.4042"/>
    <tag k="ele" v="-0.01"/>
  </node>
  <node id="616" lat="" lon="">
    <tag k="mgrs_code" v="99XXX0-1000"/>
    <tag k="local_x" v="-40.131"/>
    <tag k="local_y" v="21.9926"/>
    <tag k="ele" v="-0.01"/>
  </node>
  <node id="617" lat="" lon="">
    <tag k="mgrs_code" v="99XXX0-1000"/>
    <tag k="local_x" v="-40.2039"/>
    <tag k="local_y" v="21.577"/>
    <tag k="ele" v="-0.01"/>
  </node>
  <node id="618" lat="" lon="">
    <tag k="mgrs_code" v="99XXX0-1000"/>
    <tag k="local_x" v="-40.2576"/>
    <tag k="local_y" v="21.1585"/>
    <tag k="ele" v="-0.01"/>
  </node>
  <node id="619" lat="" lon="">
    <tag k="mgrs_code" v="99XXX0-1000"/>
    <tag k="local_x" v="-40.2941"/>
    <tag k="local_y" v="20.7041"/>
    <tag k="ele" v="-0.01"/>
  </node>
  <node id="620" lat="" lon="">
    <tag k="mgrs_code" v="99XXX0-1000"/>
    <tag k="local_x" v="-32.2535"/>
    <tag k="local_y" v="32.3491"/>
    <tag k="ele" v="-0.01"/>
  </node>
  <node id="621" lat="" lon="">
    <tag k="mgrs_code" v="99XXX0-1000"/>
    <tag k="local_x" v="-32.7748"/>
    <tag k="local_y" v="32.2884"/>
    <tag k="ele" v="-0.01"/>
  </node>
  <node id="622" lat="" lon="">
    <tag k="mgrs_code" v="99XXX0-1000"/>
    <tag k="local_x" v="-33.3275"/>
    <tag k="local_y" v="32.1987"/>
    <tag k="ele" v="-0.01"/>
  </node>
  <node id="623" lat="" lon="">
    <tag k="mgrs_code" v="99XXX0-1000"/>
    <tag k="local_x" v="-33.8754"/>
    <tag k="local_y" v="32.0836"/>
    <tag k="ele" v="-0.01"/>
  </node>
  <node id="624" lat="" lon="">
    <tag k="mgrs_code" v="99XXX0-1000"/>
    <tag k="local_x" v="-34.4174"/>
    <tag k="local_y" v="31.9434"/>
    <tag k="ele" v="-0.01"/>
  </node>
  <node id="625" lat="" lon="">
    <tag k="mgrs_code" v="99XXX0-1000"/>
    <tag k="local_x" v="-34.9522"/>
    <tag k="local_y" v="31.7785"/>
    <tag k="ele" v="-0.01"/>
  </node>
  <node id="626" lat="" lon="">
    <tag k="mgrs_code" v="99XXX0-1000"/>
    <tag k="local_x" v="-35.4787"/>
    <tag k="local_y" v="31.5891"/>
    <tag k="ele" v="-0.01"/>
  </node>
  <node id="627" lat="" lon="">
    <tag k="mgrs_code" v="99XXX0-1000"/>
    <tag k="local_x" v="-35.9959"/>
    <tag k="local_y" v="31.3757"/>
    <tag k="ele" v="-0.01"/>
  </node>
  <node id="628" lat="" lon="">
    <tag k="mgrs_code" v="99XXX0-1000"/>
    <tag k="local_x" v="-36.5027"/>
    <tag k="local_y" v="31.1387"/>
    <tag k="ele" v="-0.01"/>
  </node>
  <node id="629" lat="" lon="">
    <tag k="mgrs_code" v="99XXX0-1000"/>
    <tag k="local_x" v="-36.9979"/>
    <tag k="local_y" v="30.8787"/>
    <tag k="ele" v="-0.01"/>
  </node>
  <node id="630" lat="" lon="">
    <tag k="mgrs_code" v="99XXX0-1000"/>
    <tag k="local_x" v="-37.4806"/>
    <tag k="local_y" v="30.5962"/>
    <tag k="ele" v="-0.01"/>
  </node>
  <node id="631" lat="" lon="">
    <tag k="mgrs_code" v="99XXX0-1000"/>
    <tag k="local_x" v="-37.9496"/>
    <tag k="local_y" v="30.2918"/>
    <tag k="ele" v="-0.01"/>
  </node>
  <node id="632" lat="" lon="">
    <tag k="mgrs_code" v="99XXX0-1000"/>
    <tag k="local_x" v="-38.4041"/>
    <tag k="local_y" v="29.9661"/>
    <tag k="ele" v="-0.01"/>
  </node>
  <node id="633" lat="" lon="">
    <tag k="mgrs_code" v="99XXX0-1000"/>
    <tag k="local_x" v="-38.843"/>
    <tag k="local_y" v="29.62"/>
    <tag k="ele" v="-0.01"/>
  </node>
  <node id="634" lat="" lon="">
    <tag k="mgrs_code" v="99XXX0-1000"/>
    <tag k="local_x" v="-39.2654"/>
    <tag k="local_y" v="29.254"/>
    <tag k="ele" v="-0.01"/>
  </node>
  <node id="635" lat="" lon="">
    <tag k="mgrs_code" v="99XXX0-1000"/>
    <tag k="local_x" v="-39.6704"/>
    <tag k="local_y" v="28.8691"/>
    <tag k="ele" v="-0.01"/>
  </node>
  <node id="636" lat="" lon="">
    <tag k="mgrs_code" v="99XXX0-1000"/>
    <tag k="local_x" v="-40.0573"/>
    <tag k="local_y" v="28.4659"/>
    <tag k="ele" v="-0.01"/>
  </node>
  <node id="637" lat="" lon="">
    <tag k="mgrs_code" v="99XXX0-1000"/>
    <tag k="local_x" v="-40.4251"/>
    <tag k="local_y" v="28.0455"/>
    <tag k="ele" v="-0.01"/>
  </node>
  <node id="638" lat="" lon="">
    <tag k="mgrs_code" v="99XXX0-1000"/>
    <tag k="local_x" v="-40.7731"/>
    <tag k="local_y" v="27.6086"/>
    <tag k="ele" v="-0.01"/>
  </node>
  <node id="639" lat="" lon="">
    <tag k="mgrs_code" v="99XXX0-1000"/>
    <tag k="local_x" v="-41.1005"/>
    <tag k="local_y" v="27.1562"/>
    <tag k="ele" v="-0.01"/>
  </node>
  <node id="640" lat="" lon="">
    <tag k="mgrs_code" v="99XXX0-1000"/>
    <tag k="local_x" v="-41.4067"/>
    <tag k="local_y" v="26.6892"/>
    <tag k="ele" v="-0.01"/>
  </node>
  <node id="641" lat="" lon="">
    <tag k="mgrs_code" v="99XXX0-1000"/>
    <tag k="local_x" v="-41.6911"/>
    <tag k="local_y" v="26.2088"/>
    <tag k="ele" v="-0.01"/>
  </node>
  <node id="642" lat="" lon="">
    <tag k="mgrs_code" v="99XXX0-1000"/>
    <tag k="local_x" v="-41.953"/>
    <tag k="local_y" v="25.7158"/>
    <tag k="ele" v="-0.01"/>
  </node>
  <node id="643" lat="" lon="">
    <tag k="mgrs_code" v="99XXX0-1000"/>
    <tag k="local_x" v="-42.1918"/>
    <tag k="local_y" v="25.2114"/>
    <tag k="ele" v="-0.01"/>
  </node>
  <node id="644" lat="" lon="">
    <tag k="mgrs_code" v="99XXX0-1000"/>
    <tag k="local_x" v="-42.4071"/>
    <tag k="local_y" v="24.6966"/>
    <tag k="ele" v="-0.01"/>
  </node>
  <node id="645" lat="" lon="">
    <tag k="mgrs_code" v="99XXX0-1000"/>
    <tag k="local_x" v="-42.5985"/>
    <tag k="local_y" v="24.1725"/>
    <tag k="ele" v="-0.01"/>
  </node>
  <node id="646" lat="" lon="">
    <tag k="mgrs_code" v="99XXX0-1000"/>
    <tag k="local_x" v="-42.7655"/>
    <tag k="local_y" v="23.6402"/>
    <tag k="ele" v="-0.01"/>
  </node>
  <node id="647" lat="" lon="">
    <tag k="mgrs_code" v="99XXX0-1000"/>
    <tag k="local_x" v="-42.9077"/>
    <tag k="local_y" v="23.1009"/>
    <tag k="ele" v="-0.01"/>
  </node>
  <node id="648" lat="" lon="">
    <tag k="mgrs_code" v="99XXX0-1000"/>
    <tag k="local_x" v="-43.025"/>
    <tag k="local_y" v="22.5556"/>
    <tag k="ele" v="-0.01"/>
  </node>
  <node id="649" lat="" lon="">
    <tag k="mgrs_code" v="99XXX0-1000"/>
    <tag k="local_x" v="-43.117"/>
    <tag k="local_y" v="22.0057"/>
    <tag k="ele" v="-0.01"/>
  </node>
  <node id="650" lat="" lon="">
    <tag k="mgrs_code" v="99XXX0-1000"/>
    <tag k="local_x" v="-43.1835"/>
    <tag k="local_y" v="21.4522"/>
    <tag k="ele" v="-0.01"/>
  </node>
  <node id="651" lat="" lon="">
    <tag k="mgrs_code" v="99XXX0-1000"/>
    <tag k="local_x" v="-43.2223"/>
    <tag k="local_y" v="20.93"/>
    <tag k="ele" v="-0.01"/>
  </node>
  <node id="655" lat="" lon="">
    <tag k="mgrs_code" v="99XXX0-1000"/>
    <tag k="local_x" v="-40.2872"/>
    <tag k="local_y" v="20.7751"/>
    <tag k="ele" v="-0.0072"/>
  </node>
  <node id="656" lat="" lon="">
    <tag k="mgrs_code" v="99XXX0-1000"/>
    <tag k="local_x" v="-40.2407"/>
    <tag k="local_y" v="21.3019"/>
    <tag k="ele" v="-0.0072"/>
  </node>
  <node id="657" lat="" lon="">
    <tag k="mgrs_code" v="99XXX0-1000"/>
    <tag k="local_x" v="-40.1549"/>
    <tag k="local_y" v="21.8697"/>
    <tag k="ele" v="-0.0072"/>
  </node>
  <node id="658" lat="" lon="">
    <tag k="mgrs_code" v="99XXX0-1000"/>
    <tag k="local_x" v="-40.0335"/>
    <tag k="local_y" v="22.4311"/>
    <tag k="ele" v="-0.0072"/>
  </node>
  <node id="659" lat="" lon="">
    <tag k="mgrs_code" v="99XXX0-1000"/>
    <tag k="local_x" v="-39.877"/>
    <tag k="local_y" v="22.9839"/>
    <tag k="ele" v="-0.0072"/>
  </node>
  <node id="660" lat="" lon="">
    <tag k="mgrs_code" v="99XXX0-1000"/>
    <tag k="local_x" v="-39.6861"/>
    <tag k="local_y" v="23.526"/>
    <tag k="ele" v="-0.0072"/>
  </node>
  <node id="661" lat="" lon="">
    <tag k="mgrs_code" v="99XXX0-1000"/>
    <tag k="local_x" v="-39.4613"/>
    <tag k="local_y" v="24.0552"/>
    <tag k="ele" v="-0.0072"/>
  </node>
  <node id="662" lat="" lon="">
    <tag k="mgrs_code" v="99XXX0-1000"/>
    <tag k="local_x" v="-39.2037"/>
    <tag k="local_y" v="24.5693"/>
    <tag k="ele" v="-0.0072"/>
  </node>
  <node id="663" lat="" lon="">
    <tag k="mgrs_code" v="99XXX0-1000"/>
    <tag k="local_x" v="-38.9142"/>
    <tag k="local_y" v="25.0664"/>
    <tag k="ele" v="-0.0072"/>
  </node>
  <node id="664" lat="" lon="">
    <tag k="mgrs_code" v="99XXX0-1000"/>
    <tag k="local_x" v="-38.5939"/>
    <tag k="local_y" v="25.5445"/>
    <tag k="ele" v="-0.0072"/>
  </node>
  <node id="665" lat="" lon="">
    <tag k="mgrs_code" v="99XXX0-1000"/>
    <tag k="local_x" v="-38.2441"/>
    <tag k="local_y" v="26.0015"/>
    <tag k="ele" v="-0.0072"/>
  </node>
  <node id="666" lat="" lon="">
    <tag k="mgrs_code" v="99XXX0-1000"/>
    <tag k="local_x" v="-37.8661"/>
    <tag k="local_y" v="26.4359"/>
    <tag k="ele" v="-0.0072"/>
  </node>
  <node id="667" lat="" lon="">
    <tag k="mgrs_code" v="99XXX0-1000"/>
    <tag k="local_x" v="-37.4615"/>
    <tag k="local_y" v="26.8457"/>
    <tag k="ele" v="-0.0072"/>
  </node>
  <node id="668" lat="" lon="">
    <tag k="mgrs_code" v="99XXX0-1000"/>
    <tag k="local_x" v="-37.0318"/>
    <tag k="local_y" v="27.2294"/>
    <tag k="ele" v="-0.0072"/>
  </node>
  <node id="669" lat="" lon="">
    <tag k="mgrs_code" v="99XXX0-1000"/>
    <tag k="local_x" v="-36.5787"/>
    <tag k="local_y" v="27.5854"/>
    <tag k="ele" v="-0.0072"/>
  </node>
  <node id="670" lat="" lon="">
    <tag k="mgrs_code" v="99XXX0-1000"/>
    <tag k="local_x" v="-36.1039"/>
    <tag k="local_y" v="27.9124"/>
    <tag k="ele" v="-0.0072"/>
  </node>
  <node id="671" lat="" lon="">
    <tag k="mgrs_code" v="99XXX0-1000"/>
    <tag k="local_x" v="-35.6094"/>
    <tag k="local_y" v="28.2089"/>
    <tag k="ele" v="-0.0072"/>
  </node>
  <node id="672" lat="" lon="">
    <tag k="mgrs_code" v="99XXX0-1000"/>
    <tag k="local_x" v="-35.0971"/>
    <tag k="local_y" v="28.4739"/>
    <tag k="ele" v="-0.0072"/>
  </node>
  <node id="673" lat="" lon="">
    <tag k="mgrs_code" v="99XXX0-1000"/>
    <tag k="local_x" v="-34.569"/>
    <tag k="local_y" v="28.7062"/>
    <tag k="ele" v="-0.0072"/>
  </node>
  <node id="674" lat="" lon="">
    <tag k="mgrs_code" v="99XXX0-1000"/>
    <tag k="local_x" v="-34.0271"/>
    <tag k="local_y" v="28.9048"/>
    <tag k="ele" v="-0.0072"/>
  </node>
  <node id="675" lat="" lon="">
    <tag k="mgrs_code" v="99XXX0-1000"/>
    <tag k="local_x" v="-33.4737"/>
    <tag k="local_y" v="29.0691"/>
    <tag k="ele" v="-0.0072"/>
  </node>
  <node id="676" lat="" lon="">
    <tag k="mgrs_code" v="99XXX0-1000"/>
    <tag k="local_x" v="-32.9109"/>
    <tag k="local_y" v="29.1983"/>
    <tag k="ele" v="-0.0072"/>
  </node>
  <node id="677" lat="" lon="">
    <tag k="mgrs_code" v="99XXX0-1000"/>
    <tag k="local_x" v="-32.3875"/>
    <tag k="local_y" v="29.2853"/>
    <tag k="ele" v="-0.0072"/>
  </node>
  <node id="678" lat="" lon="">
    <tag k="mgrs_code" v="99XXX0-1000"/>
    <tag k="local_x" v="-37.426"/>
    <tag k="local_y" v="20.5117"/>
    <tag k="ele" v="-0.0072"/>
  </node>
  <node id="679" lat="" lon="">
    <tag k="mgrs_code" v="99XXX0-1000"/>
    <tag k="local_x" v="-37.3838"/>
    <tag k="local_y" v="20.948"/>
    <tag k="ele" v="-0.0072"/>
  </node>
  <node id="680" lat="" lon="">
    <tag k="mgrs_code" v="99XXX0-1000"/>
    <tag k="local_x" v="-37.3206"/>
    <tag k="local_y" v="21.3359"/>
    <tag k="ele" v="-0.0072"/>
  </node>
  <node id="681" lat="" lon="">
    <tag k="mgrs_code" v="99XXX0-1000"/>
    <tag k="local_x" v="-37.2331"/>
    <tag k="local_y" v="21.7189"/>
    <tag k="ele" v="-0.0072"/>
  </node>
  <node id="682" lat="" lon="">
    <tag k="mgrs_code" v="99XXX0-1000"/>
    <tag k="local_x" v="-37.1218"/>
    <tag k="local_y" v="22.0954"/>
    <tag k="ele" v="-0.0072"/>
  </node>
  <node id="683" lat="" lon="">
    <tag k="mgrs_code" v="99XXX0-1000"/>
    <tag k="local_x" v="-36.9871"/>
    <tag k="local_y" v="22.4641"/>
    <tag k="ele" v="-0.0072"/>
  </node>
  <node id="684" lat="" lon="">
    <tag k="mgrs_code" v="99XXX0-1000"/>
    <tag k="local_x" v="-36.8296"/>
    <tag k="local_y" v="22.8234"/>
    <tag k="ele" v="-0.0072"/>
  </node>
  <node id="685" lat="" lon="">
    <tag k="mgrs_code" v="99XXX0-1000"/>
    <tag k="local_x" v="-36.6498"/>
    <tag k="local_y" v="23.172"/>
    <tag k="ele" v="-0.0072"/>
  </node>
  <node id="686" lat="" lon="">
    <tag k="mgrs_code" v="99XXX0-1000"/>
    <tag k="local_x" v="-36.4486"/>
    <tag k="local_y" v="23.5084"/>
    <tag k="ele" v="-0.0072"/>
  </node>
  <node id="687" lat="" lon="">
    <tag k="mgrs_code" v="99XXX0-1000"/>
    <tag k="local_x" v="-36.2268"/>
    <tag k="local_y" v="23.8313"/>
    <tag k="ele" v="-0.0072"/>
  </node>
  <node id="688" lat="" lon="">
    <tag k="mgrs_code" v="99XXX0-1000"/>
    <tag k="local_x" v="-35.9852"/>
    <tag k="local_y" v="24.1396"/>
    <tag k="ele" v="-0.0072"/>
  </node>
  <node id="689" lat="" lon="">
    <tag k="mgrs_code" v="99XXX0-1000"/>
    <tag k="local_x" v="-35.7248"/>
    <tag k="local_y" v="24.4319"/>
    <tag k="ele" v="-0.0072"/>
  </node>
  <node id="690" lat="" lon="">
    <tag k="mgrs_code" v="99XXX0-1000"/>
    <tag k="local_x" v="-35.4466"/>
    <tag k="local_y" v="24.7071"/>
    <tag k="ele" v="-0.0072"/>
  </node>
  <node id="691" lat="" lon="">
    <tag k="mgrs_code" v="99XXX0-1000"/>
    <tag k="local_x" v="-35.1518"/>
    <tag k="local_y" v="24.9643"/>
    <tag k="ele" v="-0.0072"/>
  </node>
  <node id="692" lat="" lon="">
    <tag k="mgrs_code" v="99XXX0-1000"/>
    <tag k="local_x" v="-34.8416"/>
    <tag k="local_y" v="25.2022"/>
    <tag k="ele" v="-0.0072"/>
  </node>
  <node id="693" lat="" lon="">
    <tag k="mgrs_code" v="99XXX0-1000"/>
    <tag k="local_x" v="-34.5172"/>
    <tag k="local_y" v="25.4201"/>
    <tag k="ele" v="-0.0072"/>
  </node>
  <node id="694" lat="" lon="">
    <tag k="mgrs_code" v="99XXX0-1000"/>
    <tag k="local_x" v="-34.1799"/>
    <tag k="local_y" v="25.6171"/>
    <tag k="ele" v="-0.0072"/>
  </node>
  <node id="695" lat="" lon="">
    <tag k="mgrs_code" v="99XXX0-1000"/>
    <tag k="local_x" v="-33.831"/>
    <tag k="local_y" v="25.7924"/>
    <tag k="ele" v="-0.0072"/>
  </node>
  <node id="696" lat="" lon="">
    <tag k="mgrs_code" v="99XXX0-1000"/>
    <tag k="local_x" v="-33.4719"/>
    <tag k="local_y" v="25.9454"/>
    <tag k="ele" v="-0.0072"/>
  </node>
  <node id="697" lat="" lon="">
    <tag k="mgrs_code" v="99XXX0-1000"/>
    <tag k="local_x" v="-33.1041"/>
    <tag k="local_y" v="26.0755"/>
    <tag k="ele" v="-0.0072"/>
  </node>
  <node id="698" lat="" lon="">
    <tag k="mgrs_code" v="99XXX0-1000"/>
    <tag k="local_x" v="-32.729"/>
    <tag k="local_y" v="26.1821"/>
    <tag k="ele" v="-0.0072"/>
  </node>
  <node id="699" lat="" lon="">
    <tag k="mgrs_code" v="99XXX0-1000"/>
    <tag k="local_x" v="-32.3482"/>
    <tag k="local_y" v="26.2649"/>
    <tag k="ele" v="-0.0072"/>
  </node>
  <node id="700" lat="" lon="">
    <tag k="mgrs_code" v="99XXX0-1000"/>
    <tag k="local_x" v="-31.9164"/>
    <tag k="local_y" v="26.3302"/>
    <tag k="ele" v="-0.0072"/>
  </node>
  <node id="704" lat="" lon="">
    <tag k="mgrs_code" v="99XXX0-10-1"/>
    <tag k="local_x" v="-37.3516"/>
    <tag k="local_y" v="-18.3766"/>
    <tag k="ele" v="-0.0067"/>
  </node>
  <node id="705" lat="" lon="">
    <tag k="mgrs_code" v="99XXX0-10-1"/>
    <tag k="local_x" v="-37.3244"/>
    <tag k="local_y" v="-23.1692"/>
    <tag k="ele" v="-0.0042"/>
  </node>
  <node id="707" lat="" lon="">
    <tag k="mgrs_code" v="99XXX0-10-1"/>
    <tag k="local_x" v="-40.3287"/>
    <tag k="local_y" v="-18.2309"/>
    <tag k="ele" v="-0.01"/>
  </node>
  <node id="708" lat="" lon="">
    <tag k="mgrs_code" v="99XXX0-10-1"/>
    <tag k="local_x" v="-40.2921"/>
    <tag k="local_y" v="-22.9705"/>
    <tag k="ele" v="-0.0007"/>
  </node>
  <node id="710" lat="" lon="">
    <tag k="mgrs_code" v="99XXX0-10-1"/>
    <tag k="local_x" v="-43.2311"/>
    <tag k="local_y" v="-18.1613"/>
    <tag k="ele" v="-0.01"/>
  </node>
  <node id="711" lat="" lon="">
    <tag k="mgrs_code" v="99XXX0-10-1"/>
    <tag k="local_x" v="-43.2508"/>
    <tag k="local_y" v="-22.9785"/>
    <tag k="ele" v="-0.01"/>
  </node>
  <node id="715" lat="" lon="">
    <tag k="mgrs_code" v="99XXX0-10-1"/>
    <tag k="local_x" v="-33.5925"/>
    <tag k="local_y" v="-26.6652"/>
    <tag k="ele" v="-0.0052"/>
  </node>
  <node id="716" lat="" lon="">
    <tag k="mgrs_code" v="99XXX0-10-1"/>
    <tag k="local_x" v="-30.685"/>
    <tag k="local_y" v="-26.6008"/>
    <tag k="ele" v="-0.0047"/>
  </node>
  <node id="718" lat="" lon="">
    <tag k="mgrs_code" v="99XXX0-10-1"/>
    <tag k="local_x" v="-33.5446"/>
    <tag k="local_y" v="-29.6532"/>
    <tag k="ele" v="-0.0088"/>
  </node>
  <node id="719" lat="" lon="">
    <tag k="mgrs_code" v="99XXX0-10-1"/>
    <tag k="local_x" v="-30.599"/>
    <tag k="local_y" v="-29.5473"/>
    <tag k="ele" v="-0.006"/>
  </node>
  <node id="721" lat="" lon="">
    <tag k="mgrs_code" v="99XXX0-10-1"/>
    <tag k="local_x" v="-33.4637"/>
    <tag k="local_y" v="-32.4802"/>
    <tag k="ele" v="-0.01"/>
  </node>
  <node id="722" lat="" lon="">
    <tag k="mgrs_code" v="99XXX0-10-1"/>
    <tag k="local_x" v="-30.5299"/>
    <tag k="local_y" v="-32.4632"/>
    <tag k="ele" v="-0.01"/>
  </node>
  <node id="726" lat="" lon="">
    <tag k="mgrs_code" v="99XXX0-10-1"/>
    <tag k="local_x" v="-34.2117"/>
    <tag k="local_y" v="-29.6356"/>
    <tag k="ele" v="-0.007"/>
  </node>
  <node id="727" lat="" lon="">
    <tag k="mgrs_code" v="99XXX0-10-1"/>
    <tag k="local_x" v="-34.755"/>
    <tag k="local_y" v="-29.5727"/>
    <tag k="ele" v="-0.007"/>
  </node>
  <node id="728" lat="" lon="">
    <tag k="mgrs_code" v="99XXX0-10-1"/>
    <tag k="local_x" v="-35.3589"/>
    <tag k="local_y" v="-29.4465"/>
    <tag k="ele" v="-0.007"/>
  </node>
  <node id="729" lat="" lon="">
    <tag k="mgrs_code" v="99XXX0-10-1"/>
    <tag k="local_x" v="-35.9483"/>
    <tag k="local_y" v="-29.2644"/>
    <tag k="ele" v="-0.007"/>
  </node>
  <node id="730" lat="" lon="">
    <tag k="mgrs_code" v="99XXX0-10-1"/>
    <tag k="local_x" v="-36.518"/>
    <tag k="local_y" v="-29.028"/>
    <tag k="ele" v="-0.007"/>
  </node>
  <node id="731" lat="" lon="">
    <tag k="mgrs_code" v="99XXX0-10-1"/>
    <tag k="local_x" v="-37.063"/>
    <tag k="local_y" v="-28.7393"/>
    <tag k="ele" v="-0.007"/>
  </node>
  <node id="732" lat="" lon="">
    <tag k="mgrs_code" v="99XXX0-10-1"/>
    <tag k="local_x" v="-37.5786"/>
    <tag k="local_y" v="-28.4009"/>
    <tag k="ele" v="-0.007"/>
  </node>
  <node id="733" lat="" lon="">
    <tag k="mgrs_code" v="99XXX0-10-1"/>
    <tag k="local_x" v="-38.0602"/>
    <tag k="local_y" v="-28.0157"/>
    <tag k="ele" v="-0.007"/>
  </node>
  <node id="734" lat="" lon="">
    <tag k="mgrs_code" v="99XXX0-10-1"/>
    <tag k="local_x" v="-38.5036"/>
    <tag k="local_y" v="-27.5872"/>
    <tag k="ele" v="-0.007"/>
  </node>
  <node id="735" lat="" lon="">
    <tag k="mgrs_code" v="99XXX0-10-1"/>
    <tag k="local_x" v="-38.905"/>
    <tag k="local_y" v="-27.1192"/>
    <tag k="ele" v="-0.007"/>
  </node>
  <node id="736" lat="" lon="">
    <tag k="mgrs_code" v="99XXX0-10-1"/>
    <tag k="local_x" v="-39.2608"/>
    <tag k="local_y" v="-26.6156"/>
    <tag k="ele" v="-0.007"/>
  </node>
  <node id="737" lat="" lon="">
    <tag k="mgrs_code" v="99XXX0-10-1"/>
    <tag k="local_x" v="-39.5678"/>
    <tag k="local_y" v="-26.081"/>
    <tag k="ele" v="-0.007"/>
  </node>
  <node id="738" lat="" lon="">
    <tag k="mgrs_code" v="99XXX0-10-1"/>
    <tag k="local_x" v="-39.8235"/>
    <tag k="local_y" v="-25.5201"/>
    <tag k="ele" v="-0.007"/>
  </node>
  <node id="739" lat="" lon="">
    <tag k="mgrs_code" v="99XXX0-10-1"/>
    <tag k="local_x" v="-40.0255"/>
    <tag k="local_y" v="-24.9377"/>
    <tag k="ele" v="-0.007"/>
  </node>
  <node id="740" lat="" lon="">
    <tag k="mgrs_code" v="99XXX0-10-1"/>
    <tag k="local_x" v="-40.1722"/>
    <tag k="local_y" v="-24.339"/>
    <tag k="ele" v="-0.007"/>
  </node>
  <node id="741" lat="" lon="">
    <tag k="mgrs_code" v="99XXX0-10-1"/>
    <tag k="local_x" v="-40.2536"/>
    <tag k="local_y" v="-23.7984"/>
    <tag k="ele" v="-0.007"/>
  </node>
  <node id="742" lat="" lon="">
    <tag k="mgrs_code" v="99XXX0-10-1"/>
    <tag k="local_x" v="-33.8792"/>
    <tag k="local_y" v="-26.6658"/>
    <tag k="ele" v="-0.007"/>
  </node>
  <node id="743" lat="" lon="">
    <tag k="mgrs_code" v="99XXX0-10-1"/>
    <tag k="local_x" v="-34.2839"/>
    <tag k="local_y" v="-26.6226"/>
    <tag k="ele" v="-0.007"/>
  </node>
  <node id="744" lat="" lon="">
    <tag k="mgrs_code" v="99XXX0-10-1"/>
    <tag k="local_x" v="-34.614"/>
    <tag k="local_y" v="-26.5544"/>
    <tag k="ele" v="-0.007"/>
  </node>
  <node id="745" lat="" lon="">
    <tag k="mgrs_code" v="99XXX0-10-1"/>
    <tag k="local_x" v="-34.9363"/>
    <tag k="local_y" v="-26.4556"/>
    <tag k="ele" v="-0.007"/>
  </node>
  <node id="746" lat="" lon="">
    <tag k="mgrs_code" v="99XXX0-10-1"/>
    <tag k="local_x" v="-35.248"/>
    <tag k="local_y" v="-26.327"/>
    <tag k="ele" v="-0.007"/>
  </node>
  <node id="747" lat="" lon="">
    <tag k="mgrs_code" v="99XXX0-10-1"/>
    <tag k="local_x" v="-35.5463"/>
    <tag k="local_y" v="-26.1698"/>
    <tag k="ele" v="-0.007"/>
  </node>
  <node id="748" lat="" lon="">
    <tag k="mgrs_code" v="99XXX0-10-1"/>
    <tag k="local_x" v="-35.8287"/>
    <tag k="local_y" v="-25.9853"/>
    <tag k="ele" v="-0.007"/>
  </node>
  <node id="749" lat="" lon="">
    <tag k="mgrs_code" v="99XXX0-10-1"/>
    <tag k="local_x" v="-36.0926"/>
    <tag k="local_y" v="-25.7752"/>
    <tag k="ele" v="-0.007"/>
  </node>
  <node id="750" lat="" lon="">
    <tag k="mgrs_code" v="99XXX0-10-1"/>
    <tag k="local_x" v="-36.3356"/>
    <tag k="local_y" v="-25.5414"/>
    <tag k="ele" v="-0.007"/>
  </node>
  <node id="751" lat="" lon="">
    <tag k="mgrs_code" v="99XXX0-10-1"/>
    <tag k="local_x" v="-36.5558"/>
    <tag k="local_y" v="-25.2857"/>
    <tag k="ele" v="-0.007"/>
  </node>
  <node id="752" lat="" lon="">
    <tag k="mgrs_code" v="99XXX0-10-1"/>
    <tag k="local_x" v="-36.7511"/>
    <tag k="local_y" v="-25.0106"/>
    <tag k="ele" v="-0.007"/>
  </node>
  <node id="753" lat="" lon="">
    <tag k="mgrs_code" v="99XXX0-10-1"/>
    <tag k="local_x" v="-36.9198"/>
    <tag k="local_y" v="-24.7183"/>
    <tag k="ele" v="-0.007"/>
  </node>
  <node id="754" lat="" lon="">
    <tag k="mgrs_code" v="99XXX0-10-1"/>
    <tag k="local_x" v="-37.0605"/>
    <tag k="local_y" v="-24.4115"/>
    <tag k="ele" v="-0.007"/>
  </node>
  <node id="755" lat="" lon="">
    <tag k="mgrs_code" v="99XXX0-10-1"/>
    <tag k="local_x" v="-37.1718"/>
    <tag k="local_y" v="-24.0928"/>
    <tag k="ele" v="-0.007"/>
  </node>
  <node id="756" lat="" lon="">
    <tag k="mgrs_code" v="99XXX0-10-1"/>
    <tag k="local_x" v="-37.2528"/>
    <tag k="local_y" v="-23.7651"/>
    <tag k="ele" v="-0.007"/>
  </node>
  <node id="757" lat="" lon="">
    <tag k="mgrs_code" v="99XXX0-10-1"/>
    <tag k="local_x" v="-37.3114"/>
    <tag k="local_y" v="-23.362"/>
    <tag k="ele" v="-0.007"/>
  </node>
  <node id="761" lat="" lon="">
    <tag k="mgrs_code" v="99XXX0-10-1"/>
    <tag k="local_x" v="-40.2824"/>
    <tag k="local_y" v="-23.4583"/>
    <tag k="ele" v="-0.0052"/>
  </node>
  <node id="762" lat="" lon="">
    <tag k="mgrs_code" v="99XXX0-10-1"/>
    <tag k="local_x" v="-40.2437"/>
    <tag k="local_y" v="-23.9036"/>
    <tag k="ele" v="-0.0052"/>
  </node>
  <node id="763" lat="" lon="">
    <tag k="mgrs_code" v="99XXX0-10-1"/>
    <tag k="local_x" v="-40.1839"/>
    <tag k="local_y" v="-24.3006"/>
    <tag k="ele" v="-0.0052"/>
  </node>
  <node id="764" lat="" lon="">
    <tag k="mgrs_code" v="99XXX0-10-1"/>
    <tag k="local_x" v="-40.0998"/>
    <tag k="local_y" v="-24.6934"/>
    <tag k="ele" v="-0.0052"/>
  </node>
  <node id="765" lat="" lon="">
    <tag k="mgrs_code" v="99XXX0-10-1"/>
    <tag k="local_x" v="-39.9915"/>
    <tag k="local_y" v="-25.0804"/>
    <tag k="ele" v="-0.0052"/>
  </node>
  <node id="766" lat="" lon="">
    <tag k="mgrs_code" v="99XXX0-10-1"/>
    <tag k="local_x" v="-39.8595"/>
    <tag k="local_y" v="-25.4601"/>
    <tag k="ele" v="-0.0052"/>
  </node>
  <node id="767" lat="" lon="">
    <tag k="mgrs_code" v="99XXX0-10-1"/>
    <tag k="local_x" v="-39.7043"/>
    <tag k="local_y" v="-25.8311"/>
    <tag k="ele" v="-0.0052"/>
  </node>
  <node id="768" lat="" lon="">
    <tag k="mgrs_code" v="99XXX0-10-1"/>
    <tag k="local_x" v="-39.5264"/>
    <tag k="local_y" v="-26.192"/>
    <tag k="ele" v="-0.0052"/>
  </node>
  <node id="769" lat="" lon="">
    <tag k="mgrs_code" v="99XXX0-10-1"/>
    <tag k="local_x" v="-39.3265"/>
    <tag k="local_y" v="-26.5414"/>
    <tag k="ele" v="-0.0052"/>
  </node>
  <node id="770" lat="" lon="">
    <tag k="mgrs_code" v="99XXX0-10-1"/>
    <tag k="local_x" v="-39.1054"/>
    <tag k="local_y" v="-26.8779"/>
    <tag k="ele" v="-0.0052"/>
  </node>
  <node id="771" lat="" lon="">
    <tag k="mgrs_code" v="99XXX0-10-1"/>
    <tag k="local_x" v="-38.8638"/>
    <tag k="local_y" v="-27.2002"/>
    <tag k="ele" v="-0.0052"/>
  </node>
  <node id="772" lat="" lon="">
    <tag k="mgrs_code" v="99XXX0-10-1"/>
    <tag k="local_x" v="-38.6026"/>
    <tag k="local_y" v="-27.5072"/>
    <tag k="ele" v="-0.0052"/>
  </node>
  <node id="773" lat="" lon="">
    <tag k="mgrs_code" v="99XXX0-10-1"/>
    <tag k="local_x" v="-38.3229"/>
    <tag k="local_y" v="-27.7976"/>
    <tag k="ele" v="-0.0052"/>
  </node>
  <node id="774" lat="" lon="">
    <tag k="mgrs_code" v="99XXX0-10-1"/>
    <tag k="local_x" v="-38.0257"/>
    <tag k="local_y" v="-28.0703"/>
    <tag k="ele" v="-0.0052"/>
  </node>
  <node id="775" lat="" lon="">
    <tag k="mgrs_code" v="99XXX0-10-1"/>
    <tag k="local_x" v="-37.7122"/>
    <tag k="local_y" v="-28.3243"/>
    <tag k="ele" v="-0.0052"/>
  </node>
  <node id="776" lat="" lon="">
    <tag k="mgrs_code" v="99XXX0-10-1"/>
    <tag k="local_x" v="-37.3834"/>
    <tag k="local_y" v="-28.5585"/>
    <tag k="ele" v="-0.0052"/>
  </node>
  <node id="777" lat="" lon="">
    <tag k="mgrs_code" v="99XXX0-10-1"/>
    <tag k="local_x" v="-37.0406"/>
    <tag k="local_y" v="-28.7721"/>
    <tag k="ele" v="-0.0052"/>
  </node>
  <node id="778" lat="" lon="">
    <tag k="mgrs_code" v="99XXX0-10-1"/>
    <tag k="local_x" v="-36.6852"/>
    <tag k="local_y" v="-28.9642"/>
    <tag k="ele" v="-0.0052"/>
  </node>
  <node id="779" lat="" lon="">
    <tag k="mgrs_code" v="99XXX0-10-1"/>
    <tag k="local_x" v="-36.3184"/>
    <tag k="local_y" v="-29.134"/>
    <tag k="ele" v="-0.0052"/>
  </node>
  <node id="780" lat="" lon="">
    <tag k="mgrs_code" v="99XXX0-10-1"/>
    <tag k="local_x" v="-35.9417"/>
    <tag k="local_y" v="-29.281"/>
    <tag k="ele" v="-0.0052"/>
  </node>
  <node id="781" lat="" lon="">
    <tag k="mgrs_code" v="99XXX0-10-1"/>
    <tag k="local_x" v="-35.5565"/>
    <tag k="local_y" v="-29.4046"/>
    <tag k="ele" v="-0.0052"/>
  </node>
  <node id="782" lat="" lon="">
    <tag k="mgrs_code" v="99XXX0-10-1"/>
    <tag k="local_x" v="-35.1643"/>
    <tag k="local_y" v="-29.5041"/>
    <tag k="ele" v="-0.0052"/>
  </node>
  <node id="783" lat="" lon="">
    <tag k="mgrs_code" v="99XXX0-10-1"/>
    <tag k="local_x" v="-34.7664"/>
    <tag k="local_y" v="-29.5794"/>
    <tag k="ele" v="-0.0052"/>
  </node>
  <node id="784" lat="" lon="">
    <tag k="mgrs_code" v="99XXX0-10-1"/>
    <tag k="local_x" v="-34.3646"/>
    <tag k="local_y" v="-29.6299"/>
    <tag k="ele" v="-0.0052"/>
  </node>
  <node id="785" lat="" lon="">
    <tag k="mgrs_code" v="99XXX0-10-1"/>
    <tag k="local_x" v="-33.9166"/>
    <tag k="local_y" v="-29.6574"/>
    <tag k="ele" v="-0.0052"/>
  </node>
  <node id="786" lat="" lon="">
    <tag k="mgrs_code" v="99XXX0-10-1"/>
    <tag k="local_x" v="-43.2279"/>
    <tag k="local_y" v="-23.737"/>
    <tag k="ele" v="-0.0052"/>
  </node>
  <node id="787" lat="" lon="">
    <tag k="mgrs_code" v="99XXX0-10-1"/>
    <tag k="local_x" v="-43.1738"/>
    <tag k="local_y" v="-24.2724"/>
    <tag k="ele" v="-0.0052"/>
  </node>
  <node id="788" lat="" lon="">
    <tag k="mgrs_code" v="99XXX0-10-1"/>
    <tag k="local_x" v="-43.0804"/>
    <tag k="local_y" v="-24.8485"/>
    <tag k="ele" v="-0.0052"/>
  </node>
  <node id="789" lat="" lon="">
    <tag k="mgrs_code" v="99XXX0-10-1"/>
    <tag k="local_x" v="-42.9517"/>
    <tag k="local_y" v="-25.4176"/>
    <tag k="ele" v="-0.0052"/>
  </node>
  <node id="790" lat="" lon="">
    <tag k="mgrs_code" v="99XXX0-10-1"/>
    <tag k="local_x" v="-42.7881"/>
    <tag k="local_y" v="-25.9775"/>
    <tag k="ele" v="-0.0052"/>
  </node>
  <node id="791" lat="" lon="">
    <tag k="mgrs_code" v="99XXX0-10-1"/>
    <tag k="local_x" v="-42.5904"/>
    <tag k="local_y" v="-26.526"/>
    <tag k="ele" v="-0.0052"/>
  </node>
  <node id="792" lat="" lon="">
    <tag k="mgrs_code" v="99XXX0-10-1"/>
    <tag k="local_x" v="-42.3593"/>
    <tag k="local_y" v="-27.0612"/>
    <tag k="ele" v="-0.0052"/>
  </node>
  <node id="793" lat="" lon="">
    <tag k="mgrs_code" v="99XXX0-10-1"/>
    <tag k="local_x" v="-42.0957"/>
    <tag k="local_y" v="-27.5809"/>
    <tag k="ele" v="-0.0052"/>
  </node>
  <node id="794" lat="" lon="">
    <tag k="mgrs_code" v="99XXX0-10-1"/>
    <tag k="local_x" v="-41.8006"/>
    <tag k="local_y" v="-28.0833"/>
    <tag k="ele" v="-0.0052"/>
  </node>
  <node id="795" lat="" lon="">
    <tag k="mgrs_code" v="99XXX0-10-1"/>
    <tag k="local_x" v="-41.4752"/>
    <tag k="local_y" v="-28.5663"/>
    <tag k="ele" v="-0.0052"/>
  </node>
  <node id="796" lat="" lon="">
    <tag k="mgrs_code" v="99XXX0-10-1"/>
    <tag k="local_x" v="-41.1207"/>
    <tag k="local_y" v="-29.0282"/>
    <tag k="ele" v="-0.0052"/>
  </node>
  <node id="797" lat="" lon="">
    <tag k="mgrs_code" v="99XXX0-10-1"/>
    <tag k="local_x" v="-40.7385"/>
    <tag k="local_y" v="-29.4672"/>
    <tag k="ele" v="-0.0052"/>
  </node>
  <node id="798" lat="" lon="">
    <tag k="mgrs_code" v="99XXX0-10-1"/>
    <tag k="local_x" v="-40.33"/>
    <tag k="local_y" v="-29.8817"/>
    <tag k="ele" v="-0.0052"/>
  </node>
  <node id="799" lat="" lon="">
    <tag k="mgrs_code" v="99XXX0-10-1"/>
    <tag k="local_x" v="-39.8969"/>
    <tag k="local_y" v="-30.2701"/>
    <tag k="ele" v="-0.0052"/>
  </node>
  <node id="800" lat="" lon="">
    <tag k="mgrs_code" v="99XXX0-10-1"/>
    <tag k="local_x" v="-39.4408"/>
    <tag k="local_y" v="-30.631"/>
    <tag k="ele" v="-0.0052"/>
  </node>
  <node id="801" lat="" lon="">
    <tag k="mgrs_code" v="99XXX0-10-1"/>
    <tag k="local_x" v="-38.9634"/>
    <tag k="local_y" v="-30.9629"/>
    <tag k="ele" v="-0.0052"/>
  </node>
  <node id="802" lat="" lon="">
    <tag k="mgrs_code" v="99XXX0-10-1"/>
    <tag k="local_x" v="-38.4666"/>
    <tag k="local_y" v="-31.2647"/>
    <tag k="ele" v="-0.0052"/>
  </node>
  <node id="803" lat="" lon="">
    <tag k="mgrs_code" v="99XXX0-10-1"/>
    <tag k="local_x" v="-37.9523"/>
    <tag k="local_y" v="-31.5351"/>
    <tag k="ele" v="-0.0052"/>
  </node>
  <node id="804" lat="" lon="">
    <tag k="mgrs_code" v="99XXX0-10-1"/>
    <tag k="local_x" v="-37.4224"/>
    <tag k="local_y" v="-31.7732"/>
    <tag k="ele" v="-0.0052"/>
  </node>
  <node id="805" lat="" lon="">
    <tag k="mgrs_code" v="99XXX0-10-1"/>
    <tag k="local_x" v="-36.879"/>
    <tag k="local_y" v="-31.9782"/>
    <tag k="ele" v="-0.0052"/>
  </node>
  <node id="806" lat="" lon="">
    <tag k="mgrs_code" v="99XXX0-10-1"/>
    <tag k="local_x" v="-36.3242"/>
    <tag k="local_y" v="-32.1492"/>
    <tag k="ele" v="-0.0052"/>
  </node>
  <node id="807" lat="" lon="">
    <tag k="mgrs_code" v="99XXX0-10-1"/>
    <tag k="local_x" v="-35.76"/>
    <tag k="local_y" v="-32.2855"/>
    <tag k="ele" v="-0.0052"/>
  </node>
  <node id="808" lat="" lon="">
    <tag k="mgrs_code" v="99XXX0-10-1"/>
    <tag k="local_x" v="-35.1887"/>
    <tag k="local_y" v="-32.3868"/>
    <tag k="ele" v="-0.0052"/>
  </node>
  <node id="809" lat="" lon="">
    <tag k="mgrs_code" v="99XXX0-10-1"/>
    <tag k="local_x" v="-34.6123"/>
    <tag k="local_y" v="-32.4526"/>
    <tag k="ele" v="-0.0052"/>
  </node>
  <node id="810" lat="" lon="">
    <tag k="mgrs_code" v="99XXX0-10-1"/>
    <tag k="local_x" v="-34.0768"/>
    <tag k="local_y" v="-32.481"/>
    <tag k="ele" v="-0.0052"/>
  </node>
  <node id="918" lat="" lon="">
    <tag k="mgrs_code" v="99XXX0-1000"/>
    <tag k="local_x" v="-40.2932"/>
    <tag k="local_y" v="9.5289"/>
    <tag k="ele" v="-0.0073"/>
  </node>
  <node id="919" lat="" lon="">
    <tag k="mgrs_code" v="99XXX0-1000"/>
    <tag k="local_x" v="-40.1151"/>
    <tag k="local_y" v="10.0951"/>
    <tag k="ele" v="-0.0073"/>
  </node>
  <node id="920" lat="" lon="">
    <tag k="mgrs_code" v="99XXX0-1000"/>
    <tag k="local_x" v="-39.7646"/>
    <tag k="local_y" v="10.7495"/>
    <tag k="ele" v="-0.0073"/>
  </node>
  <node id="921" lat="" lon="">
    <tag k="mgrs_code" v="99XXX0-1000"/>
    <tag k="local_x" v="-39.2916"/>
    <tag k="local_y" v="11.3228"/>
    <tag k="ele" v="-0.0073"/>
  </node>
  <node id="922" lat="" lon="">
    <tag k="mgrs_code" v="99XXX0-1000"/>
    <tag k="local_x" v="-38.7145"/>
    <tag k="local_y" v="11.7925"/>
    <tag k="ele" v="-0.0073"/>
  </node>
  <node id="923" lat="" lon="">
    <tag k="mgrs_code" v="99XXX0-1000"/>
    <tag k="local_x" v="-38.0554"/>
    <tag k="local_y" v="12.1399"/>
    <tag k="ele" v="-0.0073"/>
  </node>
  <node id="924" lat="" lon="">
    <tag k="mgrs_code" v="99XXX0-1000"/>
    <tag k="local_x" v="-37.4868"/>
    <tag k="local_y" v="12.3165"/>
    <tag k="ele" v="-0.0073"/>
  </node>
  <node id="925" lat="" lon="">
    <tag k="mgrs_code" v="99XXX0-1000"/>
    <tag k="local_x" v="-37.4333"/>
    <tag k="local_y" v="8.6449"/>
    <tag k="ele" v="-0.0073"/>
  </node>
  <node id="926" lat="" lon="">
    <tag k="mgrs_code" v="99XXX0-1000"/>
    <tag k="local_x" v="-37.3484"/>
    <tag k="local_y" v="8.9294"/>
    <tag k="ele" v="-0.0073"/>
  </node>
  <node id="927" lat="" lon="">
    <tag k="mgrs_code" v="99XXX0-1000"/>
    <tag k="local_x" v="-37.2738"/>
    <tag k="local_y" v="9.0574"/>
    <tag k="ele" v="-0.0073"/>
  </node>
  <node id="928" lat="" lon="">
    <tag k="mgrs_code" v="99XXX0-1000"/>
    <tag k="local_x" v="-37.176"/>
    <tag k="local_y" v="9.1675"/>
    <tag k="ele" v="-0.0073"/>
  </node>
  <node id="929" lat="" lon="">
    <tag k="mgrs_code" v="99XXX0-1000"/>
    <tag k="local_x" v="-37.0592"/>
    <tag k="local_y" v="9.2557"/>
    <tag k="ele" v="-0.0073"/>
  </node>
  <node id="930" lat="" lon="">
    <tag k="mgrs_code" v="99XXX0-1000"/>
    <tag k="local_x" v="-36.9281"/>
    <tag k="local_y" v="9.3188"/>
    <tag k="ele" v="-0.0073"/>
  </node>
  <node id="931" lat="" lon="">
    <tag k="mgrs_code" v="99XXX0-1000"/>
    <tag k="local_x" v="-36.6412"/>
    <tag k="local_y" v="9.3893"/>
    <tag k="ele" v="-0.0073"/>
  </node>
  <node id="938" lat="" lon="">
    <tag k="mgrs_code" v="99XXX0-1000"/>
    <tag k="local_x" v="-37.4835"/>
    <tag k="local_y" v="12.5318"/>
    <tag k="ele" v="-0.0073"/>
  </node>
  <node id="939" lat="" lon="">
    <tag k="mgrs_code" v="99XXX0-1000"/>
    <tag k="local_x" v="-38.0434"/>
    <tag k="local_y" v="12.7113"/>
    <tag k="ele" v="-0.0073"/>
  </node>
  <node id="940" lat="" lon="">
    <tag k="mgrs_code" v="99XXX0-1000"/>
    <tag k="local_x" v="-38.6869"/>
    <tag k="local_y" v="13.058"/>
    <tag k="ele" v="-0.0073"/>
  </node>
  <node id="941" lat="" lon="">
    <tag k="mgrs_code" v="99XXX0-1000"/>
    <tag k="local_x" v="-39.2521"/>
    <tag k="local_y" v="13.5229"/>
    <tag k="ele" v="-0.0073"/>
  </node>
  <node id="942" lat="" lon="">
    <tag k="mgrs_code" v="99XXX0-1000"/>
    <tag k="local_x" v="-39.7177"/>
    <tag k="local_y" v="14.0888"/>
    <tag k="ele" v="-0.0073"/>
  </node>
  <node id="943" lat="" lon="">
    <tag k="mgrs_code" v="99XXX0-1000"/>
    <tag k="local_x" v="-40.0659"/>
    <tag k="local_y" v="14.7348"/>
    <tag k="ele" v="-0.0073"/>
  </node>
  <node id="944" lat="" lon="">
    <tag k="mgrs_code" v="99XXX0-1000"/>
    <tag k="local_x" v="-40.248"/>
    <tag k="local_y" v="15.2959"/>
    <tag k="ele" v="-0.0073"/>
  </node>
  <node id="945" lat="" lon="">
    <tag k="mgrs_code" v="99XXX0-1000"/>
    <tag k="local_x" v="-36.5976"/>
    <tag k="local_y" v="15.3278"/>
    <tag k="ele" v="-0.0073"/>
  </node>
  <node id="946" lat="" lon="">
    <tag k="mgrs_code" v="99XXX0-1000"/>
    <tag k="local_x" v="-36.8869"/>
    <tag k="local_y" v="15.4173"/>
    <tag k="ele" v="-0.0073"/>
  </node>
  <node id="947" lat="" lon="">
    <tag k="mgrs_code" v="99XXX0-1000"/>
    <tag k="local_x" v="-37.0247"/>
    <tag k="local_y" v="15.4983"/>
    <tag k="ele" v="-0.0073"/>
  </node>
  <node id="948" lat="" lon="">
    <tag k="mgrs_code" v="99XXX0-1000"/>
    <tag k="local_x" v="-37.1436"/>
    <tag k="local_y" v="15.6038"/>
    <tag k="ele" v="-0.0073"/>
  </node>
  <node id="949" lat="" lon="">
    <tag k="mgrs_code" v="99XXX0-1000"/>
    <tag k="local_x" v="-37.2393"/>
    <tag k="local_y" v="15.7295"/>
    <tag k="ele" v="-0.0073"/>
  </node>
  <node id="950" lat="" lon="">
    <tag k="mgrs_code" v="99XXX0-1000"/>
    <tag k="local_x" v="-37.3086"/>
    <tag k="local_y" v="15.8704"/>
    <tag k="ele" v="-0.0073"/>
  </node>
  <node id="951" lat="" lon="">
    <tag k="mgrs_code" v="99XXX0-1000"/>
    <tag k="local_x" v="-37.3842"/>
    <tag k="local_y" v="16.1619"/>
    <tag k="ele" v="-0.0073"/>
  </node>
  <node id="955" lat="" lon="">
    <tag k="mgrs_code" v="99XXX0-1000"/>
    <tag k="local_x" v="-36.9026"/>
    <tag k="local_y" v="12.4094"/>
    <tag k="ele" v="-0.0073"/>
  </node>
  <node id="956" lat="" lon="">
    <tag k="mgrs_code" v="99XXX0-1000"/>
    <tag k="local_x" v="-37.3168"/>
    <tag k="local_y" v="12.3572"/>
    <tag k="ele" v="-0.0073"/>
  </node>
  <node id="957" lat="" lon="">
    <tag k="mgrs_code" v="99XXX0-1000"/>
    <tag k="local_x" v="-37.6573"/>
    <tag k="local_y" v="12.2798"/>
    <tag k="ele" v="-0.0073"/>
  </node>
  <node id="958" lat="" lon="">
    <tag k="mgrs_code" v="99XXX0-1000"/>
    <tag k="local_x" v="-37.9889"/>
    <tag k="local_y" v="12.1713"/>
    <tag k="ele" v="-0.0073"/>
  </node>
  <node id="959" lat="" lon="">
    <tag k="mgrs_code" v="99XXX0-1000"/>
    <tag k="local_x" v="-38.3089"/>
    <tag k="local_y" v="12.0324"/>
    <tag k="ele" v="-0.0073"/>
  </node>
  <node id="960" lat="" lon="">
    <tag k="mgrs_code" v="99XXX0-1000"/>
    <tag k="local_x" v="-38.6143"/>
    <tag k="local_y" v="11.8645"/>
    <tag k="ele" v="-0.0073"/>
  </node>
  <node id="961" lat="" lon="">
    <tag k="mgrs_code" v="99XXX0-1000"/>
    <tag k="local_x" v="-38.9026"/>
    <tag k="local_y" v="11.6691"/>
    <tag k="ele" v="-0.0073"/>
  </node>
  <node id="962" lat="" lon="">
    <tag k="mgrs_code" v="99XXX0-1000"/>
    <tag k="local_x" v="-39.1714"/>
    <tag k="local_y" v="11.4479"/>
    <tag k="ele" v="-0.0073"/>
  </node>
  <node id="963" lat="" lon="">
    <tag k="mgrs_code" v="99XXX0-1000"/>
    <tag k="local_x" v="-39.4183"/>
    <tag k="local_y" v="11.2028"/>
    <tag k="ele" v="-0.0073"/>
  </node>
  <node id="964" lat="" lon="">
    <tag k="mgrs_code" v="99XXX0-1000"/>
    <tag k="local_x" v="-39.6413"/>
    <tag k="local_y" v="10.936"/>
    <tag k="ele" v="-0.0073"/>
  </node>
  <node id="965" lat="" lon="">
    <tag k="mgrs_code" v="99XXX0-1000"/>
    <tag k="local_x" v="-39.8383"/>
    <tag k="local_y" v="10.6498"/>
    <tag k="ele" v="-0.0073"/>
  </node>
  <node id="966" lat="" lon="">
    <tag k="mgrs_code" v="99XXX0-1000"/>
    <tag k="local_x" v="-40.0078"/>
    <tag k="local_y" v="10.3468"/>
    <tag k="ele" v="-0.0073"/>
  </node>
  <node id="967" lat="" lon="">
    <tag k="mgrs_code" v="99XXX0-1000"/>
    <tag k="local_x" v="-40.1483"/>
    <tag k="local_y" v="10.0294"/>
    <tag k="ele" v="-0.0073"/>
  </node>
  <node id="968" lat="" lon="">
    <tag k="mgrs_code" v="99XXX0-1000"/>
    <tag k="local_x" v="-40.2587"/>
    <tag k="local_y" v="9.7006"/>
    <tag k="ele" v="-0.0073"/>
  </node>
  <node id="969" lat="" lon="">
    <tag k="mgrs_code" v="99XXX0-1000"/>
    <tag k="local_x" v="-40.338"/>
    <tag k="local_y" v="9.3632"/>
    <tag k="ele" v="-0.0073"/>
  </node>
  <node id="970" lat="" lon="">
    <tag k="mgrs_code" v="99XXX0-1000"/>
    <tag k="local_x" v="-40.394"/>
    <tag k="local_y" v="8.9508"/>
    <tag k="ele" v="-0.0073"/>
  </node>
  <node id="971" lat="" lon="">
    <tag k="mgrs_code" v="99XXX0-1000"/>
    <tag k="local_x" v="-37.2648"/>
    <tag k="local_y" v="15.3199"/>
    <tag k="ele" v="-0.0073"/>
  </node>
  <node id="972" lat="" lon="">
    <tag k="mgrs_code" v="99XXX0-1000"/>
    <tag k="local_x" v="-37.8149"/>
    <tag k="local_y" v="15.2522"/>
    <tag k="ele" v="-0.0073"/>
  </node>
  <node id="973" lat="" lon="">
    <tag k="mgrs_code" v="99XXX0-1000"/>
    <tag k="local_x" v="-38.4234"/>
    <tag k="local_y" v="15.1204"/>
    <tag k="ele" v="-0.0073"/>
  </node>
  <node id="974" lat="" lon="">
    <tag k="mgrs_code" v="99XXX0-1000"/>
    <tag k="local_x" v="-39.0172"/>
    <tag k="local_y" v="14.9326"/>
    <tag k="ele" v="-0.0073"/>
  </node>
  <node id="975" lat="" lon="">
    <tag k="mgrs_code" v="99XXX0-1000"/>
    <tag k="local_x" v="-39.5912"/>
    <tag k="local_y" v="14.6904"/>
    <tag k="ele" v="-0.0073"/>
  </node>
  <node id="976" lat="" lon="">
    <tag k="mgrs_code" v="99XXX0-1000"/>
    <tag k="local_x" v="-40.1404"/>
    <tag k="local_y" v="14.3957"/>
    <tag k="ele" v="-0.0073"/>
  </node>
  <node id="977" lat="" lon="">
    <tag k="mgrs_code" v="99XXX0-1000"/>
    <tag k="local_x" v="-40.66"/>
    <tag k="local_y" v="14.0512"/>
    <tag k="ele" v="-0.0073"/>
  </node>
  <node id="978" lat="" lon="">
    <tag k="mgrs_code" v="99XXX0-1000"/>
    <tag k="local_x" v="-41.1455"/>
    <tag k="local_y" v="13.6598"/>
    <tag k="ele" v="-0.0073"/>
  </node>
  <node id="979" lat="" lon="">
    <tag k="mgrs_code" v="99XXX0-1000"/>
    <tag k="local_x" v="-41.5927"/>
    <tag k="local_y" v="13.2248"/>
    <tag k="ele" v="-0.0073"/>
  </node>
  <node id="980" lat="" lon="">
    <tag k="mgrs_code" v="99XXX0-1000"/>
    <tag k="local_x" v="-41.9977"/>
    <tag k="local_y" v="12.75"/>
    <tag k="ele" v="-0.0073"/>
  </node>
  <node id="981" lat="" lon="">
    <tag k="mgrs_code" v="99XXX0-1000"/>
    <tag k="local_x" v="-42.357"/>
    <tag k="local_y" v="12.2395"/>
    <tag k="ele" v="-0.0073"/>
  </node>
  <node id="982" lat="" lon="">
    <tag k="mgrs_code" v="99XXX0-1000"/>
    <tag k="local_x" v="-42.6673"/>
    <tag k="local_y" v="11.6975"/>
    <tag k="ele" v="-0.0073"/>
  </node>
  <node id="983" lat="" lon="">
    <tag k="mgrs_code" v="99XXX0-1000"/>
    <tag k="local_x" v="-42.9261"/>
    <tag k="local_y" v="11.1289"/>
    <tag k="ele" v="-0.0073"/>
  </node>
  <node id="984" lat="" lon="">
    <tag k="mgrs_code" v="99XXX0-1000"/>
    <tag k="local_x" v="-43.1309"/>
    <tag k="local_y" v="10.5386"/>
    <tag k="ele" v="-0.0073"/>
  </node>
  <node id="985" lat="" lon="">
    <tag k="mgrs_code" v="99XXX0-1000"/>
    <tag k="local_x" v="-43.2801"/>
    <tag k="local_y" v="9.9315"/>
    <tag k="ele" v="-0.0073"/>
  </node>
  <node id="986" lat="" lon="">
    <tag k="mgrs_code" v="99XXX0-1000"/>
    <tag k="local_x" v="-43.3638"/>
    <tag k="local_y" v="9.3823"/>
    <tag k="ele" v="-0.0073"/>
  </node>
  <node id="990" lat="" lon="">
    <tag k="mgrs_code" v="99XXX0-1000"/>
    <tag k="local_x" v="-40.3515"/>
    <tag k="local_y" v="15.9032"/>
    <tag k="ele" v="-0.0094"/>
  </node>
  <node id="991" lat="" lon="">
    <tag k="mgrs_code" v="99XXX0-1000"/>
    <tag k="local_x" v="-40.2939"/>
    <tag k="local_y" v="15.4897"/>
    <tag k="ele" v="-0.0094"/>
  </node>
  <node id="992" lat="" lon="">
    <tag k="mgrs_code" v="99XXX0-1000"/>
    <tag k="local_x" v="-40.2119"/>
    <tag k="local_y" v="15.149"/>
    <tag k="ele" v="-0.0094"/>
  </node>
  <node id="993" lat="" lon="">
    <tag k="mgrs_code" v="99XXX0-1000"/>
    <tag k="local_x" v="-40.0991"/>
    <tag k="local_y" v="14.8177"/>
    <tag k="ele" v="-0.0094"/>
  </node>
  <node id="994" lat="" lon="">
    <tag k="mgrs_code" v="99XXX0-1000"/>
    <tag k="local_x" v="-39.9565"/>
    <tag k="local_y" v="14.4986"/>
    <tag k="ele" v="-0.0094"/>
  </node>
  <node id="995" lat="" lon="">
    <tag k="mgrs_code" v="99XXX0-1000"/>
    <tag k="local_x" v="-39.7854"/>
    <tag k="local_y" v="14.1943"/>
    <tag k="ele" v="-0.0094"/>
  </node>
  <node id="996" lat="" lon="">
    <tag k="mgrs_code" v="99XXX0-1000"/>
    <tag k="local_x" v="-39.5874"/>
    <tag k="local_y" v="13.9074"/>
    <tag k="ele" v="-0.0094"/>
  </node>
  <node id="997" lat="" lon="">
    <tag k="mgrs_code" v="99XXX0-1000"/>
    <tag k="local_x" v="-39.3641"/>
    <tag k="local_y" v="13.6402"/>
    <tag k="ele" v="-0.0094"/>
  </node>
  <node id="998" lat="" lon="">
    <tag k="mgrs_code" v="99XXX0-1000"/>
    <tag k="local_x" v="-39.1176"/>
    <tag k="local_y" v="13.395"/>
    <tag k="ele" v="-0.0094"/>
  </node>
  <node id="999" lat="" lon="">
    <tag k="mgrs_code" v="99XXX0-1000"/>
    <tag k="local_x" v="-38.85"/>
    <tag k="local_y" v="13.1738"/>
    <tag k="ele" v="-0.0094"/>
  </node>
  <node id="1000" lat="" lon="">
    <tag k="mgrs_code" v="99XXX0-1000"/>
    <tag k="local_x" v="-38.5636"/>
    <tag k="local_y" v="12.9783"/>
    <tag k="ele" v="-0.0094"/>
  </node>
  <node id="1001" lat="" lon="">
    <tag k="mgrs_code" v="99XXX0-1000"/>
    <tag k="local_x" v="-38.2608"/>
    <tag k="local_y" v="12.8102"/>
    <tag k="ele" v="-0.0094"/>
  </node>
  <node id="1002" lat="" lon="">
    <tag k="mgrs_code" v="99XXX0-1000"/>
    <tag k="local_x" v="-37.9443"/>
    <tag k="local_y" v="12.6708"/>
    <tag k="ele" v="-0.0094"/>
  </node>
  <node id="1003" lat="" lon="">
    <tag k="mgrs_code" v="99XXX0-1000"/>
    <tag k="local_x" v="-37.6168"/>
    <tag k="local_y" v="12.5612"/>
    <tag k="ele" v="-0.0094"/>
  </node>
  <node id="1004" lat="" lon="">
    <tag k="mgrs_code" v="99XXX0-1000"/>
    <tag k="local_x" v="-37.281"/>
    <tag k="local_y" v="12.4822"/>
    <tag k="ele" v="-0.0094"/>
  </node>
  <node id="1005" lat="" lon="">
    <tag k="mgrs_code" v="99XXX0-1000"/>
    <tag k="local_x" v="-36.8705"/>
    <tag k="local_y" v="12.4253"/>
    <tag k="ele" v="-0.0094"/>
  </node>
  <node id="1006" lat="" lon="">
    <tag k="mgrs_code" v="99XXX0-1000"/>
    <tag k="local_x" v="-43.2232"/>
    <tag k="local_y" v="15.5276"/>
    <tag k="ele" v="-0.0094"/>
  </node>
  <node id="1007" lat="" lon="">
    <tag k="mgrs_code" v="99XXX0-1000"/>
    <tag k="local_x" v="-43.1552"/>
    <tag k="local_y" v="14.9808"/>
    <tag k="ele" v="-0.0094"/>
  </node>
  <node id="1008" lat="" lon="">
    <tag k="mgrs_code" v="99XXX0-1000"/>
    <tag k="local_x" v="-43.024"/>
    <tag k="local_y" v="14.3769"/>
    <tag k="ele" v="-0.0094"/>
  </node>
  <node id="1009" lat="" lon="">
    <tag k="mgrs_code" v="99XXX0-1000"/>
    <tag k="local_x" v="-42.8379"/>
    <tag k="local_y" v="13.7872"/>
    <tag k="ele" v="-0.0094"/>
  </node>
  <node id="1010" lat="" lon="">
    <tag k="mgrs_code" v="99XXX0-1000"/>
    <tag k="local_x" v="-42.5981"/>
    <tag k="local_y" v="13.2165"/>
    <tag k="ele" v="-0.0094"/>
  </node>
  <node id="1011" lat="" lon="">
    <tag k="mgrs_code" v="99XXX0-1000"/>
    <tag k="local_x" v="-42.3068"/>
    <tag k="local_y" v="12.67"/>
    <tag k="ele" v="-0.0094"/>
  </node>
  <node id="1012" lat="" lon="">
    <tag k="mgrs_code" v="99XXX0-1000"/>
    <tag k="local_x" v="-41.9663"/>
    <tag k="local_y" v="12.152"/>
    <tag k="ele" v="-0.0094"/>
  </node>
  <node id="1013" lat="" lon="">
    <tag k="mgrs_code" v="99XXX0-1000"/>
    <tag k="local_x" v="-41.5793"/>
    <tag k="local_y" v="11.6672"/>
    <tag k="ele" v="-0.0094"/>
  </node>
  <node id="1014" lat="" lon="">
    <tag k="mgrs_code" v="99XXX0-1000"/>
    <tag k="local_x" v="-41.1492"/>
    <tag k="local_y" v="11.2196"/>
    <tag k="ele" v="-0.0094"/>
  </node>
  <node id="1015" lat="" lon="">
    <tag k="mgrs_code" v="99XXX0-1000"/>
    <tag k="local_x" v="-40.6794"/>
    <tag k="local_y" v="10.8131"/>
    <tag k="ele" v="-0.0094"/>
  </node>
  <node id="1016" lat="" lon="">
    <tag k="mgrs_code" v="99XXX0-1000"/>
    <tag k="local_x" v="-40.174"/>
    <tag k="local_y" v="10.4512"/>
    <tag k="ele" v="-0.0094"/>
  </node>
  <node id="1017" lat="" lon="">
    <tag k="mgrs_code" v="99XXX0-1000"/>
    <tag k="local_x" v="-39.637"/>
    <tag k="local_y" v="10.1369"/>
    <tag k="ele" v="-0.0094"/>
  </node>
  <node id="1018" lat="" lon="">
    <tag k="mgrs_code" v="99XXX0-1000"/>
    <tag k="local_x" v="-39.073"/>
    <tag k="local_y" v="9.8731"/>
    <tag k="ele" v="-0.0094"/>
  </node>
  <node id="1019" lat="" lon="">
    <tag k="mgrs_code" v="99XXX0-1000"/>
    <tag k="local_x" v="-38.4868"/>
    <tag k="local_y" v="9.6621"/>
    <tag k="ele" v="-0.0094"/>
  </node>
  <node id="1020" lat="" lon="">
    <tag k="mgrs_code" v="99XXX0-1000"/>
    <tag k="local_x" v="-37.8832"/>
    <tag k="local_y" v="9.5056"/>
    <tag k="ele" v="-0.0094"/>
  </node>
  <node id="1021" lat="" lon="">
    <tag k="mgrs_code" v="99XXX0-1000"/>
    <tag k="local_x" v="-37.3368"/>
    <tag k="local_y" v="9.4143"/>
    <tag k="ele" v="-0.0094"/>
  </node>
  <node id="1045" lat="" lon="">
    <tag k="mgrs_code" v="99XXX0-1000"/>
    <tag k="local_x" v="-28.9922"/>
    <tag k="local_y" v="29.3852"/>
    <tag k="ele" v="-0.0039"/>
  </node>
  <node id="1046" lat="" lon="">
    <tag k="mgrs_code" v="99XXX0-1000"/>
    <tag k="local_x" v="-28.3695"/>
    <tag k="local_y" v="29.226"/>
    <tag k="ele" v="-0.0039"/>
  </node>
  <node id="1047" lat="" lon="">
    <tag k="mgrs_code" v="99XXX0-1000"/>
    <tag k="local_x" v="-27.6526"/>
    <tag k="local_y" v="28.886"/>
    <tag k="ele" v="-0.0039"/>
  </node>
  <node id="1048" lat="" lon="">
    <tag k="mgrs_code" v="99XXX0-1000"/>
    <tag k="local_x" v="-27.0189"/>
    <tag k="local_y" v="28.4077"/>
    <tag k="ele" v="-0.0039"/>
  </node>
  <node id="1049" lat="" lon="">
    <tag k="mgrs_code" v="99XXX0-1000"/>
    <tag k="local_x" v="-26.4949"/>
    <tag k="local_y" v="27.8106"/>
    <tag k="ele" v="-0.0039"/>
  </node>
  <node id="1050" lat="" lon="">
    <tag k="mgrs_code" v="99XXX0-1000"/>
    <tag k="local_x" v="-26.1023"/>
    <tag k="local_y" v="27.1195"/>
    <tag k="ele" v="-0.0039"/>
  </node>
  <node id="1051" lat="" lon="">
    <tag k="mgrs_code" v="99XXX0-1000"/>
    <tag k="local_x" v="-25.8965"/>
    <tag k="local_y" v="26.5095"/>
    <tag k="ele" v="-0.0039"/>
  </node>
  <node id="1052" lat="" lon="">
    <tag k="mgrs_code" v="99XXX0-1000"/>
    <tag k="local_x" v="-29.6997"/>
    <tag k="local_y" v="26.5185"/>
    <tag k="ele" v="-0.0039"/>
  </node>
  <node id="1053" lat="" lon="">
    <tag k="mgrs_code" v="99XXX0-1000"/>
    <tag k="local_x" v="-29.3665"/>
    <tag k="local_y" v="26.4418"/>
    <tag k="ele" v="-0.0039"/>
  </node>
  <node id="1054" lat="" lon="">
    <tag k="mgrs_code" v="99XXX0-1000"/>
    <tag k="local_x" v="-29.1948"/>
    <tag k="local_y" v="26.3572"/>
    <tag k="ele" v="-0.0039"/>
  </node>
  <node id="1055" lat="" lon="">
    <tag k="mgrs_code" v="99XXX0-1000"/>
    <tag k="local_x" v="-29.0443"/>
    <tag k="local_y" v="26.2399"/>
    <tag k="ele" v="-0.0039"/>
  </node>
  <node id="1056" lat="" lon="">
    <tag k="mgrs_code" v="99XXX0-1000"/>
    <tag k="local_x" v="-28.9209"/>
    <tag k="local_y" v="26.095"/>
    <tag k="ele" v="-0.0039"/>
  </node>
  <node id="1057" lat="" lon="">
    <tag k="mgrs_code" v="99XXX0-1000"/>
    <tag k="local_x" v="-28.8296"/>
    <tag k="local_y" v="25.9285"/>
    <tag k="ele" v="-0.0039"/>
  </node>
  <node id="1058" lat="" lon="">
    <tag k="mgrs_code" v="99XXX0-1000"/>
    <tag k="local_x" v="-28.7352"/>
    <tag k="local_y" v="25.6006"/>
    <tag k="ele" v="-0.0039"/>
  </node>
  <node id="1065" lat="" lon="">
    <tag k="mgrs_code" v="99XXX0-1000"/>
    <tag k="local_x" v="-25.6627"/>
    <tag k="local_y" v="26.4954"/>
    <tag k="ele" v="-0.005"/>
  </node>
  <node id="1066" lat="" lon="">
    <tag k="mgrs_code" v="99XXX0-1000"/>
    <tag k="local_x" v="-25.4684"/>
    <tag k="local_y" v="27.089"/>
    <tag k="ele" v="-0.005"/>
  </node>
  <node id="1067" lat="" lon="">
    <tag k="mgrs_code" v="99XXX0-1000"/>
    <tag k="local_x" v="-25.1003"/>
    <tag k="local_y" v="27.7662"/>
    <tag k="ele" v="-0.005"/>
  </node>
  <node id="1068" lat="" lon="">
    <tag k="mgrs_code" v="99XXX0-1000"/>
    <tag k="local_x" v="-24.6087"/>
    <tag k="local_y" v="28.3581"/>
    <tag k="ele" v="-0.005"/>
  </node>
  <node id="1069" lat="" lon="">
    <tag k="mgrs_code" v="99XXX0-1000"/>
    <tag k="local_x" v="-24.0127"/>
    <tag k="local_y" v="28.8426"/>
    <tag k="ele" v="-0.005"/>
  </node>
  <node id="1070" lat="" lon="">
    <tag k="mgrs_code" v="99XXX0-1000"/>
    <tag k="local_x" v="-23.3352"/>
    <tag k="local_y" v="29.2016"/>
    <tag k="ele" v="-0.005"/>
  </node>
  <node id="1071" lat="" lon="">
    <tag k="mgrs_code" v="99XXX0-1000"/>
    <tag k="local_x" v="-22.7415"/>
    <tag k="local_y" v="29.3861"/>
    <tag k="ele" v="-0.005"/>
  </node>
  <node id="1072" lat="" lon="">
    <tag k="mgrs_code" v="99XXX0-1000"/>
    <tag k="local_x" v="-22.7625"/>
    <tag k="local_y" v="25.6181"/>
    <tag k="ele" v="-0.005"/>
  </node>
  <node id="1073" lat="" lon="">
    <tag k="mgrs_code" v="99XXX0-1000"/>
    <tag k="local_x" v="-22.6803"/>
    <tag k="local_y" v="25.9386"/>
    <tag k="ele" v="-0.005"/>
  </node>
  <node id="1074" lat="" lon="">
    <tag k="mgrs_code" v="99XXX0-1000"/>
    <tag k="local_x" v="-22.5998"/>
    <tag k="local_y" v="26.1045"/>
    <tag k="ele" v="-0.005"/>
  </node>
  <node id="1075" lat="" lon="">
    <tag k="mgrs_code" v="99XXX0-1000"/>
    <tag k="local_x" v="-22.4878"/>
    <tag k="local_y" v="26.2528"/>
    <tag k="ele" v="-0.005"/>
  </node>
  <node id="1076" lat="" lon="">
    <tag k="mgrs_code" v="99XXX0-1000"/>
    <tag k="local_x" v="-22.3481"/>
    <tag k="local_y" v="26.3773"/>
    <tag k="ele" v="-0.005"/>
  </node>
  <node id="1077" lat="" lon="">
    <tag k="mgrs_code" v="99XXX0-1000"/>
    <tag k="local_x" v="-22.1858"/>
    <tag k="local_y" v="26.4731"/>
    <tag k="ele" v="-0.005"/>
  </node>
  <node id="1078" lat="" lon="">
    <tag k="mgrs_code" v="99XXX0-1000"/>
    <tag k="local_x" v="-21.8675"/>
    <tag k="local_y" v="26.5718"/>
    <tag k="ele" v="-0.005"/>
  </node>
  <node id="1082" lat="" lon="">
    <tag k="mgrs_code" v="99XXX0-1000"/>
    <tag k="local_x" v="-25.7821"/>
    <tag k="local_y" v="25.8595"/>
    <tag k="ele" v="-0.005"/>
  </node>
  <node id="1083" lat="" lon="">
    <tag k="mgrs_code" v="99XXX0-1000"/>
    <tag k="local_x" v="-25.8341"/>
    <tag k="local_y" v="26.2686"/>
    <tag k="ele" v="-0.005"/>
  </node>
  <node id="1084" lat="" lon="">
    <tag k="mgrs_code" v="99XXX0-1000"/>
    <tag k="local_x" v="-25.909"/>
    <tag k="local_y" v="26.6049"/>
    <tag k="ele" v="-0.005"/>
  </node>
  <node id="1085" lat="" lon="">
    <tag k="mgrs_code" v="99XXX0-1000"/>
    <tag k="local_x" v="-26.0137"/>
    <tag k="local_y" v="26.9332"/>
    <tag k="ele" v="-0.005"/>
  </node>
  <node id="1086" lat="" lon="">
    <tag k="mgrs_code" v="99XXX0-1000"/>
    <tag k="local_x" v="-26.1475"/>
    <tag k="local_y" v="27.251"/>
    <tag k="ele" v="-0.005"/>
  </node>
  <node id="1087" lat="" lon="">
    <tag k="mgrs_code" v="99XXX0-1000"/>
    <tag k="local_x" v="-26.3093"/>
    <tag k="local_y" v="27.5557"/>
    <tag k="ele" v="-0.005"/>
  </node>
  <node id="1088" lat="" lon="">
    <tag k="mgrs_code" v="99XXX0-1000"/>
    <tag k="local_x" v="-26.4978"/>
    <tag k="local_y" v="27.8447"/>
    <tag k="ele" v="-0.005"/>
  </node>
  <node id="1089" lat="" lon="">
    <tag k="mgrs_code" v="99XXX0-1000"/>
    <tag k="local_x" v="-26.7114"/>
    <tag k="local_y" v="28.1158"/>
    <tag k="ele" v="-0.005"/>
  </node>
  <node id="1090" lat="" lon="">
    <tag k="mgrs_code" v="99XXX0-1000"/>
    <tag k="local_x" v="-26.9486"/>
    <tag k="local_y" v="28.3668"/>
    <tag k="ele" v="-0.005"/>
  </node>
  <node id="1091" lat="" lon="">
    <tag k="mgrs_code" v="99XXX0-1000"/>
    <tag k="local_x" v="-27.2074"/>
    <tag k="local_y" v="28.5955"/>
    <tag k="ele" v="-0.005"/>
  </node>
  <node id="1092" lat="" lon="">
    <tag k="mgrs_code" v="99XXX0-1000"/>
    <tag k="local_x" v="-27.4858"/>
    <tag k="local_y" v="28.8003"/>
    <tag k="ele" v="-0.005"/>
  </node>
  <node id="1093" lat="" lon="">
    <tag k="mgrs_code" v="99XXX0-1000"/>
    <tag k="local_x" v="-27.7814"/>
    <tag k="local_y" v="28.9794"/>
    <tag k="ele" v="-0.005"/>
  </node>
  <node id="1094" lat="" lon="">
    <tag k="mgrs_code" v="99XXX0-1000"/>
    <tag k="local_x" v="-28.0921"/>
    <tag k="local_y" v="29.1313"/>
    <tag k="ele" v="-0.005"/>
  </node>
  <node id="1095" lat="" lon="">
    <tag k="mgrs_code" v="99XXX0-1000"/>
    <tag k="local_x" v="-28.4152"/>
    <tag k="local_y" v="29.2549"/>
    <tag k="ele" v="-0.005"/>
  </node>
  <node id="1096" lat="" lon="">
    <tag k="mgrs_code" v="99XXX0-1000"/>
    <tag k="local_x" v="-28.7482"/>
    <tag k="local_y" v="29.349"/>
    <tag k="ele" v="-0.005"/>
  </node>
  <node id="1097" lat="" lon="">
    <tag k="mgrs_code" v="99XXX0-1000"/>
    <tag k="local_x" v="-29.0885"/>
    <tag k="local_y" v="29.413"/>
    <tag k="ele" v="-0.005"/>
  </node>
  <node id="1098" lat="" lon="">
    <tag k="mgrs_code" v="99XXX0-1000"/>
    <tag k="local_x" v="-29.4999"/>
    <tag k="local_y" v="29.4509"/>
    <tag k="ele" v="-0.005"/>
  </node>
  <node id="1099" lat="" lon="">
    <tag k="mgrs_code" v="99XXX0-1000"/>
    <tag k="local_x" v="-22.7792"/>
    <tag k="local_y" v="26.2629"/>
    <tag k="ele" v="-0.005"/>
  </node>
  <node id="1100" lat="" lon="">
    <tag k="mgrs_code" v="99XXX0-1000"/>
    <tag k="local_x" v="-22.855"/>
    <tag k="local_y" v="26.8057"/>
    <tag k="ele" v="-0.005"/>
  </node>
  <node id="1101" lat="" lon="">
    <tag k="mgrs_code" v="99XXX0-1000"/>
    <tag k="local_x" v="-22.9927"/>
    <tag k="local_y" v="27.4059"/>
    <tag k="ele" v="-0.005"/>
  </node>
  <node id="1102" lat="" lon="">
    <tag k="mgrs_code" v="99XXX0-1000"/>
    <tag k="local_x" v="-23.1836"/>
    <tag k="local_y" v="27.9912"/>
    <tag k="ele" v="-0.005"/>
  </node>
  <node id="1103" lat="" lon="">
    <tag k="mgrs_code" v="99XXX0-1000"/>
    <tag k="local_x" v="-23.426"/>
    <tag k="local_y" v="28.557"/>
    <tag k="ele" v="-0.005"/>
  </node>
  <node id="1104" lat="" lon="">
    <tag k="mgrs_code" v="99XXX0-1000"/>
    <tag k="local_x" v="-23.7181"/>
    <tag k="local_y" v="29.0986"/>
    <tag k="ele" v="-0.005"/>
  </node>
  <node id="1105" lat="" lon="">
    <tag k="mgrs_code" v="99XXX0-1000"/>
    <tag k="local_x" v="-24.0575"/>
    <tag k="local_y" v="29.6119"/>
    <tag k="ele" v="-0.005"/>
  </node>
  <node id="1106" lat="" lon="">
    <tag k="mgrs_code" v="99XXX0-1000"/>
    <tag k="local_x" v="-24.4413"/>
    <tag k="local_y" v="30.0926"/>
    <tag k="ele" v="-0.005"/>
  </node>
  <node id="1107" lat="" lon="">
    <tag k="mgrs_code" v="99XXX0-1000"/>
    <tag k="local_x" v="-24.8666"/>
    <tag k="local_y" v="30.5368"/>
    <tag k="ele" v="-0.005"/>
  </node>
  <node id="1108" lat="" lon="">
    <tag k="mgrs_code" v="99XXX0-1000"/>
    <tag k="local_x" v="-25.3299"/>
    <tag k="local_y" v="30.9411"/>
    <tag k="ele" v="-0.005"/>
  </node>
  <node id="1109" lat="" lon="">
    <tag k="mgrs_code" v="99XXX0-1000"/>
    <tag k="local_x" v="-25.8274"/>
    <tag k="local_y" v="31.3023"/>
    <tag k="ele" v="-0.005"/>
  </node>
  <node id="1110" lat="" lon="">
    <tag k="mgrs_code" v="99XXX0-1000"/>
    <tag k="local_x" v="-26.3552"/>
    <tag k="local_y" v="31.6173"/>
    <tag k="ele" v="-0.005"/>
  </node>
  <node id="1111" lat="" lon="">
    <tag k="mgrs_code" v="99XXX0-1000"/>
    <tag k="local_x" v="-26.9089"/>
    <tag k="local_y" v="31.8838"/>
    <tag k="ele" v="-0.005"/>
  </node>
  <node id="1112" lat="" lon="">
    <tag k="mgrs_code" v="99XXX0-1000"/>
    <tag k="local_x" v="-27.4842"/>
    <tag k="local_y" v="32.0996"/>
    <tag k="ele" v="-0.005"/>
  </node>
  <node id="1113" lat="" lon="">
    <tag k="mgrs_code" v="99XXX0-1000"/>
    <tag k="local_x" v="-28.0763"/>
    <tag k="local_y" v="32.2629"/>
    <tag k="ele" v="-0.005"/>
  </node>
  <node id="1114" lat="" lon="">
    <tag k="mgrs_code" v="99XXX0-1000"/>
    <tag k="local_x" v="-28.6806"/>
    <tag k="local_y" v="32.3726"/>
    <tag k="ele" v="-0.005"/>
  </node>
  <node id="1115" lat="" lon="">
    <tag k="mgrs_code" v="99XXX0-1000"/>
    <tag k="local_x" v="-29.2254"/>
    <tag k="local_y" v="32.423"/>
    <tag k="ele" v="-0.005"/>
  </node>
  <node id="1119" lat="" lon="">
    <tag k="mgrs_code" v="99XXX0-1000"/>
    <tag k="local_x" v="-22.2295"/>
    <tag k="local_y" v="29.4898"/>
    <tag k="ele" v="-0.005"/>
  </node>
  <node id="1120" lat="" lon="">
    <tag k="mgrs_code" v="99XXX0-1000"/>
    <tag k="local_x" v="-22.6517"/>
    <tag k="local_y" v="29.4261"/>
    <tag k="ele" v="-0.005"/>
  </node>
  <node id="1121" lat="" lon="">
    <tag k="mgrs_code" v="99XXX0-1000"/>
    <tag k="local_x" v="-23.001"/>
    <tag k="local_y" v="29.3381"/>
    <tag k="ele" v="-0.005"/>
  </node>
  <node id="1122" lat="" lon="">
    <tag k="mgrs_code" v="99XXX0-1000"/>
    <tag k="local_x" v="-23.3404"/>
    <tag k="local_y" v="29.2185"/>
    <tag k="ele" v="-0.005"/>
  </node>
  <node id="1123" lat="" lon="">
    <tag k="mgrs_code" v="99XXX0-1000"/>
    <tag k="local_x" v="-23.6671"/>
    <tag k="local_y" v="29.0683"/>
    <tag k="ele" v="-0.005"/>
  </node>
  <node id="1124" lat="" lon="">
    <tag k="mgrs_code" v="99XXX0-1000"/>
    <tag k="local_x" v="-23.9784"/>
    <tag k="local_y" v="28.8887"/>
    <tag k="ele" v="-0.005"/>
  </node>
  <node id="1125" lat="" lon="">
    <tag k="mgrs_code" v="99XXX0-1000"/>
    <tag k="local_x" v="-24.2716"/>
    <tag k="local_y" v="28.6815"/>
    <tag k="ele" v="-0.005"/>
  </node>
  <node id="1126" lat="" lon="">
    <tag k="mgrs_code" v="99XXX0-1000"/>
    <tag k="local_x" v="-24.5443"/>
    <tag k="local_y" v="28.4483"/>
    <tag k="ele" v="-0.005"/>
  </node>
  <node id="1127" lat="" lon="">
    <tag k="mgrs_code" v="99XXX0-1000"/>
    <tag k="local_x" v="-24.7942"/>
    <tag k="local_y" v="28.1911"/>
    <tag k="ele" v="-0.005"/>
  </node>
  <node id="1128" lat="" lon="">
    <tag k="mgrs_code" v="99XXX0-1000"/>
    <tag k="local_x" v="-25.0192"/>
    <tag k="local_y" v="27.9123"/>
    <tag k="ele" v="-0.005"/>
  </node>
  <node id="1129" lat="" lon="">
    <tag k="mgrs_code" v="99XXX0-1000"/>
    <tag k="local_x" v="-25.2174"/>
    <tag k="local_y" v="27.6142"/>
    <tag k="ele" v="-0.005"/>
  </node>
  <node id="1130" lat="" lon="">
    <tag k="mgrs_code" v="99XXX0-1000"/>
    <tag k="local_x" v="-25.3872"/>
    <tag k="local_y" v="27.2993"/>
    <tag k="ele" v="-0.005"/>
  </node>
  <node id="1131" lat="" lon="">
    <tag k="mgrs_code" v="99XXX0-1000"/>
    <tag k="local_x" v="-25.5273"/>
    <tag k="local_y" v="26.9704"/>
    <tag k="ele" v="-0.005"/>
  </node>
  <node id="1132" lat="" lon="">
    <tag k="mgrs_code" v="99XXX0-1000"/>
    <tag k="local_x" v="-25.6364"/>
    <tag k="local_y" v="26.6303"/>
    <tag k="ele" v="-0.005"/>
  </node>
  <node id="1133" lat="" lon="">
    <tag k="mgrs_code" v="99XXX0-1000"/>
    <tag k="local_x" v="-25.7136"/>
    <tag k="local_y" v="26.2818"/>
    <tag k="ele" v="-0.005"/>
  </node>
  <node id="1134" lat="" lon="">
    <tag k="mgrs_code" v="99XXX0-1000"/>
    <tag k="local_x" v="-25.7661"/>
    <tag k="local_y" v="25.8597"/>
    <tag k="ele" v="-0.005"/>
  </node>
  <node id="1135" lat="" lon="">
    <tag k="mgrs_code" v="99XXX0-1000"/>
    <tag k="local_x" v="-22.6521"/>
    <tag k="local_y" v="32.3531"/>
    <tag k="ele" v="-0.005"/>
  </node>
  <node id="1136" lat="" lon="">
    <tag k="mgrs_code" v="99XXX0-1000"/>
    <tag k="local_x" v="-23.207"/>
    <tag k="local_y" v="32.2726"/>
    <tag k="ele" v="-0.005"/>
  </node>
  <node id="1137" lat="" lon="">
    <tag k="mgrs_code" v="99XXX0-1000"/>
    <tag k="local_x" v="-23.8174"/>
    <tag k="local_y" v="32.127"/>
    <tag k="ele" v="-0.005"/>
  </node>
  <node id="1138" lat="" lon="">
    <tag k="mgrs_code" v="99XXX0-1000"/>
    <tag k="local_x" v="-24.4121"/>
    <tag k="local_y" v="31.9257"/>
    <tag k="ele" v="-0.005"/>
  </node>
  <node id="1139" lat="" lon="">
    <tag k="mgrs_code" v="99XXX0-1000"/>
    <tag k="local_x" v="-24.986"/>
    <tag k="local_y" v="31.6705"/>
    <tag k="ele" v="-0.005"/>
  </node>
  <node id="1140" lat="" lon="">
    <tag k="mgrs_code" v="99XXX0-1000"/>
    <tag k="local_x" v="-25.5342"/>
    <tag k="local_y" v="31.3634"/>
    <tag k="ele" v="-0.005"/>
  </node>
  <node id="1141" lat="" lon="">
    <tag k="mgrs_code" v="99XXX0-1000"/>
    <tag k="local_x" v="-26.0521"/>
    <tag k="local_y" v="31.007"/>
    <tag k="ele" v="-0.005"/>
  </node>
  <node id="1142" lat="" lon="">
    <tag k="mgrs_code" v="99XXX0-1000"/>
    <tag k="local_x" v="-26.5351"/>
    <tag k="local_y" v="30.6044"/>
    <tag k="ele" v="-0.005"/>
  </node>
  <node id="1143" lat="" lon="">
    <tag k="mgrs_code" v="99XXX0-1000"/>
    <tag k="local_x" v="-26.9792"/>
    <tag k="local_y" v="30.1587"/>
    <tag k="ele" v="-0.005"/>
  </node>
  <node id="1144" lat="" lon="">
    <tag k="mgrs_code" v="99XXX0-1000"/>
    <tag k="local_x" v="-27.3806"/>
    <tag k="local_y" v="29.6739"/>
    <tag k="ele" v="-0.005"/>
  </node>
  <node id="1145" lat="" lon="">
    <tag k="mgrs_code" v="99XXX0-1000"/>
    <tag k="local_x" v="-27.7359"/>
    <tag k="local_y" v="29.154"/>
    <tag k="ele" v="-0.005"/>
  </node>
  <node id="1146" lat="" lon="">
    <tag k="mgrs_code" v="99XXX0-1000"/>
    <tag k="local_x" v="-28.0419"/>
    <tag k="local_y" v="28.6034"/>
    <tag k="ele" v="-0.005"/>
  </node>
  <node id="1147" lat="" lon="">
    <tag k="mgrs_code" v="99XXX0-1000"/>
    <tag k="local_x" v="-28.296"/>
    <tag k="local_y" v="28.0267"/>
    <tag k="ele" v="-0.005"/>
  </node>
  <node id="1148" lat="" lon="">
    <tag k="mgrs_code" v="99XXX0-1000"/>
    <tag k="local_x" v="-28.4961"/>
    <tag k="local_y" v="27.4288"/>
    <tag k="ele" v="-0.005"/>
  </node>
  <node id="1149" lat="" lon="">
    <tag k="mgrs_code" v="99XXX0-1000"/>
    <tag k="local_x" v="-28.6404"/>
    <tag k="local_y" v="26.8148"/>
    <tag k="ele" v="-0.005"/>
  </node>
  <node id="1150" lat="" lon="">
    <tag k="mgrs_code" v="99XXX0-1000"/>
    <tag k="local_x" v="-28.72"/>
    <tag k="local_y" v="26.2581"/>
    <tag k="ele" v="-0.005"/>
  </node>
  <node id="1157" lat="" lon="">
    <tag k="mgrs_code" v="99XXX0-1000"/>
    <tag k="local_x" v="-8.3752"/>
    <tag k="local_y" v="29.5038"/>
    <tag k="ele" v="-0.005"/>
  </node>
  <node id="1158" lat="" lon="">
    <tag k="mgrs_code" v="99XXX0-1000"/>
    <tag k="local_x" v="-7.7846"/>
    <tag k="local_y" v="29.3233"/>
    <tag k="ele" v="-0.005"/>
  </node>
  <node id="1159" lat="" lon="">
    <tag k="mgrs_code" v="99XXX0-1000"/>
    <tag k="local_x" v="-7.1084"/>
    <tag k="local_y" v="28.968"/>
    <tag k="ele" v="-0.005"/>
  </node>
  <node id="1160" lat="" lon="">
    <tag k="mgrs_code" v="99XXX0-1000"/>
    <tag k="local_x" v="-6.515"/>
    <tag k="local_y" v="28.4863"/>
    <tag k="ele" v="-0.005"/>
  </node>
  <node id="1161" lat="" lon="">
    <tag k="mgrs_code" v="99XXX0-1000"/>
    <tag k="local_x" v="-6.0278"/>
    <tag k="local_y" v="27.8969"/>
    <tag k="ele" v="-0.005"/>
  </node>
  <node id="1162" lat="" lon="">
    <tag k="mgrs_code" v="99XXX0-1000"/>
    <tag k="local_x" v="-5.6658"/>
    <tag k="local_y" v="27.2226"/>
    <tag k="ele" v="-0.005"/>
  </node>
  <node id="1163" lat="" lon="">
    <tag k="mgrs_code" v="99XXX0-1000"/>
    <tag k="local_x" v="-5.4789"/>
    <tag k="local_y" v="26.6329"/>
    <tag k="ele" v="-0.005"/>
  </node>
  <node id="1164" lat="" lon="">
    <tag k="mgrs_code" v="99XXX0-1000"/>
    <tag k="local_x" v="-9.2147"/>
    <tag k="local_y" v="26.679"/>
    <tag k="ele" v="-0.005"/>
  </node>
  <node id="1165" lat="" lon="">
    <tag k="mgrs_code" v="99XXX0-1000"/>
    <tag k="local_x" v="-8.9012"/>
    <tag k="local_y" v="26.5908"/>
    <tag k="ele" v="-0.005"/>
  </node>
  <node id="1166" lat="" lon="">
    <tag k="mgrs_code" v="99XXX0-1000"/>
    <tag k="local_x" v="-8.7438"/>
    <tag k="local_y" v="26.5046"/>
    <tag k="ele" v="-0.005"/>
  </node>
  <node id="1167" lat="" lon="">
    <tag k="mgrs_code" v="99XXX0-1000"/>
    <tag k="local_x" v="-8.6069"/>
    <tag k="local_y" v="26.3895"/>
    <tag k="ele" v="-0.005"/>
  </node>
  <node id="1168" lat="" lon="">
    <tag k="mgrs_code" v="99XXX0-1000"/>
    <tag k="local_x" v="-8.4956"/>
    <tag k="local_y" v="26.2501"/>
    <tag k="ele" v="-0.005"/>
  </node>
  <node id="1169" lat="" lon="">
    <tag k="mgrs_code" v="99XXX0-1000"/>
    <tag k="local_x" v="-8.4142"/>
    <tag k="local_y" v="26.0919"/>
    <tag k="ele" v="-0.005"/>
  </node>
  <node id="1170" lat="" lon="">
    <tag k="mgrs_code" v="99XXX0-1000"/>
    <tag k="local_x" v="-8.3303"/>
    <tag k="local_y" v="25.7781"/>
    <tag k="ele" v="-0.005"/>
  </node>
  <node id="1177" lat="" lon="">
    <tag k="mgrs_code" v="99XXX0-1000"/>
    <tag k="local_x" v="-5.2567"/>
    <tag k="local_y" v="26.5729"/>
    <tag k="ele" v="-0.0044"/>
  </node>
  <node id="1178" lat="" lon="">
    <tag k="mgrs_code" v="99XXX0-1000"/>
    <tag k="local_x" v="-5.0666"/>
    <tag k="local_y" v="27.1619"/>
    <tag k="ele" v="-0.0044"/>
  </node>
  <node id="1179" lat="" lon="">
    <tag k="mgrs_code" v="99XXX0-1000"/>
    <tag k="local_x" v="-4.7005"/>
    <tag k="local_y" v="27.8355"/>
    <tag k="ele" v="-0.0044"/>
  </node>
  <node id="1180" lat="" lon="">
    <tag k="mgrs_code" v="99XXX0-1000"/>
    <tag k="local_x" v="-4.2097"/>
    <tag k="local_y" v="28.4245"/>
    <tag k="ele" v="-0.0044"/>
  </node>
  <node id="1181" lat="" lon="">
    <tag k="mgrs_code" v="99XXX0-1000"/>
    <tag k="local_x" v="-3.6129"/>
    <tag k="local_y" v="28.906"/>
    <tag k="ele" v="-0.0044"/>
  </node>
  <node id="1182" lat="" lon="">
    <tag k="mgrs_code" v="99XXX0-1000"/>
    <tag k="local_x" v="-2.9333"/>
    <tag k="local_y" v="29.2615"/>
    <tag k="ele" v="-0.0044"/>
  </node>
  <node id="1183" lat="" lon="">
    <tag k="mgrs_code" v="99XXX0-1000"/>
    <tag k="local_x" v="-2.3412"/>
    <tag k="local_y" v="29.4427"/>
    <tag k="ele" v="-0.0044"/>
  </node>
  <node id="1184" lat="" lon="">
    <tag k="mgrs_code" v="99XXX0-1000"/>
    <tag k="local_x" v="-2.3909"/>
    <tag k="local_y" v="25.6817"/>
    <tag k="ele" v="-0.0044"/>
  </node>
  <node id="1185" lat="" lon="">
    <tag k="mgrs_code" v="99XXX0-1000"/>
    <tag k="local_x" v="-2.3012"/>
    <tag k="local_y" v="25.9926"/>
    <tag k="ele" v="-0.0044"/>
  </node>
  <node id="1186" lat="" lon="">
    <tag k="mgrs_code" v="99XXX0-1000"/>
    <tag k="local_x" v="-2.2166"/>
    <tag k="local_y" v="26.1468"/>
    <tag k="ele" v="-0.0044"/>
  </node>
  <node id="1187" lat="" lon="">
    <tag k="mgrs_code" v="99XXX0-1000"/>
    <tag k="local_x" v="-2.1035"/>
    <tag k="local_y" v="26.2813"/>
    <tag k="ele" v="-0.0044"/>
  </node>
  <node id="1188" lat="" lon="">
    <tag k="mgrs_code" v="99XXX0-1000"/>
    <tag k="local_x" v="-1.9663"/>
    <tag k="local_y" v="26.391"/>
    <tag k="ele" v="-0.0044"/>
  </node>
  <node id="1189" lat="" lon="">
    <tag k="mgrs_code" v="99XXX0-1000"/>
    <tag k="local_x" v="-1.8105"/>
    <tag k="local_y" v="26.4717"/>
    <tag k="ele" v="-0.0044"/>
  </node>
  <node id="1190" lat="" lon="">
    <tag k="mgrs_code" v="99XXX0-1000"/>
    <tag k="local_x" v="-1.4979"/>
    <tag k="local_y" v="26.5548"/>
    <tag k="ele" v="-0.0044"/>
  </node>
  <node id="1194" lat="" lon="">
    <tag k="mgrs_code" v="99XXX0-1000"/>
    <tag k="local_x" v="-5.3796"/>
    <tag k="local_y" v="25.9417"/>
    <tag k="ele" v="-0.0044"/>
  </node>
  <node id="1195" lat="" lon="">
    <tag k="mgrs_code" v="99XXX0-1000"/>
    <tag k="local_x" v="-5.4259"/>
    <tag k="local_y" v="26.3453"/>
    <tag k="ele" v="-0.0044"/>
  </node>
  <node id="1196" lat="" lon="">
    <tag k="mgrs_code" v="99XXX0-1000"/>
    <tag k="local_x" v="-5.4951"/>
    <tag k="local_y" v="26.6787"/>
    <tag k="ele" v="-0.0044"/>
  </node>
  <node id="1197" lat="" lon="">
    <tag k="mgrs_code" v="99XXX0-1000"/>
    <tag k="local_x" v="-5.5933"/>
    <tag k="local_y" v="27.0051"/>
    <tag k="ele" v="-0.0044"/>
  </node>
  <node id="1198" lat="" lon="">
    <tag k="mgrs_code" v="99XXX0-1000"/>
    <tag k="local_x" v="-5.72"/>
    <tag k="local_y" v="27.3217"/>
    <tag k="ele" v="-0.0044"/>
  </node>
  <node id="1199" lat="" lon="">
    <tag k="mgrs_code" v="99XXX0-1000"/>
    <tag k="local_x" v="-5.8742"/>
    <tag k="local_y" v="27.6263"/>
    <tag k="ele" v="-0.0044"/>
  </node>
  <node id="1200" lat="" lon="">
    <tag k="mgrs_code" v="99XXX0-1000"/>
    <tag k="local_x" v="-6.0547"/>
    <tag k="local_y" v="27.9164"/>
    <tag k="ele" v="-0.0044"/>
  </node>
  <node id="1201" lat="" lon="">
    <tag k="mgrs_code" v="99XXX0-1000"/>
    <tag k="local_x" v="-6.2602"/>
    <tag k="local_y" v="28.1897"/>
    <tag k="ele" v="-0.0044"/>
  </node>
  <node id="1202" lat="" lon="">
    <tag k="mgrs_code" v="99XXX0-1000"/>
    <tag k="local_x" v="-6.4892"/>
    <tag k="local_y" v="28.4441"/>
    <tag k="ele" v="-0.0044"/>
  </node>
  <node id="1203" lat="" lon="">
    <tag k="mgrs_code" v="99XXX0-1000"/>
    <tag k="local_x" v="-6.7399"/>
    <tag k="local_y" v="28.6776"/>
    <tag k="ele" v="-0.0044"/>
  </node>
  <node id="1204" lat="" lon="">
    <tag k="mgrs_code" v="99XXX0-1000"/>
    <tag k="local_x" v="-7.0103"/>
    <tag k="local_y" v="28.8883"/>
    <tag k="ele" v="-0.0044"/>
  </node>
  <node id="1205" lat="" lon="">
    <tag k="mgrs_code" v="99XXX0-1000"/>
    <tag k="local_x" v="-7.2985"/>
    <tag k="local_y" v="29.0746"/>
    <tag k="ele" v="-0.0044"/>
  </node>
  <node id="1206" lat="" lon="">
    <tag k="mgrs_code" v="99XXX0-1000"/>
    <tag k="local_x" v="-7.6022"/>
    <tag k="local_y" v="29.2349"/>
    <tag k="ele" v="-0.0044"/>
  </node>
  <node id="1207" lat="" lon="">
    <tag k="mgrs_code" v="99XXX0-1000"/>
    <tag k="local_x" v="-7.9192"/>
    <tag k="local_y" v="29.368"/>
    <tag k="ele" v="-0.0044"/>
  </node>
  <node id="1208" lat="" lon="">
    <tag k="mgrs_code" v="99XXX0-1000"/>
    <tag k="local_x" v="-8.2468"/>
    <tag k="local_y" v="29.4729"/>
    <tag k="ele" v="-0.0044"/>
  </node>
  <node id="1209" lat="" lon="">
    <tag k="mgrs_code" v="99XXX0-1000"/>
    <tag k="local_x" v="-8.5827"/>
    <tag k="local_y" v="29.5485"/>
    <tag k="ele" v="-0.0044"/>
  </node>
  <node id="1210" lat="" lon="">
    <tag k="mgrs_code" v="99XXX0-1000"/>
    <tag k="local_x" v="-8.9877"/>
    <tag k="local_y" v="29.6008"/>
    <tag k="ele" v="-0.0044"/>
  </node>
  <node id="1211" lat="" lon="">
    <tag k="mgrs_code" v="99XXX0-1000"/>
    <tag k="local_x" v="-2.4022"/>
    <tag k="local_y" v="26.3192"/>
    <tag k="ele" v="-0.0044"/>
  </node>
  <node id="1212" lat="" lon="">
    <tag k="mgrs_code" v="99XXX0-1000"/>
    <tag k="local_x" v="-2.4747"/>
    <tag k="local_y" v="26.8524"/>
    <tag k="ele" v="-0.0044"/>
  </node>
  <node id="1213" lat="" lon="">
    <tag k="mgrs_code" v="99XXX0-1000"/>
    <tag k="local_x" v="-2.6063"/>
    <tag k="local_y" v="27.4417"/>
    <tag k="ele" v="-0.0044"/>
  </node>
  <node id="1214" lat="" lon="">
    <tag k="mgrs_code" v="99XXX0-1000"/>
    <tag k="local_x" v="-2.7891"/>
    <tag k="local_y" v="28.0169"/>
    <tag k="ele" v="-0.0044"/>
  </node>
  <node id="1215" lat="" lon="">
    <tag k="mgrs_code" v="99XXX0-1000"/>
    <tag k="local_x" v="-3.0217"/>
    <tag k="local_y" v="28.5734"/>
    <tag k="ele" v="-0.0044"/>
  </node>
  <node id="1216" lat="" lon="">
    <tag k="mgrs_code" v="99XXX0-1000"/>
    <tag k="local_x" v="-3.3022"/>
    <tag k="local_y" v="29.1072"/>
    <tag k="ele" v="-0.0044"/>
  </node>
  <node id="1217" lat="" lon="">
    <tag k="mgrs_code" v="99XXX0-1000"/>
    <tag k="local_x" v="-3.6284"/>
    <tag k="local_y" v="29.6139"/>
    <tag k="ele" v="-0.0044"/>
  </node>
  <node id="1218" lat="" lon="">
    <tag k="mgrs_code" v="99XXX0-1000"/>
    <tag k="local_x" v="-3.9977"/>
    <tag k="local_y" v="30.0897"/>
    <tag k="ele" v="-0.0044"/>
  </node>
  <node id="1219" lat="" lon="">
    <tag k="mgrs_code" v="99XXX0-1000"/>
    <tag k="local_x" v="-4.4073"/>
    <tag k="local_y" v="30.531"/>
    <tag k="ele" v="-0.0044"/>
  </node>
  <node id="1220" lat="" lon="">
    <tag k="mgrs_code" v="99XXX0-1000"/>
    <tag k="local_x" v="-4.8538"/>
    <tag k="local_y" v="30.9344"/>
    <tag k="ele" v="-0.0044"/>
  </node>
  <node id="1221" lat="" lon="">
    <tag k="mgrs_code" v="99XXX0-1000"/>
    <tag k="local_x" v="-5.3339"/>
    <tag k="local_y" v="31.2967"/>
    <tag k="ele" v="-0.0044"/>
  </node>
  <node id="1222" lat="" lon="">
    <tag k="mgrs_code" v="99XXX0-1000"/>
    <tag k="local_x" v="-5.8437"/>
    <tag k="local_y" v="31.6153"/>
    <tag k="ele" v="-0.0044"/>
  </node>
  <node id="1223" lat="" lon="">
    <tag k="mgrs_code" v="99XXX0-1000"/>
    <tag k="local_x" v="-6.3793"/>
    <tag k="local_y" v="31.8877"/>
    <tag k="ele" v="-0.0044"/>
  </node>
  <node id="1224" lat="" lon="">
    <tag k="mgrs_code" v="99XXX0-1000"/>
    <tag k="local_x" v="-6.9365"/>
    <tag k="local_y" v="32.1118"/>
    <tag k="ele" v="-0.0044"/>
  </node>
  <node id="1225" lat="" lon="">
    <tag k="mgrs_code" v="99XXX0-1000"/>
    <tag k="local_x" v="-7.511"/>
    <tag k="local_y" v="32.2859"/>
    <tag k="ele" v="-0.0044"/>
  </node>
  <node id="1226" lat="" lon="">
    <tag k="mgrs_code" v="99XXX0-1000"/>
    <tag k="local_x" v="-8.0982"/>
    <tag k="local_y" v="32.4088"/>
    <tag k="ele" v="-0.0044"/>
  </node>
  <node id="1227" lat="" lon="">
    <tag k="mgrs_code" v="99XXX0-1000"/>
    <tag k="local_x" v="-8.6304"/>
    <tag k="local_y" v="32.4731"/>
    <tag k="ele" v="-0.0044"/>
  </node>
  <node id="1231" lat="" lon="">
    <tag k="mgrs_code" v="99XXX0-1000"/>
    <tag k="local_x" v="-1.7667"/>
    <tag k="local_y" v="29.5449"/>
    <tag k="ele" v="-0.0031"/>
  </node>
  <node id="1232" lat="" lon="">
    <tag k="mgrs_code" v="99XXX0-1000"/>
    <tag k="local_x" v="-2.19"/>
    <tag k="local_y" v="29.4939"/>
    <tag k="ele" v="-0.0031"/>
  </node>
  <node id="1233" lat="" lon="">
    <tag k="mgrs_code" v="99XXX0-1000"/>
    <tag k="local_x" v="-2.5395"/>
    <tag k="local_y" v="29.4165"/>
    <tag k="ele" v="-0.0031"/>
  </node>
  <node id="1234" lat="" lon="">
    <tag k="mgrs_code" v="99XXX0-1000"/>
    <tag k="local_x" v="-2.8802"/>
    <tag k="local_y" v="29.307"/>
    <tag k="ele" v="-0.0031"/>
  </node>
  <node id="1235" lat="" lon="">
    <tag k="mgrs_code" v="99XXX0-1000"/>
    <tag k="local_x" v="-3.2091"/>
    <tag k="local_y" v="29.1663"/>
    <tag k="ele" v="-0.0031"/>
  </node>
  <node id="1236" lat="" lon="">
    <tag k="mgrs_code" v="99XXX0-1000"/>
    <tag k="local_x" v="-3.5233"/>
    <tag k="local_y" v="28.9957"/>
    <tag k="ele" v="-0.0031"/>
  </node>
  <node id="1237" lat="" lon="">
    <tag k="mgrs_code" v="99XXX0-1000"/>
    <tag k="local_x" v="-3.8201"/>
    <tag k="local_y" v="28.7966"/>
    <tag k="ele" v="-0.0031"/>
  </node>
  <node id="1238" lat="" lon="">
    <tag k="mgrs_code" v="99XXX0-1000"/>
    <tag k="local_x" v="-4.097"/>
    <tag k="local_y" v="28.5709"/>
    <tag k="ele" v="-0.0031"/>
  </node>
  <node id="1239" lat="" lon="">
    <tag k="mgrs_code" v="99XXX0-1000"/>
    <tag k="local_x" v="-4.3516"/>
    <tag k="local_y" v="28.3205"/>
    <tag k="ele" v="-0.0031"/>
  </node>
  <node id="1240" lat="" lon="">
    <tag k="mgrs_code" v="99XXX0-1000"/>
    <tag k="local_x" v="-4.5817"/>
    <tag k="local_y" v="28.0476"/>
    <tag k="ele" v="-0.0031"/>
  </node>
  <node id="1241" lat="" lon="">
    <tag k="mgrs_code" v="99XXX0-1000"/>
    <tag k="local_x" v="-4.7852"/>
    <tag k="local_y" v="27.7547"/>
    <tag k="ele" v="-0.0031"/>
  </node>
  <node id="1242" lat="" lon="">
    <tag k="mgrs_code" v="99XXX0-1000"/>
    <tag k="local_x" v="-4.9606"/>
    <tag k="local_y" v="27.4441"/>
    <tag k="ele" v="-0.0031"/>
  </node>
  <node id="1243" lat="" lon="">
    <tag k="mgrs_code" v="99XXX0-1000"/>
    <tag k="local_x" v="-5.1062"/>
    <tag k="local_y" v="27.1188"/>
    <tag k="ele" v="-0.0031"/>
  </node>
  <node id="1244" lat="" lon="">
    <tag k="mgrs_code" v="99XXX0-1000"/>
    <tag k="local_x" v="-5.2209"/>
    <tag k="local_y" v="26.7814"/>
    <tag k="ele" v="-0.0031"/>
  </node>
  <node id="1245" lat="" lon="">
    <tag k="mgrs_code" v="99XXX0-1000"/>
    <tag k="local_x" v="-5.3036"/>
    <tag k="local_y" v="26.435"/>
    <tag k="ele" v="-0.0031"/>
  </node>
  <node id="1246" lat="" lon="">
    <tag k="mgrs_code" v="99XXX0-1000"/>
    <tag k="local_x" v="-5.3621"/>
    <tag k="local_y" v="26.0137"/>
    <tag k="ele" v="-0.0031"/>
  </node>
  <node id="1247" lat="" lon="">
    <tag k="mgrs_code" v="99XXX0-1000"/>
    <tag k="local_x" v="-2.1172"/>
    <tag k="local_y" v="32.4513"/>
    <tag k="ele" v="-0.0031"/>
  </node>
  <node id="1248" lat="" lon="">
    <tag k="mgrs_code" v="99XXX0-1000"/>
    <tag k="local_x" v="-2.676"/>
    <tag k="local_y" v="32.384"/>
    <tag k="ele" v="-0.0031"/>
  </node>
  <node id="1249" lat="" lon="">
    <tag k="mgrs_code" v="99XXX0-1000"/>
    <tag k="local_x" v="-3.2933"/>
    <tag k="local_y" v="32.252"/>
    <tag k="ele" v="-0.0031"/>
  </node>
  <node id="1250" lat="" lon="">
    <tag k="mgrs_code" v="99XXX0-1000"/>
    <tag k="local_x" v="-3.8958"/>
    <tag k="local_y" v="32.0631"/>
    <tag k="ele" v="-0.0031"/>
  </node>
  <node id="1251" lat="" lon="">
    <tag k="mgrs_code" v="99XXX0-1000"/>
    <tag k="local_x" v="-4.4782"/>
    <tag k="local_y" v="31.8189"/>
    <tag k="ele" v="-0.0031"/>
  </node>
  <node id="1252" lat="" lon="">
    <tag k="mgrs_code" v="99XXX0-1000"/>
    <tag k="local_x" v="-5.0355"/>
    <tag k="local_y" v="31.5215"/>
    <tag k="ele" v="-0.0031"/>
  </node>
  <node id="1253" lat="" lon="">
    <tag k="mgrs_code" v="99XXX0-1000"/>
    <tag k="local_x" v="-5.5628"/>
    <tag k="local_y" v="31.1734"/>
    <tag k="ele" v="-0.0031"/>
  </node>
  <node id="1254" lat="" lon="">
    <tag k="mgrs_code" v="99XXX0-1000"/>
    <tag k="local_x" v="-6.0556"/>
    <tag k="local_y" v="30.7776"/>
    <tag k="ele" v="-0.0031"/>
  </node>
  <node id="1255" lat="" lon="">
    <tag k="mgrs_code" v="99XXX0-1000"/>
    <tag k="local_x" v="-6.5094"/>
    <tag k="local_y" v="30.3376"/>
    <tag k="ele" v="-0.0031"/>
  </node>
  <node id="1256" lat="" lon="">
    <tag k="mgrs_code" v="99XXX0-1000"/>
    <tag k="local_x" v="-6.9205"/>
    <tag k="local_y" v="29.8571"/>
    <tag k="ele" v="-0.0031"/>
  </node>
  <node id="1257" lat="" lon="">
    <tag k="mgrs_code" v="99XXX0-1000"/>
    <tag k="local_x" v="-7.2851"/>
    <tag k="local_y" v="29.3403"/>
    <tag k="ele" v="-0.0031"/>
  </node>
  <node id="1258" lat="" lon="">
    <tag k="mgrs_code" v="99XXX0-1000"/>
    <tag k="local_x" v="-7.6001"/>
    <tag k="local_y" v="28.7917"/>
    <tag k="ele" v="-0.0031"/>
  </node>
  <node id="1259" lat="" lon="">
    <tag k="mgrs_code" v="99XXX0-1000"/>
    <tag k="local_x" v="-7.8628"/>
    <tag k="local_y" v="28.216"/>
    <tag k="ele" v="-0.0031"/>
  </node>
  <node id="1260" lat="" lon="">
    <tag k="mgrs_code" v="99XXX0-1000"/>
    <tag k="local_x" v="-8.0708"/>
    <tag k="local_y" v="27.6182"/>
    <tag k="ele" v="-0.0031"/>
  </node>
  <node id="1261" lat="" lon="">
    <tag k="mgrs_code" v="99XXX0-1000"/>
    <tag k="local_x" v="-8.2222"/>
    <tag k="local_y" v="27.0035"/>
    <tag k="ele" v="-0.0031"/>
  </node>
  <node id="1262" lat="" lon="">
    <tag k="mgrs_code" v="99XXX0-1000"/>
    <tag k="local_x" v="-8.3074"/>
    <tag k="local_y" v="26.4461"/>
    <tag k="ele" v="-0.0031"/>
  </node>
  <node id="1266" lat="" lon="">
    <tag k="mgrs_code" v="99XXX0-1000"/>
    <tag k="local_x" v="-1.4594"/>
    <tag k="local_y" v="29.5472"/>
    <tag k="ele" v="-0.0033"/>
  </node>
  <node id="1267" lat="" lon="">
    <tag k="mgrs_code" v="99XXX0-1000"/>
    <tag k="local_x" v="-1.938"/>
    <tag k="local_y" v="29.5566"/>
    <tag k="ele" v="-0.0033"/>
  </node>
  <node id="1268" lat="" lon="">
    <tag k="mgrs_code" v="99XXX0-1000"/>
    <tag k="local_x" v="-2.4155"/>
    <tag k="local_y" v="29.5653"/>
    <tag k="ele" v="-0.0033"/>
  </node>
  <node id="1269" lat="" lon="">
    <tag k="mgrs_code" v="99XXX0-1000"/>
    <tag k="local_x" v="-2.893"/>
    <tag k="local_y" v="29.5732"/>
    <tag k="ele" v="-0.0033"/>
  </node>
  <node id="1270" lat="" lon="">
    <tag k="mgrs_code" v="99XXX0-1000"/>
    <tag k="local_x" v="-3.3705"/>
    <tag k="local_y" v="29.5803"/>
    <tag k="ele" v="-0.0033"/>
  </node>
  <node id="1271" lat="" lon="">
    <tag k="mgrs_code" v="99XXX0-1000"/>
    <tag k="local_x" v="-3.848"/>
    <tag k="local_y" v="29.5867"/>
    <tag k="ele" v="-0.0033"/>
  </node>
  <node id="1272" lat="" lon="">
    <tag k="mgrs_code" v="99XXX0-1000"/>
    <tag k="local_x" v="-4.3255"/>
    <tag k="local_y" v="29.5923"/>
    <tag k="ele" v="-0.0033"/>
  </node>
  <node id="1273" lat="" lon="">
    <tag k="mgrs_code" v="99XXX0-1000"/>
    <tag k="local_x" v="-4.8031"/>
    <tag k="local_y" v="29.5972"/>
    <tag k="ele" v="-0.0033"/>
  </node>
  <node id="1274" lat="" lon="">
    <tag k="mgrs_code" v="99XXX0-1000"/>
    <tag k="local_x" v="-5.2806"/>
    <tag k="local_y" v="29.6014"/>
    <tag k="ele" v="-0.0033"/>
  </node>
  <node id="1275" lat="" lon="">
    <tag k="mgrs_code" v="99XXX0-1000"/>
    <tag k="local_x" v="-5.7582"/>
    <tag k="local_y" v="29.6048"/>
    <tag k="ele" v="-0.0033"/>
  </node>
  <node id="1276" lat="" lon="">
    <tag k="mgrs_code" v="99XXX0-1000"/>
    <tag k="local_x" v="-6.2358"/>
    <tag k="local_y" v="29.6074"/>
    <tag k="ele" v="-0.0033"/>
  </node>
  <node id="1277" lat="" lon="">
    <tag k="mgrs_code" v="99XXX0-1000"/>
    <tag k="local_x" v="-6.7133"/>
    <tag k="local_y" v="29.6093"/>
    <tag k="ele" v="-0.0033"/>
  </node>
  <node id="1278" lat="" lon="">
    <tag k="mgrs_code" v="99XXX0-1000"/>
    <tag k="local_x" v="-7.1909"/>
    <tag k="local_y" v="29.6105"/>
    <tag k="ele" v="-0.0033"/>
  </node>
  <node id="1279" lat="" lon="">
    <tag k="mgrs_code" v="99XXX0-1000"/>
    <tag k="local_x" v="-7.6685"/>
    <tag k="local_y" v="29.6109"/>
    <tag k="ele" v="-0.0033"/>
  </node>
  <node id="1280" lat="" lon="">
    <tag k="mgrs_code" v="99XXX0-1000"/>
    <tag k="local_x" v="-8.1461"/>
    <tag k="local_y" v="29.6106"/>
    <tag k="ele" v="-0.0033"/>
  </node>
  <node id="1281" lat="" lon="">
    <tag k="mgrs_code" v="99XXX0-1000"/>
    <tag k="local_x" v="-8.6237"/>
    <tag k="local_y" v="29.6095"/>
    <tag k="ele" v="-0.0033"/>
  </node>
  <node id="1282" lat="" lon="">
    <tag k="mgrs_code" v="99XXX0-1000"/>
    <tag k="local_x" v="-9.1024"/>
    <tag k="local_y" v="29.6077"/>
    <tag k="ele" v="-0.0033"/>
  </node>
  <node id="1283" lat="" lon="">
    <tag k="mgrs_code" v="99XXX0-1000"/>
    <tag k="local_x" v="-1.4082"/>
    <tag k="local_y" v="32.4742"/>
    <tag k="ele" v="-0.0033"/>
  </node>
  <node id="1284" lat="" lon="">
    <tag k="mgrs_code" v="99XXX0-1000"/>
    <tag k="local_x" v="-1.8892"/>
    <tag k="local_y" v="32.4816"/>
    <tag k="ele" v="-0.0033"/>
  </node>
  <node id="1285" lat="" lon="">
    <tag k="mgrs_code" v="99XXX0-1000"/>
    <tag k="local_x" v="-2.3713"/>
    <tag k="local_y" v="32.4882"/>
    <tag k="ele" v="-0.0033"/>
  </node>
  <node id="1286" lat="" lon="">
    <tag k="mgrs_code" v="99XXX0-1000"/>
    <tag k="local_x" v="-2.8534"/>
    <tag k="local_y" v="32.4941"/>
    <tag k="ele" v="-0.0033"/>
  </node>
  <node id="1287" lat="" lon="">
    <tag k="mgrs_code" v="99XXX0-1000"/>
    <tag k="local_x" v="-3.3355"/>
    <tag k="local_y" v="32.4993"/>
    <tag k="ele" v="-0.0033"/>
  </node>
  <node id="1288" lat="" lon="">
    <tag k="mgrs_code" v="99XXX0-1000"/>
    <tag k="local_x" v="-3.8176"/>
    <tag k="local_y" v="32.5036"/>
    <tag k="ele" v="-0.0033"/>
  </node>
  <node id="1289" lat="" lon="">
    <tag k="mgrs_code" v="99XXX0-1000"/>
    <tag k="local_x" v="-4.2919"/>
    <tag k="local_y" v="32.4993"/>
    <tag k="ele" v="-0.0033"/>
  </node>
  <node id="1290" lat="" lon="">
    <tag k="mgrs_code" v="99XXX0-1000"/>
    <tag k="local_x" v="-4.7504"/>
    <tag k="local_y" v="32.4943"/>
    <tag k="ele" v="-0.0033"/>
  </node>
  <node id="1291" lat="" lon="">
    <tag k="mgrs_code" v="99XXX0-1000"/>
    <tag k="local_x" v="-5.2564"/>
    <tag k="local_y" v="32.4885"/>
    <tag k="ele" v="-0.0033"/>
  </node>
  <node id="1292" lat="" lon="">
    <tag k="mgrs_code" v="99XXX0-1000"/>
    <tag k="local_x" v="-5.7545"/>
    <tag k="local_y" v="32.4981"/>
    <tag k="ele" v="-0.0033"/>
  </node>
  <node id="1293" lat="" lon="">
    <tag k="mgrs_code" v="99XXX0-1000"/>
    <tag k="local_x" v="-6.2335"/>
    <tag k="local_y" v="32.4983"/>
    <tag k="ele" v="-0.0033"/>
  </node>
  <node id="1294" lat="" lon="">
    <tag k="mgrs_code" v="99XXX0-1000"/>
    <tag k="local_x" v="-6.7209"/>
    <tag k="local_y" v="32.5035"/>
    <tag k="ele" v="-0.0033"/>
  </node>
  <node id="1295" lat="" lon="">
    <tag k="mgrs_code" v="99XXX0-1000"/>
    <tag k="local_x" v="-7.2003"/>
    <tag k="local_y" v="32.4974"/>
    <tag k="ele" v="-0.0033"/>
  </node>
  <node id="1296" lat="" lon="">
    <tag k="mgrs_code" v="99XXX0-1000"/>
    <tag k="local_x" v="-7.6848"/>
    <tag k="local_y" v="32.5115"/>
    <tag k="ele" v="-0.0033"/>
  </node>
  <node id="1297" lat="" lon="">
    <tag k="mgrs_code" v="99XXX0-1000"/>
    <tag k="local_x" v="-8.1566"/>
    <tag k="local_y" v="32.5091"/>
    <tag k="ele" v="-0.0033"/>
  </node>
  <node id="1298" lat="" lon="">
    <tag k="mgrs_code" v="99XXX0-1000"/>
    <tag k="local_x" v="-8.6387"/>
    <tag k="local_y" v="32.5059"/>
    <tag k="ele" v="-0.0033"/>
  </node>
  <node id="1299" lat="" lon="">
    <tag k="mgrs_code" v="99XXX0-1000"/>
    <tag k="local_x" v="-9.1197"/>
    <tag k="local_y" v="32.502"/>
    <tag k="ele" v="-0.0033"/>
  </node>
  <node id="1303" lat="" lon="">
    <tag k="mgrs_code" v="99XXX000000"/>
    <tag k="local_x" v="16.5491"/>
    <tag k="local_y" v="15.3575"/>
    <tag k="ele" v="-0.0062"/>
  </node>
  <node id="1304" lat="" lon="">
    <tag k="mgrs_code" v="99XXX000000"/>
    <tag k="local_x" v="16.3863"/>
    <tag k="local_y" v="14.7618"/>
    <tag k="ele" v="-0.0062"/>
  </node>
  <node id="1305" lat="" lon="">
    <tag k="mgrs_code" v="99XXX000000"/>
    <tag k="local_x" v="16.0511"/>
    <tag k="local_y" v="14.0791"/>
    <tag k="ele" v="-0.0062"/>
  </node>
  <node id="1306" lat="" lon="">
    <tag k="mgrs_code" v="99XXX000000"/>
    <tag k="local_x" v="15.5869"/>
    <tag k="local_y" v="13.475"/>
    <tag k="ele" v="-0.0062"/>
  </node>
  <node id="1307" lat="" lon="">
    <tag k="mgrs_code" v="99XXX000000"/>
    <tag k="local_x" v="15.0115"/>
    <tag k="local_y" v="12.9736"/>
    <tag k="ele" v="-0.0062"/>
  </node>
  <node id="1308" lat="" lon="">
    <tag k="mgrs_code" v="99XXX000000"/>
    <tag k="local_x" v="14.3471"/>
    <tag k="local_y" v="12.5952"/>
    <tag k="ele" v="-0.0062"/>
  </node>
  <node id="1309" lat="" lon="">
    <tag k="mgrs_code" v="99XXX000000"/>
    <tag k="local_x" v="13.7606"/>
    <tag k="local_y" v="12.3926"/>
    <tag k="ele" v="-0.0062"/>
  </node>
  <node id="1310" lat="" lon="">
    <tag k="mgrs_code" v="99XXX000000"/>
    <tag k="local_x" v="13.7988"/>
    <tag k="local_y" v="16.1079"/>
    <tag k="ele" v="-0.0062"/>
  </node>
  <node id="1311" lat="" lon="">
    <tag k="mgrs_code" v="99XXX000000"/>
    <tag k="local_x" v="13.7113"/>
    <tag k="local_y" v="15.7863"/>
    <tag k="ele" v="-0.0062"/>
  </node>
  <node id="1312" lat="" lon="">
    <tag k="mgrs_code" v="99XXX000000"/>
    <tag k="local_x" v="13.6198"/>
    <tag k="local_y" v="15.6192"/>
    <tag k="ele" v="-0.0062"/>
  </node>
  <node id="1313" lat="" lon="">
    <tag k="mgrs_code" v="99XXX000000"/>
    <tag k="local_x" v="13.498"/>
    <tag k="local_y" v="15.4746"/>
    <tag k="ele" v="-0.0062"/>
  </node>
  <node id="1314" lat="" lon="">
    <tag k="mgrs_code" v="99XXX000000"/>
    <tag k="local_x" v="13.351"/>
    <tag k="local_y" v="15.3577"/>
    <tag k="ele" v="-0.0062"/>
  </node>
  <node id="1315" lat="" lon="">
    <tag k="mgrs_code" v="99XXX000000"/>
    <tag k="local_x" v="13.185"/>
    <tag k="local_y" v="15.2729"/>
    <tag k="ele" v="-0.0062"/>
  </node>
  <node id="1316" lat="" lon="">
    <tag k="mgrs_code" v="99XXX000000"/>
    <tag k="local_x" v="12.866"/>
    <tag k="local_y" v="15.1854"/>
    <tag k="ele" v="-0.0062"/>
  </node>
  <node id="1320" lat="" lon="">
    <tag k="mgrs_code" v="99XXX000000"/>
    <tag k="local_x" v="13.7189"/>
    <tag k="local_y" v="12.1711"/>
    <tag k="ele" v="-0.0073"/>
  </node>
  <node id="1321" lat="" lon="">
    <tag k="mgrs_code" v="99XXX000000"/>
    <tag k="local_x" v="14.3272"/>
    <tag k="local_y" v="11.9892"/>
    <tag k="ele" v="-0.0073"/>
  </node>
  <node id="1322" lat="" lon="">
    <tag k="mgrs_code" v="99XXX000000"/>
    <tag k="local_x" v="15.0238"/>
    <tag k="local_y" v="11.6282"/>
    <tag k="ele" v="-0.0073"/>
  </node>
  <node id="1323" lat="" lon="">
    <tag k="mgrs_code" v="99XXX000000"/>
    <tag k="local_x" v="15.6363"/>
    <tag k="local_y" v="11.1367"/>
    <tag k="ele" v="-0.0073"/>
  </node>
  <node id="1324" lat="" lon="">
    <tag k="mgrs_code" v="99XXX000000"/>
    <tag k="local_x" v="16.1403"/>
    <tag k="local_y" v="10.5337"/>
    <tag k="ele" v="-0.0073"/>
  </node>
  <node id="1325" lat="" lon="">
    <tag k="mgrs_code" v="99XXX000000"/>
    <tag k="local_x" v="16.5162"/>
    <tag k="local_y" v="9.8426"/>
    <tag k="ele" v="-0.0073"/>
  </node>
  <node id="1326" lat="" lon="">
    <tag k="mgrs_code" v="99XXX000000"/>
    <tag k="local_x" v="16.7119"/>
    <tag k="local_y" v="9.2372"/>
    <tag k="ele" v="-0.0073"/>
  </node>
  <node id="1327" lat="" lon="">
    <tag k="mgrs_code" v="99XXX000000"/>
    <tag k="local_x" v="12.874"/>
    <tag k="local_y" v="9.2785"/>
    <tag k="ele" v="-0.0073"/>
  </node>
  <node id="1328" lat="" lon="">
    <tag k="mgrs_code" v="99XXX000000"/>
    <tag k="local_x" v="13.1977"/>
    <tag k="local_y" v="9.1882"/>
    <tag k="ele" v="-0.0073"/>
  </node>
  <node id="1329" lat="" lon="">
    <tag k="mgrs_code" v="99XXX000000"/>
    <tag k="local_x" v="13.3612"/>
    <tag k="local_y" v="9.0987"/>
    <tag k="ele" v="-0.0073"/>
  </node>
  <node id="1330" lat="" lon="">
    <tag k="mgrs_code" v="99XXX000000"/>
    <tag k="local_x" v="13.5034"/>
    <tag k="local_y" v="8.9793"/>
    <tag k="ele" v="-0.0073"/>
  </node>
  <node id="1331" lat="" lon="">
    <tag k="mgrs_code" v="99XXX000000"/>
    <tag k="local_x" v="13.6188"/>
    <tag k="local_y" v="8.8347"/>
    <tag k="ele" v="-0.0073"/>
  </node>
  <node id="1332" lat="" lon="">
    <tag k="mgrs_code" v="99XXX000000"/>
    <tag k="local_x" v="13.7032"/>
    <tag k="local_y" v="8.6708"/>
    <tag k="ele" v="-0.0073"/>
  </node>
  <node id="1333" lat="" lon="">
    <tag k="mgrs_code" v="99XXX000000"/>
    <tag k="local_x" v="13.7904"/>
    <tag k="local_y" v="8.3475"/>
    <tag k="ele" v="-0.0073"/>
  </node>
  <node id="1337" lat="" lon="">
    <tag k="mgrs_code" v="99XXX000000"/>
    <tag k="local_x" v="16.8144"/>
    <tag k="local_y" v="8.6941"/>
    <tag k="ele" v="-0.0075"/>
  </node>
  <node id="1338" lat="" lon="">
    <tag k="mgrs_code" v="99XXX000000"/>
    <tag k="local_x" v="16.7519"/>
    <tag k="local_y" v="9.121"/>
    <tag k="ele" v="-0.0075"/>
  </node>
  <node id="1339" lat="" lon="">
    <tag k="mgrs_code" v="99XXX000000"/>
    <tag k="local_x" v="16.6638"/>
    <tag k="local_y" v="9.4757"/>
    <tag k="ele" v="-0.0075"/>
  </node>
  <node id="1340" lat="" lon="">
    <tag k="mgrs_code" v="99XXX000000"/>
    <tag k="local_x" v="16.5431"/>
    <tag k="local_y" v="9.8204"/>
    <tag k="ele" v="-0.0075"/>
  </node>
  <node id="1341" lat="" lon="">
    <tag k="mgrs_code" v="99XXX000000"/>
    <tag k="local_x" v="16.3912"/>
    <tag k="local_y" v="10.1521"/>
    <tag k="ele" v="-0.0075"/>
  </node>
  <node id="1342" lat="" lon="">
    <tag k="mgrs_code" v="99XXX000000"/>
    <tag k="local_x" v="16.2092"/>
    <tag k="local_y" v="10.4679"/>
    <tag k="ele" v="-0.0075"/>
  </node>
  <node id="1343" lat="" lon="">
    <tag k="mgrs_code" v="99XXX000000"/>
    <tag k="local_x" v="15.9989"/>
    <tag k="local_y" v="10.7651"/>
    <tag k="ele" v="-0.0075"/>
  </node>
  <node id="1344" lat="" lon="">
    <tag k="mgrs_code" v="99XXX000000"/>
    <tag k="local_x" v="15.7621"/>
    <tag k="local_y" v="11.0413"/>
    <tag k="ele" v="-0.0075"/>
  </node>
  <node id="1345" lat="" lon="">
    <tag k="mgrs_code" v="99XXX000000"/>
    <tag k="local_x" v="15.5009"/>
    <tag k="local_y" v="11.294"/>
    <tag k="ele" v="-0.0075"/>
  </node>
  <node id="1346" lat="" lon="">
    <tag k="mgrs_code" v="99XXX000000"/>
    <tag k="local_x" v="15.2176"/>
    <tag k="local_y" v="11.5212"/>
    <tag k="ele" v="-0.0075"/>
  </node>
  <node id="1347" lat="" lon="">
    <tag k="mgrs_code" v="99XXX000000"/>
    <tag k="local_x" v="14.9147"/>
    <tag k="local_y" v="11.7209"/>
    <tag k="ele" v="-0.0075"/>
  </node>
  <node id="1348" lat="" lon="">
    <tag k="mgrs_code" v="99XXX000000"/>
    <tag k="local_x" v="14.5949"/>
    <tag k="local_y" v="11.8913"/>
    <tag k="ele" v="-0.0075"/>
  </node>
  <node id="1349" lat="" lon="">
    <tag k="mgrs_code" v="99XXX000000"/>
    <tag k="local_x" v="14.261"/>
    <tag k="local_y" v="12.0313"/>
    <tag k="ele" v="-0.0075"/>
  </node>
  <node id="1350" lat="" lon="">
    <tag k="mgrs_code" v="99XXX000000"/>
    <tag k="local_x" v="13.9158"/>
    <tag k="local_y" v="12.1394"/>
    <tag k="ele" v="-0.0075"/>
  </node>
  <node id="1351" lat="" lon="">
    <tag k="mgrs_code" v="99XXX000000"/>
    <tag k="local_x" v="13.5625"/>
    <tag k="local_y" v="12.215"/>
    <tag k="ele" v="-0.0075"/>
  </node>
  <node id="1352" lat="" lon="">
    <tag k="mgrs_code" v="99XXX000000"/>
    <tag k="local_x" v="13.1361"/>
    <tag k="local_y" v="12.2645"/>
    <tag k="ele" v="-0.0075"/>
  </node>
  <node id="1353" lat="" lon="">
    <tag k="mgrs_code" v="99XXX000000"/>
    <tag k="local_x" v="19.6077"/>
    <tag k="local_y" v="9.0888"/>
    <tag k="ele" v="-0.0075"/>
  </node>
  <node id="1354" lat="" lon="">
    <tag k="mgrs_code" v="99XXX000000"/>
    <tag k="local_x" v="19.5311"/>
    <tag k="local_y" v="9.6465"/>
    <tag k="ele" v="-0.0075"/>
  </node>
  <node id="1355" lat="" lon="">
    <tag k="mgrs_code" v="99XXX000000"/>
    <tag k="local_x" v="19.3893"/>
    <tag k="local_y" v="10.2592"/>
    <tag k="ele" v="-0.0075"/>
  </node>
  <node id="1356" lat="" lon="">
    <tag k="mgrs_code" v="99XXX000000"/>
    <tag k="local_x" v="19.191"/>
    <tag k="local_y" v="10.8565"/>
    <tag k="ele" v="-0.0075"/>
  </node>
  <node id="1357" lat="" lon="">
    <tag k="mgrs_code" v="99XXX000000"/>
    <tag k="local_x" v="18.938"/>
    <tag k="local_y" v="11.433"/>
    <tag k="ele" v="-0.0075"/>
  </node>
  <node id="1358" lat="" lon="">
    <tag k="mgrs_code" v="99XXX000000"/>
    <tag k="local_x" v="18.6323"/>
    <tag k="local_y" v="11.9838"/>
    <tag k="ele" v="-0.0075"/>
  </node>
  <node id="1359" lat="" lon="">
    <tag k="mgrs_code" v="99XXX000000"/>
    <tag k="local_x" v="18.2766"/>
    <tag k="local_y" v="12.5042"/>
    <tag k="ele" v="-0.0075"/>
  </node>
  <node id="1360" lat="" lon="">
    <tag k="mgrs_code" v="99XXX000000"/>
    <tag k="local_x" v="17.8738"/>
    <tag k="local_y" v="12.9895"/>
    <tag k="ele" v="-0.0075"/>
  </node>
  <node id="1361" lat="" lon="">
    <tag k="mgrs_code" v="99XXX000000"/>
    <tag k="local_x" v="17.4275"/>
    <tag k="local_y" v="13.4355"/>
    <tag k="ele" v="-0.0075"/>
  </node>
  <node id="1362" lat="" lon="">
    <tag k="mgrs_code" v="99XXX000000"/>
    <tag k="local_x" v="16.9414"/>
    <tag k="local_y" v="13.8383"/>
    <tag k="ele" v="-0.0075"/>
  </node>
  <node id="1363" lat="" lon="">
    <tag k="mgrs_code" v="99XXX000000"/>
    <tag k="local_x" v="16.4196"/>
    <tag k="local_y" v="14.1945"/>
    <tag k="ele" v="-0.0075"/>
  </node>
  <node id="1364" lat="" lon="">
    <tag k="mgrs_code" v="99XXX000000"/>
    <tag k="local_x" v="15.8668"/>
    <tag k="local_y" v="14.5008"/>
    <tag k="ele" v="-0.0075"/>
  </node>
  <node id="1365" lat="" lon="">
    <tag k="mgrs_code" v="99XXX000000"/>
    <tag k="local_x" v="15.2875"/>
    <tag k="local_y" v="14.7545"/>
    <tag k="ele" v="-0.0075"/>
  </node>
  <node id="1366" lat="" lon="">
    <tag k="mgrs_code" v="99XXX000000"/>
    <tag k="local_x" v="14.6869"/>
    <tag k="local_y" v="14.9534"/>
    <tag k="ele" v="-0.0075"/>
  </node>
  <node id="1367" lat="" lon="">
    <tag k="mgrs_code" v="99XXX000000"/>
    <tag k="local_x" v="14.07"/>
    <tag k="local_y" v="15.0958"/>
    <tag k="ele" v="-0.0075"/>
  </node>
  <node id="1368" lat="" lon="">
    <tag k="mgrs_code" v="99XXX000000"/>
    <tag k="local_x" v="13.5101"/>
    <tag k="local_y" v="15.1731"/>
    <tag k="ele" v="-0.0075"/>
  </node>
  <node id="1372" lat="" lon="">
    <tag k="mgrs_code" v="99XXX000000"/>
    <tag k="local_x" v="13.2272"/>
    <tag k="local_y" v="12.2868"/>
    <tag k="ele" v="-0.0073"/>
  </node>
  <node id="1373" lat="" lon="">
    <tag k="mgrs_code" v="99XXX000000"/>
    <tag k="local_x" v="13.6393"/>
    <tag k="local_y" v="12.3485"/>
    <tag k="ele" v="-0.0073"/>
  </node>
  <node id="1374" lat="" lon="">
    <tag k="mgrs_code" v="99XXX000000"/>
    <tag k="local_x" v="13.9755"/>
    <tag k="local_y" v="12.4327"/>
    <tag k="ele" v="-0.0073"/>
  </node>
  <node id="1375" lat="" lon="">
    <tag k="mgrs_code" v="99XXX000000"/>
    <tag k="local_x" v="14.3024"/>
    <tag k="local_y" v="12.5478"/>
    <tag k="ele" v="-0.0073"/>
  </node>
  <node id="1376" lat="" lon="">
    <tag k="mgrs_code" v="99XXX000000"/>
    <tag k="local_x" v="14.6173"/>
    <tag k="local_y" v="12.6928"/>
    <tag k="ele" v="-0.0073"/>
  </node>
  <node id="1377" lat="" lon="">
    <tag k="mgrs_code" v="99XXX000000"/>
    <tag k="local_x" v="14.9173"/>
    <tag k="local_y" v="12.8664"/>
    <tag k="ele" v="-0.0073"/>
  </node>
  <node id="1378" lat="" lon="">
    <tag k="mgrs_code" v="99XXX000000"/>
    <tag k="local_x" v="15.1999"/>
    <tag k="local_y" v="13.067"/>
    <tag k="ele" v="-0.0073"/>
  </node>
  <node id="1379" lat="" lon="">
    <tag k="mgrs_code" v="99XXX000000"/>
    <tag k="local_x" v="15.4627"/>
    <tag k="local_y" v="13.2931"/>
    <tag k="ele" v="-0.0073"/>
  </node>
  <node id="1380" lat="" lon="">
    <tag k="mgrs_code" v="99XXX000000"/>
    <tag k="local_x" v="15.7033"/>
    <tag k="local_y" v="13.5426"/>
    <tag k="ele" v="-0.0073"/>
  </node>
  <node id="1381" lat="" lon="">
    <tag k="mgrs_code" v="99XXX000000"/>
    <tag k="local_x" v="15.9197"/>
    <tag k="local_y" v="13.8133"/>
    <tag k="ele" v="-0.0073"/>
  </node>
  <node id="1382" lat="" lon="">
    <tag k="mgrs_code" v="99XXX000000"/>
    <tag k="local_x" v="16.1101"/>
    <tag k="local_y" v="14.103"/>
    <tag k="ele" v="-0.0073"/>
  </node>
  <node id="1383" lat="" lon="">
    <tag k="mgrs_code" v="99XXX000000"/>
    <tag k="local_x" v="16.2727"/>
    <tag k="local_y" v="14.409"/>
    <tag k="ele" v="-0.0073"/>
  </node>
  <node id="1384" lat="" lon="">
    <tag k="mgrs_code" v="99XXX000000"/>
    <tag k="local_x" v="16.4063"/>
    <tag k="local_y" v="14.7289"/>
    <tag k="ele" v="-0.0073"/>
  </node>
  <node id="1385" lat="" lon="">
    <tag k="mgrs_code" v="99XXX000000"/>
    <tag k="local_x" v="16.5095"/>
    <tag k="local_y" v="15.0598"/>
    <tag k="ele" v="-0.0073"/>
  </node>
  <node id="1386" lat="" lon="">
    <tag k="mgrs_code" v="99XXX000000"/>
    <tag k="local_x" v="16.5816"/>
    <tag k="local_y" v="15.3988"/>
    <tag k="ele" v="-0.0073"/>
  </node>
  <node id="1387" lat="" lon="">
    <tag k="mgrs_code" v="99XXX000000"/>
    <tag k="local_x" v="16.6284"/>
    <tag k="local_y" v="15.8128"/>
    <tag k="ele" v="-0.0073"/>
  </node>
  <node id="1388" lat="" lon="">
    <tag k="mgrs_code" v="99XXX000000"/>
    <tag k="local_x" v="13.6852"/>
    <tag k="local_y" v="9.3083"/>
    <tag k="ele" v="-0.0073"/>
  </node>
  <node id="1389" lat="" lon="">
    <tag k="mgrs_code" v="99XXX000000"/>
    <tag k="local_x" v="14.2351"/>
    <tag k="local_y" v="9.3945"/>
    <tag k="ele" v="-0.0073"/>
  </node>
  <node id="1390" lat="" lon="">
    <tag k="mgrs_code" v="99XXX000000"/>
    <tag k="local_x" v="14.843"/>
    <tag k="local_y" v="9.5469"/>
    <tag k="ele" v="-0.0073"/>
  </node>
  <node id="1391" lat="" lon="">
    <tag k="mgrs_code" v="99XXX000000"/>
    <tag k="local_x" v="15.4342"/>
    <tag k="local_y" v="9.755"/>
    <tag k="ele" v="-0.0073"/>
  </node>
  <node id="1392" lat="" lon="">
    <tag k="mgrs_code" v="99XXX000000"/>
    <tag k="local_x" v="16.0034"/>
    <tag k="local_y" v="10.0171"/>
    <tag k="ele" v="-0.0073"/>
  </node>
  <node id="1393" lat="" lon="">
    <tag k="mgrs_code" v="99XXX000000"/>
    <tag k="local_x" v="16.5459"/>
    <tag k="local_y" v="10.3309"/>
    <tag k="ele" v="-0.0073"/>
  </node>
  <node id="1394" lat="" lon="">
    <tag k="mgrs_code" v="99XXX000000"/>
    <tag k="local_x" v="17.0569"/>
    <tag k="local_y" v="10.6938"/>
    <tag k="ele" v="-0.0073"/>
  </node>
  <node id="1395" lat="" lon="">
    <tag k="mgrs_code" v="99XXX000000"/>
    <tag k="local_x" v="17.532"/>
    <tag k="local_y" v="11.1025"/>
    <tag k="ele" v="-0.0073"/>
  </node>
  <node id="1396" lat="" lon="">
    <tag k="mgrs_code" v="99XXX000000"/>
    <tag k="local_x" v="17.967"/>
    <tag k="local_y" v="11.5536"/>
    <tag k="ele" v="-0.0073"/>
  </node>
  <node id="1397" lat="" lon="">
    <tag k="mgrs_code" v="99XXX000000"/>
    <tag k="local_x" v="18.3584"/>
    <tag k="local_y" v="12.0431"/>
    <tag k="ele" v="-0.0073"/>
  </node>
  <node id="1398" lat="" lon="">
    <tag k="mgrs_code" v="99XXX000000"/>
    <tag k="local_x" v="18.7026"/>
    <tag k="local_y" v="12.5668"/>
    <tag k="ele" v="-0.0073"/>
  </node>
  <node id="1399" lat="" lon="">
    <tag k="mgrs_code" v="99XXX000000"/>
    <tag k="local_x" v="18.9966"/>
    <tag k="local_y" v="13.1202"/>
    <tag k="ele" v="-0.0073"/>
  </node>
  <node id="1400" lat="" lon="">
    <tag k="mgrs_code" v="99XXX000000"/>
    <tag k="local_x" v="19.2381"/>
    <tag k="local_y" v="13.6986"/>
    <tag k="ele" v="-0.0073"/>
  </node>
  <node id="1401" lat="" lon="">
    <tag k="mgrs_code" v="99XXX000000"/>
    <tag k="local_x" v="19.4247"/>
    <tag k="local_y" v="14.2968"/>
    <tag k="ele" v="-0.0073"/>
  </node>
  <node id="1402" lat="" lon="">
    <tag k="mgrs_code" v="99XXX000000"/>
    <tag k="local_x" v="19.5551"/>
    <tag k="local_y" v="14.9098"/>
    <tag k="ele" v="-0.0073"/>
  </node>
  <node id="1403" lat="" lon="">
    <tag k="mgrs_code" v="99XXX000000"/>
    <tag k="local_x" v="19.6214"/>
    <tag k="local_y" v="15.4625"/>
    <tag k="ele" v="-0.0073"/>
  </node>
  <node id="1407" lat="" lon="">
    <tag k="mgrs_code" v="99XXX000000"/>
    <tag k="local_x" v="16.6456"/>
    <tag k="local_y" v="15.7648"/>
    <tag k="ele" v="-0.0062"/>
  </node>
  <node id="1408" lat="" lon="">
    <tag k="mgrs_code" v="99XXX000000"/>
    <tag k="local_x" v="16.6685"/>
    <tag k="local_y" v="15.2808"/>
    <tag k="ele" v="-0.0062"/>
  </node>
  <node id="1409" lat="" lon="">
    <tag k="mgrs_code" v="99XXX000000"/>
    <tag k="local_x" v="16.6901"/>
    <tag k="local_y" v="14.7949"/>
    <tag k="ele" v="-0.0062"/>
  </node>
  <node id="1410" lat="" lon="">
    <tag k="mgrs_code" v="99XXX000000"/>
    <tag k="local_x" v="16.7105"/>
    <tag k="local_y" v="14.3089"/>
    <tag k="ele" v="-0.0062"/>
  </node>
  <node id="1411" lat="" lon="">
    <tag k="mgrs_code" v="99XXX000000"/>
    <tag k="local_x" v="16.7296"/>
    <tag k="local_y" v="13.8228"/>
    <tag k="ele" v="-0.0062"/>
  </node>
  <node id="1412" lat="" lon="">
    <tag k="mgrs_code" v="99XXX000000"/>
    <tag k="local_x" v="16.7475"/>
    <tag k="local_y" v="13.3366"/>
    <tag k="ele" v="-0.0062"/>
  </node>
  <node id="1413" lat="" lon="">
    <tag k="mgrs_code" v="99XXX000000"/>
    <tag k="local_x" v="16.7641"/>
    <tag k="local_y" v="12.8504"/>
    <tag k="ele" v="-0.0062"/>
  </node>
  <node id="1414" lat="" lon="">
    <tag k="mgrs_code" v="99XXX000000"/>
    <tag k="local_x" v="16.7794"/>
    <tag k="local_y" v="12.3641"/>
    <tag k="ele" v="-0.0062"/>
  </node>
  <node id="1415" lat="" lon="">
    <tag k="mgrs_code" v="99XXX000000"/>
    <tag k="local_x" v="16.7935"/>
    <tag k="local_y" v="11.8778"/>
    <tag k="ele" v="-0.0062"/>
  </node>
  <node id="1416" lat="" lon="">
    <tag k="mgrs_code" v="99XXX000000"/>
    <tag k="local_x" v="16.8064"/>
    <tag k="local_y" v="11.3914"/>
    <tag k="ele" v="-0.0062"/>
  </node>
  <node id="1417" lat="" lon="">
    <tag k="mgrs_code" v="99XXX000000"/>
    <tag k="local_x" v="16.8179"/>
    <tag k="local_y" v="10.905"/>
    <tag k="ele" v="-0.0062"/>
  </node>
  <node id="1418" lat="" lon="">
    <tag k="mgrs_code" v="99XXX000000"/>
    <tag k="local_x" v="16.8282"/>
    <tag k="local_y" v="10.4204"/>
    <tag k="ele" v="-0.0062"/>
  </node>
  <node id="1419" lat="" lon="">
    <tag k="mgrs_code" v="99XXX000000"/>
    <tag k="local_x" v="13.7959"/>
    <tag k="local_y" v="15.6846"/>
    <tag k="ele" v="-0.0062"/>
  </node>
  <node id="1420" lat="" lon="">
    <tag k="mgrs_code" v="99XXX000000"/>
    <tag k="local_x" v="13.8002"/>
    <tag k="local_y" v="15.2038"/>
    <tag k="ele" v="-0.0062"/>
  </node>
  <node id="1421" lat="" lon="">
    <tag k="mgrs_code" v="99XXX000000"/>
    <tag k="local_x" v="13.8032"/>
    <tag k="local_y" v="14.7249"/>
    <tag k="ele" v="-0.0062"/>
  </node>
  <node id="1422" lat="" lon="">
    <tag k="mgrs_code" v="99XXX000000"/>
    <tag k="local_x" v="13.8049"/>
    <tag k="local_y" v="14.246"/>
    <tag k="ele" v="-0.0062"/>
  </node>
  <node id="1423" lat="" lon="">
    <tag k="mgrs_code" v="99XXX000000"/>
    <tag k="local_x" v="13.8055"/>
    <tag k="local_y" v="13.7671"/>
    <tag k="ele" v="-0.0062"/>
  </node>
  <node id="1424" lat="" lon="">
    <tag k="mgrs_code" v="99XXX000000"/>
    <tag k="local_x" v="13.8047"/>
    <tag k="local_y" v="13.2882"/>
    <tag k="ele" v="-0.0062"/>
  </node>
  <node id="1425" lat="" lon="">
    <tag k="mgrs_code" v="99XXX000000"/>
    <tag k="local_x" v="13.8027"/>
    <tag k="local_y" v="12.8094"/>
    <tag k="ele" v="-0.0062"/>
  </node>
  <node id="1426" lat="" lon="">
    <tag k="mgrs_code" v="99XXX000000"/>
    <tag k="local_x" v="13.7995"/>
    <tag k="local_y" v="12.3305"/>
    <tag k="ele" v="-0.0062"/>
  </node>
  <node id="1427" lat="" lon="">
    <tag k="mgrs_code" v="99XXX000000"/>
    <tag k="local_x" v="13.7951"/>
    <tag k="local_y" v="11.8518"/>
    <tag k="ele" v="-0.0062"/>
  </node>
  <node id="1428" lat="" lon="">
    <tag k="mgrs_code" v="99XXX000000"/>
    <tag k="local_x" v="13.7894"/>
    <tag k="local_y" v="11.373"/>
    <tag k="ele" v="-0.0062"/>
  </node>
  <node id="1429" lat="" lon="">
    <tag k="mgrs_code" v="99XXX000000"/>
    <tag k="local_x" v="13.7824"/>
    <tag k="local_y" v="10.8943"/>
    <tag k="ele" v="-0.0062"/>
  </node>
  <node id="1430" lat="" lon="">
    <tag k="mgrs_code" v="99XXX000000"/>
    <tag k="local_x" v="13.7743"/>
    <tag k="local_y" v="10.4137"/>
    <tag k="ele" v="-0.0062"/>
  </node>
  <node id="1434" lat="" lon="">
    <tag k="mgrs_code" v="99XXX000000"/>
    <tag k="local_x" v="16.8234"/>
    <tag k="local_y" v="8.8674"/>
    <tag k="ele" v="-0.0075"/>
  </node>
  <node id="1435" lat="" lon="">
    <tag k="mgrs_code" v="99XXX000000"/>
    <tag k="local_x" v="16.8145"/>
    <tag k="local_y" v="9.3432"/>
    <tag k="ele" v="-0.0075"/>
  </node>
  <node id="1436" lat="" lon="">
    <tag k="mgrs_code" v="99XXX000000"/>
    <tag k="local_x" v="16.805"/>
    <tag k="local_y" v="9.818"/>
    <tag k="ele" v="-0.0075"/>
  </node>
  <node id="1437" lat="" lon="">
    <tag k="mgrs_code" v="99XXX000000"/>
    <tag k="local_x" v="16.7947"/>
    <tag k="local_y" v="10.2927"/>
    <tag k="ele" v="-0.0075"/>
  </node>
  <node id="1438" lat="" lon="">
    <tag k="mgrs_code" v="99XXX000000"/>
    <tag k="local_x" v="16.7838"/>
    <tag k="local_y" v="10.7674"/>
    <tag k="ele" v="-0.0075"/>
  </node>
  <node id="1439" lat="" lon="">
    <tag k="mgrs_code" v="99XXX000000"/>
    <tag k="local_x" v="16.7722"/>
    <tag k="local_y" v="11.2421"/>
    <tag k="ele" v="-0.0075"/>
  </node>
  <node id="1440" lat="" lon="">
    <tag k="mgrs_code" v="99XXX000000"/>
    <tag k="local_x" v="16.7598"/>
    <tag k="local_y" v="11.7167"/>
    <tag k="ele" v="-0.0075"/>
  </node>
  <node id="1441" lat="" lon="">
    <tag k="mgrs_code" v="99XXX000000"/>
    <tag k="local_x" v="16.7468"/>
    <tag k="local_y" v="12.1913"/>
    <tag k="ele" v="-0.0075"/>
  </node>
  <node id="1442" lat="" lon="">
    <tag k="mgrs_code" v="99XXX000000"/>
    <tag k="local_x" v="16.733"/>
    <tag k="local_y" v="12.6659"/>
    <tag k="ele" v="-0.0075"/>
  </node>
  <node id="1443" lat="" lon="">
    <tag k="mgrs_code" v="99XXX000000"/>
    <tag k="local_x" v="16.7186"/>
    <tag k="local_y" v="13.1404"/>
    <tag k="ele" v="-0.0075"/>
  </node>
  <node id="1444" lat="" lon="">
    <tag k="mgrs_code" v="99XXX000000"/>
    <tag k="local_x" v="16.7035"/>
    <tag k="local_y" v="13.6149"/>
    <tag k="ele" v="-0.0075"/>
  </node>
  <node id="1445" lat="" lon="">
    <tag k="mgrs_code" v="99XXX000000"/>
    <tag k="local_x" v="16.6876"/>
    <tag k="local_y" v="14.0894"/>
    <tag k="ele" v="-0.0075"/>
  </node>
  <node id="1446" lat="" lon="">
    <tag k="mgrs_code" v="99XXX000000"/>
    <tag k="local_x" v="16.6711"/>
    <tag k="local_y" v="14.5639"/>
    <tag k="ele" v="-0.0075"/>
  </node>
  <node id="1447" lat="" lon="">
    <tag k="mgrs_code" v="99XXX000000"/>
    <tag k="local_x" v="16.6538"/>
    <tag k="local_y" v="15.0394"/>
    <tag k="ele" v="-0.0075"/>
  </node>
  <node id="1448" lat="" lon="">
    <tag k="mgrs_code" v="99XXX000000"/>
    <tag k="local_x" v="19.6444"/>
    <tag k="local_y" v="8.8759"/>
    <tag k="ele" v="-0.0075"/>
  </node>
  <node id="1449" lat="" lon="">
    <tag k="mgrs_code" v="99XXX000000"/>
    <tag k="local_x" v="19.6503"/>
    <tag k="local_y" v="9.3539"/>
    <tag k="ele" v="-0.0075"/>
  </node>
  <node id="1450" lat="" lon="">
    <tag k="mgrs_code" v="99XXX000000"/>
    <tag k="local_x" v="19.6556"/>
    <tag k="local_y" v="9.8329"/>
    <tag k="ele" v="-0.0075"/>
  </node>
  <node id="1451" lat="" lon="">
    <tag k="mgrs_code" v="99XXX000000"/>
    <tag k="local_x" v="19.6601"/>
    <tag k="local_y" v="10.3119"/>
    <tag k="ele" v="-0.0075"/>
  </node>
  <node id="1452" lat="" lon="">
    <tag k="mgrs_code" v="99XXX000000"/>
    <tag k="local_x" v="19.6639"/>
    <tag k="local_y" v="10.791"/>
    <tag k="ele" v="-0.0075"/>
  </node>
  <node id="1453" lat="" lon="">
    <tag k="mgrs_code" v="99XXX000000"/>
    <tag k="local_x" v="19.6671"/>
    <tag k="local_y" v="11.27"/>
    <tag k="ele" v="-0.0075"/>
  </node>
  <node id="1454" lat="" lon="">
    <tag k="mgrs_code" v="99XXX000000"/>
    <tag k="local_x" v="19.6695"/>
    <tag k="local_y" v="11.7491"/>
    <tag k="ele" v="-0.0075"/>
  </node>
  <node id="1455" lat="" lon="">
    <tag k="mgrs_code" v="99XXX000000"/>
    <tag k="local_x" v="19.6712"/>
    <tag k="local_y" v="12.2282"/>
    <tag k="ele" v="-0.0075"/>
  </node>
  <node id="1456" lat="" lon="">
    <tag k="mgrs_code" v="99XXX000000"/>
    <tag k="local_x" v="19.6722"/>
    <tag k="local_y" v="12.7073"/>
    <tag k="ele" v="-0.0075"/>
  </node>
  <node id="1457" lat="" lon="">
    <tag k="mgrs_code" v="99XXX000000"/>
    <tag k="local_x" v="19.6725"/>
    <tag k="local_y" v="13.1864"/>
    <tag k="ele" v="-0.0075"/>
  </node>
  <node id="1458" lat="" lon="">
    <tag k="mgrs_code" v="99XXX000000"/>
    <tag k="local_x" v="19.6721"/>
    <tag k="local_y" v="13.6656"/>
    <tag k="ele" v="-0.0075"/>
  </node>
  <node id="1459" lat="" lon="">
    <tag k="mgrs_code" v="99XXX000000"/>
    <tag k="local_x" v="19.6709"/>
    <tag k="local_y" v="14.1447"/>
    <tag k="ele" v="-0.0075"/>
  </node>
  <node id="1460" lat="" lon="">
    <tag k="mgrs_code" v="99XXX000000"/>
    <tag k="local_x" v="19.6691"/>
    <tag k="local_y" v="14.6238"/>
    <tag k="ele" v="-0.0075"/>
  </node>
  <node id="1461" lat="" lon="">
    <tag k="mgrs_code" v="99XXX000000"/>
    <tag k="local_x" v="19.6666"/>
    <tag k="local_y" v="15.1019"/>
    <tag k="ele" v="-0.0075"/>
  </node>
  <node id="1465" lat="" lon="">
    <tag k="mgrs_code" v="99XXX0000-1"/>
    <tag k="local_x" v="19.7216"/>
    <tag k="local_y" v="-3.6442"/>
    <tag k="ele" v="-0.01"/>
  </node>
  <node id="1466" lat="" lon="">
    <tag k="mgrs_code" v="99XXX0000-1"/>
    <tag k="local_x" v="19.1451"/>
    <tag k="local_y" v="-3.468"/>
    <tag k="ele" v="-0.01"/>
  </node>
  <node id="1467" lat="" lon="">
    <tag k="mgrs_code" v="99XXX0000-1"/>
    <tag k="local_x" v="18.4872"/>
    <tag k="local_y" v="-3.1226"/>
    <tag k="ele" v="-0.01"/>
  </node>
  <node id="1468" lat="" lon="">
    <tag k="mgrs_code" v="99XXX0000-1"/>
    <tag k="local_x" v="17.9076"/>
    <tag k="local_y" v="-2.655"/>
    <tag k="ele" v="-0.01"/>
  </node>
  <node id="1469" lat="" lon="">
    <tag k="mgrs_code" v="99XXX0000-1"/>
    <tag k="local_x" v="17.4289"/>
    <tag k="local_y" v="-2.0824"/>
    <tag k="ele" v="-0.01"/>
  </node>
  <node id="1470" lat="" lon="">
    <tag k="mgrs_code" v="99XXX0000-1"/>
    <tag k="local_x" v="17.0696"/>
    <tag k="local_y" v="-1.4263"/>
    <tag k="ele" v="-0.01"/>
  </node>
  <node id="1471" lat="" lon="">
    <tag k="mgrs_code" v="99XXX0000-1"/>
    <tag k="local_x" v="16.8791"/>
    <tag k="local_y" v="-0.8507"/>
    <tag k="ele" v="-0.01"/>
  </node>
  <node id="1472" lat="" lon="">
    <tag k="mgrs_code" v="99XXX0000-1"/>
    <tag k="local_x" v="20.5592"/>
    <tag k="local_y" v="-0.9308"/>
    <tag k="ele" v="-0.01"/>
  </node>
  <node id="1473" lat="" lon="">
    <tag k="mgrs_code" v="99XXX0000-1"/>
    <tag k="local_x" v="20.2501"/>
    <tag k="local_y" v="-0.8336"/>
    <tag k="ele" v="-0.01"/>
  </node>
  <node id="1474" lat="" lon="">
    <tag k="mgrs_code" v="99XXX0000-1"/>
    <tag k="local_x" v="20.0924"/>
    <tag k="local_y" v="-0.7388"/>
    <tag k="ele" v="-0.01"/>
  </node>
  <node id="1475" lat="" lon="">
    <tag k="mgrs_code" v="99XXX0000-1"/>
    <tag k="local_x" v="19.9573"/>
    <tag k="local_y" v="-0.6162"/>
    <tag k="ele" v="-0.01"/>
  </node>
  <node id="1476" lat="" lon="">
    <tag k="mgrs_code" v="99XXX0000-1"/>
    <tag k="local_x" v="19.8497"/>
    <tag k="local_y" v="-0.471"/>
    <tag k="ele" v="-0.01"/>
  </node>
  <node id="1477" lat="" lon="">
    <tag k="mgrs_code" v="99XXX0000-1"/>
    <tag k="local_x" v="19.7731"/>
    <tag k="local_y" v="-0.3092"/>
    <tag k="ele" v="-0.01"/>
  </node>
  <node id="1478" lat="" lon="">
    <tag k="mgrs_code" v="99XXX000000"/>
    <tag k="local_x" v="19.695"/>
    <tag k="local_y" v="0.0022"/>
    <tag k="ele" v="-0.01"/>
  </node>
  <node id="1482" lat="" lon="">
    <tag k="mgrs_code" v="99XXX0000-1"/>
    <tag k="local_x" v="20.3992"/>
    <tag k="local_y" v="-3.7629"/>
    <tag k="ele" v="-0.01"/>
  </node>
  <node id="1483" lat="" lon="">
    <tag k="mgrs_code" v="99XXX0000-1"/>
    <tag k="local_x" v="19.9877"/>
    <tag k="local_y" v="-3.817"/>
    <tag k="ele" v="-0.01"/>
  </node>
  <node id="1484" lat="" lon="">
    <tag k="mgrs_code" v="99XXX0000-1"/>
    <tag k="local_x" v="19.6442"/>
    <tag k="local_y" v="-3.8951"/>
    <tag k="ele" v="-0.01"/>
  </node>
  <node id="1485" lat="" lon="">
    <tag k="mgrs_code" v="99XXX0000-1"/>
    <tag k="local_x" v="19.3092"/>
    <tag k="local_y" v="-4.003"/>
    <tag k="ele" v="-0.01"/>
  </node>
  <node id="1486" lat="" lon="">
    <tag k="mgrs_code" v="99XXX0000-1"/>
    <tag k="local_x" v="18.9853"/>
    <tag k="local_y" v="-4.1399"/>
    <tag k="ele" v="-0.01"/>
  </node>
  <node id="1487" lat="" lon="">
    <tag k="mgrs_code" v="99XXX0000-1"/>
    <tag k="local_x" v="18.6749"/>
    <tag k="local_y" v="-4.3046"/>
    <tag k="ele" v="-0.01"/>
  </node>
  <node id="1488" lat="" lon="">
    <tag k="mgrs_code" v="99XXX0000-1"/>
    <tag k="local_x" v="18.3805"/>
    <tag k="local_y" v="-4.4958"/>
    <tag k="ele" v="-0.01"/>
  </node>
  <node id="1489" lat="" lon="">
    <tag k="mgrs_code" v="99XXX0000-1"/>
    <tag k="local_x" v="18.1042"/>
    <tag k="local_y" v="-4.712"/>
    <tag k="ele" v="-0.01"/>
  </node>
  <node id="1490" lat="" lon="">
    <tag k="mgrs_code" v="99XXX0000-1"/>
    <tag k="local_x" v="17.8483"/>
    <tag k="local_y" v="-4.9515"/>
    <tag k="ele" v="-0.01"/>
  </node>
  <node id="1491" lat="" lon="">
    <tag k="mgrs_code" v="99XXX0000-1"/>
    <tag k="local_x" v="17.6147"/>
    <tag k="local_y" v="-5.2123"/>
    <tag k="ele" v="-0.01"/>
  </node>
  <node id="1492" lat="" lon="">
    <tag k="mgrs_code" v="99XXX0000-1"/>
    <tag k="local_x" v="17.4051"/>
    <tag k="local_y" v="-5.4924"/>
    <tag k="ele" v="-0.01"/>
  </node>
  <node id="1493" lat="" lon="">
    <tag k="mgrs_code" v="99XXX0000-1"/>
    <tag k="local_x" v="17.2211"/>
    <tag k="local_y" v="-5.7897"/>
    <tag k="ele" v="-0.01"/>
  </node>
  <node id="1494" lat="" lon="">
    <tag k="mgrs_code" v="99XXX0000-1"/>
    <tag k="local_x" v="17.0641"/>
    <tag k="local_y" v="-6.1017"/>
    <tag k="ele" v="-0.01"/>
  </node>
  <node id="1495" lat="" lon="">
    <tag k="mgrs_code" v="99XXX0000-1"/>
    <tag k="local_x" v="16.9353"/>
    <tag k="local_y" v="-6.4261"/>
    <tag k="ele" v="-0.01"/>
  </node>
  <node id="1496" lat="" lon="">
    <tag k="mgrs_code" v="99XXX0000-1"/>
    <tag k="local_x" v="16.8356"/>
    <tag k="local_y" v="-6.7602"/>
    <tag k="ele" v="-0.01"/>
  </node>
  <node id="1497" lat="" lon="">
    <tag k="mgrs_code" v="99XXX0000-1"/>
    <tag k="local_x" v="16.7657"/>
    <tag k="local_y" v="-7.1016"/>
    <tag k="ele" v="-0.01"/>
  </node>
  <node id="1498" lat="" lon="">
    <tag k="mgrs_code" v="99XXX0000-1"/>
    <tag k="local_x" v="16.7197"/>
    <tag k="local_y" v="-7.512"/>
    <tag k="ele" v="-0.01"/>
  </node>
  <node id="1499" lat="" lon="">
    <tag k="mgrs_code" v="99XXX0000-1"/>
    <tag k="local_x" v="20.0426"/>
    <tag k="local_y" v="-0.9456"/>
    <tag k="ele" v="-0.01"/>
  </node>
  <node id="1500" lat="" lon="">
    <tag k="mgrs_code" v="99XXX0000-1"/>
    <tag k="local_x" v="19.5062"/>
    <tag k="local_y" v="-1.0115"/>
    <tag k="ele" v="-0.01"/>
  </node>
  <node id="1501" lat="" lon="">
    <tag k="mgrs_code" v="99XXX0000-1"/>
    <tag k="local_x" v="18.916"/>
    <tag k="local_y" v="-1.1363"/>
    <tag k="ele" v="-0.01"/>
  </node>
  <node id="1502" lat="" lon="">
    <tag k="mgrs_code" v="99XXX0000-1"/>
    <tag k="local_x" v="18.3388"/>
    <tag k="local_y" v="-1.3127"/>
    <tag k="ele" v="-0.01"/>
  </node>
  <node id="1503" lat="" lon="">
    <tag k="mgrs_code" v="99XXX0000-1"/>
    <tag k="local_x" v="17.7791"/>
    <tag k="local_y" v="-1.5393"/>
    <tag k="ele" v="-0.01"/>
  </node>
  <node id="1504" lat="" lon="">
    <tag k="mgrs_code" v="99XXX0000-1"/>
    <tag k="local_x" v="17.2413"/>
    <tag k="local_y" v="-1.8144"/>
    <tag k="ele" v="-0.01"/>
  </node>
  <node id="1505" lat="" lon="">
    <tag k="mgrs_code" v="99XXX0000-1"/>
    <tag k="local_x" v="16.7294"/>
    <tag k="local_y" v="-2.1358"/>
    <tag k="ele" v="-0.01"/>
  </node>
  <node id="1506" lat="" lon="">
    <tag k="mgrs_code" v="99XXX0000-1"/>
    <tag k="local_x" v="16.2476"/>
    <tag k="local_y" v="-2.5013"/>
    <tag k="ele" v="-0.01"/>
  </node>
  <node id="1507" lat="" lon="">
    <tag k="mgrs_code" v="99XXX0000-1"/>
    <tag k="local_x" v="15.7996"/>
    <tag k="local_y" v="-2.908"/>
    <tag k="ele" v="-0.01"/>
  </node>
  <node id="1508" lat="" lon="">
    <tag k="mgrs_code" v="99XXX0000-1"/>
    <tag k="local_x" v="15.389"/>
    <tag k="local_y" v="-3.3526"/>
    <tag k="ele" v="-0.01"/>
  </node>
  <node id="1509" lat="" lon="">
    <tag k="mgrs_code" v="99XXX0000-1"/>
    <tag k="local_x" v="15.0188"/>
    <tag k="local_y" v="-3.832"/>
    <tag k="ele" v="-0.01"/>
  </node>
  <node id="1510" lat="" lon="">
    <tag k="mgrs_code" v="99XXX0000-1"/>
    <tag k="local_x" v="14.6921"/>
    <tag k="local_y" v="-4.3423"/>
    <tag k="ele" v="-0.01"/>
  </node>
  <node id="1511" lat="" lon="">
    <tag k="mgrs_code" v="99XXX0000-1"/>
    <tag k="local_x" v="14.4115"/>
    <tag k="local_y" v="-4.8796"/>
    <tag k="ele" v="-0.01"/>
  </node>
  <node id="1512" lat="" lon="">
    <tag k="mgrs_code" v="99XXX0000-1"/>
    <tag k="local_x" v="14.1791"/>
    <tag k="local_y" v="-5.4398"/>
    <tag k="ele" v="-0.01"/>
  </node>
  <node id="1513" lat="" lon="">
    <tag k="mgrs_code" v="99XXX0000-1"/>
    <tag k="local_x" v="13.9968"/>
    <tag k="local_y" v="-6.0186"/>
    <tag k="ele" v="-0.01"/>
  </node>
  <node id="1514" lat="" lon="">
    <tag k="mgrs_code" v="99XXX0000-1"/>
    <tag k="local_x" v="13.8661"/>
    <tag k="local_y" v="-6.6115"/>
    <tag k="ele" v="-0.01"/>
  </node>
  <node id="1515" lat="" lon="">
    <tag k="mgrs_code" v="99XXX0000-1"/>
    <tag k="local_x" v="13.7945"/>
    <tag k="local_y" v="-7.1492"/>
    <tag k="ele" v="-0.01"/>
  </node>
  <node id="1519" lat="" lon="">
    <tag k="mgrs_code" v="99XXX0000-1"/>
    <tag k="local_x" v="16.7792"/>
    <tag k="local_y" v="-0.1865"/>
    <tag k="ele" v="-0.0072"/>
  </node>
  <node id="1520" lat="" lon="">
    <tag k="mgrs_code" v="99XXX0000-1"/>
    <tag k="local_x" v="16.8329"/>
    <tag k="local_y" v="-0.6022"/>
    <tag k="ele" v="-0.0072"/>
  </node>
  <node id="1521" lat="" lon="">
    <tag k="mgrs_code" v="99XXX0000-1"/>
    <tag k="local_x" v="16.9106"/>
    <tag k="local_y" v="-0.9445"/>
    <tag k="ele" v="-0.0072"/>
  </node>
  <node id="1522" lat="" lon="">
    <tag k="mgrs_code" v="99XXX0000-1"/>
    <tag k="local_x" v="17.0195"/>
    <tag k="local_y" v="-1.2784"/>
    <tag k="ele" v="-0.0072"/>
  </node>
  <node id="1523" lat="" lon="">
    <tag k="mgrs_code" v="99XXX0000-1"/>
    <tag k="local_x" v="17.1586"/>
    <tag k="local_y" v="-1.601"/>
    <tag k="ele" v="-0.0072"/>
  </node>
  <node id="1524" lat="" lon="">
    <tag k="mgrs_code" v="99XXX0000-1"/>
    <tag k="local_x" v="17.3269"/>
    <tag k="local_y" v="-1.9096"/>
    <tag k="ele" v="-0.0072"/>
  </node>
  <node id="1525" lat="" lon="">
    <tag k="mgrs_code" v="99XXX0000-1"/>
    <tag k="local_x" v="17.5228"/>
    <tag k="local_y" v="-2.2016"/>
    <tag k="ele" v="-0.0072"/>
  </node>
  <node id="1526" lat="" lon="">
    <tag k="mgrs_code" v="99XXX0000-1"/>
    <tag k="local_x" v="17.7449"/>
    <tag k="local_y" v="-2.4745"/>
    <tag k="ele" v="-0.0072"/>
  </node>
  <node id="1527" lat="" lon="">
    <tag k="mgrs_code" v="99XXX0000-1"/>
    <tag k="local_x" v="17.9911"/>
    <tag k="local_y" v="-2.726"/>
    <tag k="ele" v="-0.0072"/>
  </node>
  <node id="1528" lat="" lon="">
    <tag k="mgrs_code" v="99XXX0000-1"/>
    <tag k="local_x" v="18.2596"/>
    <tag k="local_y" v="-2.9539"/>
    <tag k="ele" v="-0.0072"/>
  </node>
  <node id="1529" lat="" lon="">
    <tag k="mgrs_code" v="99XXX0000-1"/>
    <tag k="local_x" v="18.548"/>
    <tag k="local_y" v="-3.1563"/>
    <tag k="ele" v="-0.0072"/>
  </node>
  <node id="1530" lat="" lon="">
    <tag k="mgrs_code" v="99XXX0000-1"/>
    <tag k="local_x" v="18.8539"/>
    <tag k="local_y" v="-3.3314"/>
    <tag k="ele" v="-0.0072"/>
  </node>
  <node id="1531" lat="" lon="">
    <tag k="mgrs_code" v="99XXX0000-1"/>
    <tag k="local_x" v="19.1747"/>
    <tag k="local_y" v="-3.4778"/>
    <tag k="ele" v="-0.0072"/>
  </node>
  <node id="1532" lat="" lon="">
    <tag k="mgrs_code" v="99XXX0000-1"/>
    <tag k="local_x" v="19.5077"/>
    <tag k="local_y" v="-3.5942"/>
    <tag k="ele" v="-0.0072"/>
  </node>
  <node id="1533" lat="" lon="">
    <tag k="mgrs_code" v="99XXX0000-1"/>
    <tag k="local_x" v="19.8502"/>
    <tag k="local_y" v="-3.6795"/>
    <tag k="ele" v="-0.0072"/>
  </node>
  <node id="1534" lat="" lon="">
    <tag k="mgrs_code" v="99XXX0000-1"/>
    <tag k="local_x" v="20.2659"/>
    <tag k="local_y" v="-3.7414"/>
    <tag k="ele" v="-0.0072"/>
  </node>
  <node id="1535" lat="" lon="">
    <tag k="mgrs_code" v="99XXX0000-1"/>
    <tag k="local_x" v="13.8335"/>
    <tag k="local_y" v="-0.591"/>
    <tag k="ele" v="-0.0072"/>
  </node>
  <node id="1536" lat="" lon="">
    <tag k="mgrs_code" v="99XXX0000-1"/>
    <tag k="local_x" v="13.9124"/>
    <tag k="local_y" v="-1.141"/>
    <tag k="ele" v="-0.0072"/>
  </node>
  <node id="1537" lat="" lon="">
    <tag k="mgrs_code" v="99XXX0000-1"/>
    <tag k="local_x" v="14.0554"/>
    <tag k="local_y" v="-1.7481"/>
    <tag k="ele" v="-0.0072"/>
  </node>
  <node id="1538" lat="" lon="">
    <tag k="mgrs_code" v="99XXX0000-1"/>
    <tag k="local_x" v="14.2535"/>
    <tag k="local_y" v="-2.3394"/>
    <tag k="ele" v="-0.0072"/>
  </node>
  <node id="1539" lat="" lon="">
    <tag k="mgrs_code" v="99XXX0000-1"/>
    <tag k="local_x" v="14.5049"/>
    <tag k="local_y" v="-2.9099"/>
    <tag k="ele" v="-0.0072"/>
  </node>
  <node id="1540" lat="" lon="">
    <tag k="mgrs_code" v="99XXX0000-1"/>
    <tag k="local_x" v="14.8076"/>
    <tag k="local_y" v="-3.4548"/>
    <tag k="ele" v="-0.0072"/>
  </node>
  <node id="1541" lat="" lon="">
    <tag k="mgrs_code" v="99XXX0000-1"/>
    <tag k="local_x" v="15.1589"/>
    <tag k="local_y" v="-3.9694"/>
    <tag k="ele" v="-0.0072"/>
  </node>
  <node id="1542" lat="" lon="">
    <tag k="mgrs_code" v="99XXX0000-1"/>
    <tag k="local_x" v="15.5559"/>
    <tag k="local_y" v="-4.4495"/>
    <tag k="ele" v="-0.0072"/>
  </node>
  <node id="1543" lat="" lon="">
    <tag k="mgrs_code" v="99XXX0000-1"/>
    <tag k="local_x" v="15.9952"/>
    <tag k="local_y" v="-4.8909"/>
    <tag k="ele" v="-0.0072"/>
  </node>
  <node id="1544" lat="" lon="">
    <tag k="mgrs_code" v="99XXX0000-1"/>
    <tag k="local_x" v="16.473"/>
    <tag k="local_y" v="-5.2901"/>
    <tag k="ele" v="-0.0072"/>
  </node>
  <node id="1545" lat="" lon="">
    <tag k="mgrs_code" v="99XXX0000-1"/>
    <tag k="local_x" v="16.9853"/>
    <tag k="local_y" v="-5.6436"/>
    <tag k="ele" v="-0.0072"/>
  </node>
  <node id="1546" lat="" lon="">
    <tag k="mgrs_code" v="99XXX0000-1"/>
    <tag k="local_x" v="17.5278"/>
    <tag k="local_y" v="-5.9486"/>
    <tag k="ele" v="-0.0072"/>
  </node>
  <node id="1547" lat="" lon="">
    <tag k="mgrs_code" v="99XXX0000-1"/>
    <tag k="local_x" v="18.0958"/>
    <tag k="local_y" v="-6.2023"/>
    <tag k="ele" v="-0.0072"/>
  </node>
  <node id="1548" lat="" lon="">
    <tag k="mgrs_code" v="99XXX0000-1"/>
    <tag k="local_x" v="18.6846"/>
    <tag k="local_y" v="-6.4028"/>
    <tag k="ele" v="-0.0072"/>
  </node>
  <node id="1549" lat="" lon="">
    <tag k="mgrs_code" v="99XXX0000-1"/>
    <tag k="local_x" v="19.2891"/>
    <tag k="local_y" v="-6.5483"/>
    <tag k="ele" v="-0.0072"/>
  </node>
  <node id="1550" lat="" lon="">
    <tag k="mgrs_code" v="99XXX0000-1"/>
    <tag k="local_x" v="19.8377"/>
    <tag k="local_y" v="-6.6294"/>
    <tag k="ele" v="-0.0072"/>
  </node>
  <node id="1554" lat="" lon="">
    <tag k="mgrs_code" v="99XXX0000-1"/>
    <tag k="local_x" v="16.7979"/>
    <tag k="local_y" v="-6.9574"/>
    <tag k="ele" v="-0.0045"/>
  </node>
  <node id="1555" lat="" lon="">
    <tag k="mgrs_code" v="99XXX0000-1"/>
    <tag k="local_x" v="16.9485"/>
    <tag k="local_y" v="-6.4022"/>
    <tag k="ele" v="-0.0045"/>
  </node>
  <node id="1556" lat="" lon="">
    <tag k="mgrs_code" v="99XXX0000-1"/>
    <tag k="local_x" v="17.2427"/>
    <tag k="local_y" v="-5.7637"/>
    <tag k="ele" v="-0.0045"/>
  </node>
  <node id="1557" lat="" lon="">
    <tag k="mgrs_code" v="99XXX0000-1"/>
    <tag k="local_x" v="17.6446"/>
    <tag k="local_y" v="-5.1864"/>
    <tag k="ele" v="-0.0045"/>
  </node>
  <node id="1558" lat="" lon="">
    <tag k="mgrs_code" v="99XXX0000-1"/>
    <tag k="local_x" v="18.1416"/>
    <tag k="local_y" v="-4.6884"/>
    <tag k="ele" v="-0.0045"/>
  </node>
  <node id="1559" lat="" lon="">
    <tag k="mgrs_code" v="99XXX0000-1"/>
    <tag k="local_x" v="18.7186"/>
    <tag k="local_y" v="-4.2851"/>
    <tag k="ele" v="-0.0045"/>
  </node>
  <node id="1560" lat="" lon="">
    <tag k="mgrs_code" v="99XXX0000-1"/>
    <tag k="local_x" v="19.3575"/>
    <tag k="local_y" v="-3.9892"/>
    <tag k="ele" v="-0.0045"/>
  </node>
  <node id="1561" lat="" lon="">
    <tag k="mgrs_code" v="99XXX0000-1"/>
    <tag k="local_x" v="19.913"/>
    <tag k="local_y" v="-3.8368"/>
    <tag k="ele" v="-0.0045"/>
  </node>
  <node id="1562" lat="" lon="">
    <tag k="mgrs_code" v="99XXX0000-1"/>
    <tag k="local_x" v="19.5999"/>
    <tag k="local_y" v="-7.696"/>
    <tag k="ele" v="-0.0045"/>
  </node>
  <node id="1563" lat="" lon="">
    <tag k="mgrs_code" v="99XXX0000-1"/>
    <tag k="local_x" v="19.6774"/>
    <tag k="local_y" v="-7.3856"/>
    <tag k="ele" v="-0.0045"/>
  </node>
  <node id="1564" lat="" lon="">
    <tag k="mgrs_code" v="99XXX0000-1"/>
    <tag k="local_x" v="19.7596"/>
    <tag k="local_y" v="-7.2121"/>
    <tag k="ele" v="-0.0045"/>
  </node>
  <node id="1565" lat="" lon="">
    <tag k="mgrs_code" v="99XXX0000-1"/>
    <tag k="local_x" v="19.8708"/>
    <tag k="local_y" v="-7.0559"/>
    <tag k="ele" v="-0.0045"/>
  </node>
  <node id="1566" lat="" lon="">
    <tag k="mgrs_code" v="99XXX0000-1"/>
    <tag k="local_x" v="20.0074"/>
    <tag k="local_y" v="-6.9218"/>
    <tag k="ele" v="-0.0045"/>
  </node>
  <node id="1567" lat="" lon="">
    <tag k="mgrs_code" v="99XXX0000-1"/>
    <tag k="local_x" v="20.1653"/>
    <tag k="local_y" v="-6.8139"/>
    <tag k="ele" v="-0.0045"/>
  </node>
  <node id="1568" lat="" lon="">
    <tag k="mgrs_code" v="99XXX0000-1"/>
    <tag k="local_x" v="20.3393"/>
    <tag k="local_y" v="-6.7354"/>
    <tag k="ele" v="-0.0045"/>
  </node>
  <node id="1569" lat="" lon="">
    <tag k="mgrs_code" v="99XXX0000-1"/>
    <tag k="local_x" v="20.65"/>
    <tag k="local_y" v="-6.6619"/>
    <tag k="ele" v="-0.0045"/>
  </node>
  <node id="1579" lat="" lon="">
    <tag k="mgrs_code" v="99XXX0000-1"/>
    <tag k="local_x" v="16.7"/>
    <tag k="local_y" v="-18.1069"/>
    <tag k="ele" v="-0.0063"/>
  </node>
  <node id="1580" lat="" lon="">
    <tag k="mgrs_code" v="99XXX0000-1"/>
    <tag k="local_x" v="16.7411"/>
    <tag k="local_y" v="-17.653"/>
    <tag k="ele" v="-0.0063"/>
  </node>
  <node id="1581" lat="" lon="">
    <tag k="mgrs_code" v="99XXX0000-1"/>
    <tag k="local_x" v="16.7819"/>
    <tag k="local_y" v="-17.199"/>
    <tag k="ele" v="-0.0063"/>
  </node>
  <node id="1582" lat="" lon="">
    <tag k="mgrs_code" v="99XXX0000-1"/>
    <tag k="local_x" v="19.7617"/>
    <tag k="local_y" v="-18.0916"/>
    <tag k="ele" v="-0.0063"/>
  </node>
  <node id="1583" lat="" lon="">
    <tag k="mgrs_code" v="99XXX0000-1"/>
    <tag k="local_x" v="19.716"/>
    <tag k="local_y" v="-17.637"/>
    <tag k="ele" v="-0.0063"/>
  </node>
  <node id="1584" lat="" lon="">
    <tag k="mgrs_code" v="99XXX0000-1"/>
    <tag k="local_x" v="19.67"/>
    <tag k="local_y" v="-17.1825"/>
    <tag k="ele" v="-0.0063"/>
  </node>
  <node id="1591" lat="" lon="">
    <tag k="mgrs_code" v="99XXX0000-1"/>
    <tag k="local_x" v="16.6921"/>
    <tag k="local_y" v="-18.1129"/>
    <tag k="ele" v="-0.0063"/>
  </node>
  <node id="1592" lat="" lon="">
    <tag k="mgrs_code" v="99XXX0000-1"/>
    <tag k="local_x" v="16.6425"/>
    <tag k="local_y" v="-17.6979"/>
    <tag k="ele" v="-0.0063"/>
  </node>
  <node id="1593" lat="" lon="">
    <tag k="mgrs_code" v="99XXX0000-1"/>
    <tag k="local_x" v="16.5708"/>
    <tag k="local_y" v="-17.3504"/>
    <tag k="ele" v="-0.0063"/>
  </node>
  <node id="1594" lat="" lon="">
    <tag k="mgrs_code" v="99XXX0000-1"/>
    <tag k="local_x" v="16.4705"/>
    <tag k="local_y" v="-17.0099"/>
    <tag k="ele" v="-0.0063"/>
  </node>
  <node id="1595" lat="" lon="">
    <tag k="mgrs_code" v="99XXX0000-1"/>
    <tag k="local_x" v="16.3422"/>
    <tag k="local_y" v="-16.6787"/>
    <tag k="ele" v="-0.0063"/>
  </node>
  <node id="1596" lat="" lon="">
    <tag k="mgrs_code" v="99XXX0000-1"/>
    <tag k="local_x" v="16.1869"/>
    <tag k="local_y" v="-16.359"/>
    <tag k="ele" v="-0.0063"/>
  </node>
  <node id="1597" lat="" lon="">
    <tag k="mgrs_code" v="99XXX0000-1"/>
    <tag k="local_x" v="16.0055"/>
    <tag k="local_y" v="-16.053"/>
    <tag k="ele" v="-0.0063"/>
  </node>
  <node id="1598" lat="" lon="">
    <tag k="mgrs_code" v="99XXX0000-1"/>
    <tag k="local_x" v="15.7993"/>
    <tag k="local_y" v="-15.763"/>
    <tag k="ele" v="-0.0063"/>
  </node>
  <node id="1599" lat="" lon="">
    <tag k="mgrs_code" v="99XXX0000-1"/>
    <tag k="local_x" v="15.5696"/>
    <tag k="local_y" v="-15.4908"/>
    <tag k="ele" v="-0.0063"/>
  </node>
  <node id="1600" lat="" lon="">
    <tag k="mgrs_code" v="99XXX0000-1"/>
    <tag k="local_x" v="15.3181"/>
    <tag k="local_y" v="-15.2385"/>
    <tag k="ele" v="-0.0063"/>
  </node>
  <node id="1601" lat="" lon="">
    <tag k="mgrs_code" v="99XXX0000-1"/>
    <tag k="local_x" v="15.0463"/>
    <tag k="local_y" v="-15.0077"/>
    <tag k="ele" v="-0.0063"/>
  </node>
  <node id="1602" lat="" lon="">
    <tag k="mgrs_code" v="99XXX0000-1"/>
    <tag k="local_x" v="14.7562"/>
    <tag k="local_y" v="-14.8"/>
    <tag k="ele" v="-0.0063"/>
  </node>
  <node id="1603" lat="" lon="">
    <tag k="mgrs_code" v="99XXX0000-1"/>
    <tag k="local_x" v="14.4497"/>
    <tag k="local_y" v="-14.617"/>
    <tag k="ele" v="-0.0063"/>
  </node>
  <node id="1604" lat="" lon="">
    <tag k="mgrs_code" v="99XXX0000-1"/>
    <tag k="local_x" v="14.129"/>
    <tag k="local_y" v="-14.4599"/>
    <tag k="ele" v="-0.0063"/>
  </node>
  <node id="1605" lat="" lon="">
    <tag k="mgrs_code" v="99XXX0000-1"/>
    <tag k="local_x" v="13.7961"/>
    <tag k="local_y" v="-14.3298"/>
    <tag k="ele" v="-0.0063"/>
  </node>
  <node id="1606" lat="" lon="">
    <tag k="mgrs_code" v="99XXX0000-1"/>
    <tag k="local_x" v="13.4533"/>
    <tag k="local_y" v="-14.2276"/>
    <tag k="ele" v="-0.0063"/>
  </node>
  <node id="1607" lat="" lon="">
    <tag k="mgrs_code" v="99XXX0000-1"/>
    <tag k="local_x" v="13.1031"/>
    <tag k="local_y" v="-14.1541"/>
    <tag k="ele" v="-0.0063"/>
  </node>
  <node id="1608" lat="" lon="">
    <tag k="mgrs_code" v="99XXX0000-1"/>
    <tag k="local_x" v="12.6865"/>
    <tag k="local_y" v="-14.1039"/>
    <tag k="ele" v="-0.0063"/>
  </node>
  <node id="1609" lat="" lon="">
    <tag k="mgrs_code" v="99XXX0000-1"/>
    <tag k="local_x" v="19.7286"/>
    <tag k="local_y" v="-17.7212"/>
    <tag k="ele" v="-0.0063"/>
  </node>
  <node id="1610" lat="" lon="">
    <tag k="mgrs_code" v="99XXX0000-1"/>
    <tag k="local_x" v="19.655"/>
    <tag k="local_y" v="-17.1816"/>
    <tag k="ele" v="-0.0063"/>
  </node>
  <node id="1611" lat="" lon="">
    <tag k="mgrs_code" v="99XXX0000-1"/>
    <tag k="local_x" v="19.525"/>
    <tag k="local_y" v="-16.5879"/>
    <tag k="ele" v="-0.0063"/>
  </node>
  <node id="1612" lat="" lon="">
    <tag k="mgrs_code" v="99XXX0000-1"/>
    <tag k="local_x" v="19.3464"/>
    <tag k="local_y" v="-16.0072"/>
    <tag k="ele" v="-0.0063"/>
  </node>
  <node id="1613" lat="" lon="">
    <tag k="mgrs_code" v="99XXX0000-1"/>
    <tag k="local_x" v="19.1204"/>
    <tag k="local_y" v="-15.4435"/>
    <tag k="ele" v="-0.0063"/>
  </node>
  <node id="1614" lat="" lon="">
    <tag k="mgrs_code" v="99XXX0000-1"/>
    <tag k="local_x" v="18.8486"/>
    <tag k="local_y" v="-14.9006"/>
    <tag k="ele" v="-0.0063"/>
  </node>
  <node id="1615" lat="" lon="">
    <tag k="mgrs_code" v="99XXX0000-1"/>
    <tag k="local_x" v="18.5329"/>
    <tag k="local_y" v="-14.3823"/>
    <tag k="ele" v="-0.0063"/>
  </node>
  <node id="1616" lat="" lon="">
    <tag k="mgrs_code" v="99XXX0000-1"/>
    <tag k="local_x" v="18.1755"/>
    <tag k="local_y" v="-13.8921"/>
    <tag k="ele" v="-0.0063"/>
  </node>
  <node id="1617" lat="" lon="">
    <tag k="mgrs_code" v="99XXX0000-1"/>
    <tag k="local_x" v="17.7789"/>
    <tag k="local_y" v="-13.4333"/>
    <tag k="ele" v="-0.0063"/>
  </node>
  <node id="1618" lat="" lon="">
    <tag k="mgrs_code" v="99XXX0000-1"/>
    <tag k="local_x" v="17.3459"/>
    <tag k="local_y" v="-13.0091"/>
    <tag k="ele" v="-0.0063"/>
  </node>
  <node id="1619" lat="" lon="">
    <tag k="mgrs_code" v="99XXX0000-1"/>
    <tag k="local_x" v="16.8794"/>
    <tag k="local_y" v="-12.6223"/>
    <tag k="ele" v="-0.0063"/>
  </node>
  <node id="1620" lat="" lon="">
    <tag k="mgrs_code" v="99XXX0000-1"/>
    <tag k="local_x" v="16.3826"/>
    <tag k="local_y" v="-12.2756"/>
    <tag k="ele" v="-0.0063"/>
  </node>
  <node id="1621" lat="" lon="">
    <tag k="mgrs_code" v="99XXX0000-1"/>
    <tag k="local_x" v="15.8591"/>
    <tag k="local_y" v="-11.9713"/>
    <tag k="ele" v="-0.0063"/>
  </node>
  <node id="1622" lat="" lon="">
    <tag k="mgrs_code" v="99XXX0000-1"/>
    <tag k="local_x" v="15.3124"/>
    <tag k="local_y" v="-11.7115"/>
    <tag k="ele" v="-0.0063"/>
  </node>
  <node id="1623" lat="" lon="">
    <tag k="mgrs_code" v="99XXX0000-1"/>
    <tag k="local_x" v="14.7462"/>
    <tag k="local_y" v="-11.4979"/>
    <tag k="ele" v="-0.0063"/>
  </node>
  <node id="1624" lat="" lon="">
    <tag k="mgrs_code" v="99XXX0000-1"/>
    <tag k="local_x" v="14.1645"/>
    <tag k="local_y" v="-11.332"/>
    <tag k="ele" v="-0.0063"/>
  </node>
  <node id="1625" lat="" lon="">
    <tag k="mgrs_code" v="99XXX0000-1"/>
    <tag k="local_x" v="13.5713"/>
    <tag k="local_y" v="-11.2148"/>
    <tag k="ele" v="-0.0063"/>
  </node>
  <node id="1626" lat="" lon="">
    <tag k="mgrs_code" v="99XXX0000-1"/>
    <tag k="local_x" v="13.0319"/>
    <tag k="local_y" v="-11.1531"/>
    <tag k="ele" v="-0.0063"/>
  </node>
  <node id="1630" lat="" lon="">
    <tag k="mgrs_code" v="99XXX0000-1"/>
    <tag k="local_x" v="13.0601"/>
    <tag k="local_y" v="-14.0844"/>
    <tag k="ele" v="-0.0076"/>
  </node>
  <node id="1631" lat="" lon="">
    <tag k="mgrs_code" v="99XXX0000-1"/>
    <tag k="local_x" v="13.4651"/>
    <tag k="local_y" v="-14.0321"/>
    <tag k="ele" v="-0.0076"/>
  </node>
  <node id="1632" lat="" lon="">
    <tag k="mgrs_code" v="99XXX0000-1"/>
    <tag k="local_x" v="13.8008"/>
    <tag k="local_y" v="-13.9578"/>
    <tag k="ele" v="-0.0076"/>
  </node>
  <node id="1633" lat="" lon="">
    <tag k="mgrs_code" v="99XXX0000-1"/>
    <tag k="local_x" v="14.1289"/>
    <tag k="local_y" v="-13.8546"/>
    <tag k="ele" v="-0.0076"/>
  </node>
  <node id="1634" lat="" lon="">
    <tag k="mgrs_code" v="99XXX0000-1"/>
    <tag k="local_x" v="14.4471"/>
    <tag k="local_y" v="-13.723"/>
    <tag k="ele" v="-0.0076"/>
  </node>
  <node id="1635" lat="" lon="">
    <tag k="mgrs_code" v="99XXX0000-1"/>
    <tag k="local_x" v="14.7527"/>
    <tag k="local_y" v="-13.5641"/>
    <tag k="ele" v="-0.0076"/>
  </node>
  <node id="1636" lat="" lon="">
    <tag k="mgrs_code" v="99XXX0000-1"/>
    <tag k="local_x" v="15.0436"/>
    <tag k="local_y" v="-13.3791"/>
    <tag k="ele" v="-0.0076"/>
  </node>
  <node id="1637" lat="" lon="">
    <tag k="mgrs_code" v="99XXX0000-1"/>
    <tag k="local_x" v="15.3175"/>
    <tag k="local_y" v="-13.1693"/>
    <tag k="ele" v="-0.0076"/>
  </node>
  <node id="1638" lat="" lon="">
    <tag k="mgrs_code" v="99XXX0000-1"/>
    <tag k="local_x" v="15.5722"/>
    <tag k="local_y" v="-12.9362"/>
    <tag k="ele" v="-0.0076"/>
  </node>
  <node id="1639" lat="" lon="">
    <tag k="mgrs_code" v="99XXX0000-1"/>
    <tag k="local_x" v="15.8058"/>
    <tag k="local_y" v="-12.6817"/>
    <tag k="ele" v="-0.0076"/>
  </node>
  <node id="1640" lat="" lon="">
    <tag k="mgrs_code" v="99XXX0000-1"/>
    <tag k="local_x" v="16.0165"/>
    <tag k="local_y" v="-12.4076"/>
    <tag k="ele" v="-0.0076"/>
  </node>
  <node id="1641" lat="" lon="">
    <tag k="mgrs_code" v="99XXX0000-1"/>
    <tag k="local_x" v="16.2026"/>
    <tag k="local_y" v="-12.116"/>
    <tag k="ele" v="-0.0076"/>
  </node>
  <node id="1642" lat="" lon="">
    <tag k="mgrs_code" v="99XXX0000-1"/>
    <tag k="local_x" v="16.3628"/>
    <tag k="local_y" v="-11.8091"/>
    <tag k="ele" v="-0.0076"/>
  </node>
  <node id="1643" lat="" lon="">
    <tag k="mgrs_code" v="99XXX0000-1"/>
    <tag k="local_x" v="16.4957"/>
    <tag k="local_y" v="-11.4892"/>
    <tag k="ele" v="-0.0076"/>
  </node>
  <node id="1644" lat="" lon="">
    <tag k="mgrs_code" v="99XXX0000-1"/>
    <tag k="local_x" v="16.6003"/>
    <tag k="local_y" v="-11.1586"/>
    <tag k="ele" v="-0.0076"/>
  </node>
  <node id="1645" lat="" lon="">
    <tag k="mgrs_code" v="99XXX0000-1"/>
    <tag k="local_x" v="16.6758"/>
    <tag k="local_y" v="-10.82"/>
    <tag k="ele" v="-0.0076"/>
  </node>
  <node id="1646" lat="" lon="">
    <tag k="mgrs_code" v="99XXX0000-1"/>
    <tag k="local_x" v="16.7279"/>
    <tag k="local_y" v="-10.4132"/>
    <tag k="ele" v="-0.0076"/>
  </node>
  <node id="1647" lat="" lon="">
    <tag k="mgrs_code" v="99XXX0000-1"/>
    <tag k="local_x" v="13.4714"/>
    <tag k="local_y" v="-17.0332"/>
    <tag k="ele" v="-0.0076"/>
  </node>
  <node id="1648" lat="" lon="">
    <tag k="mgrs_code" v="99XXX0000-1"/>
    <tag k="local_x" v="14.0037"/>
    <tag k="local_y" v="-16.9548"/>
    <tag k="ele" v="-0.0076"/>
  </node>
  <node id="1649" lat="" lon="">
    <tag k="mgrs_code" v="99XXX0000-1"/>
    <tag k="local_x" v="14.5903"/>
    <tag k="local_y" v="-16.8171"/>
    <tag k="ele" v="-0.0076"/>
  </node>
  <node id="1650" lat="" lon="">
    <tag k="mgrs_code" v="99XXX0000-1"/>
    <tag k="local_x" v="15.1626"/>
    <tag k="local_y" v="-16.629"/>
    <tag k="ele" v="-0.0076"/>
  </node>
  <node id="1651" lat="" lon="">
    <tag k="mgrs_code" v="99XXX0000-1"/>
    <tag k="local_x" v="15.716"/>
    <tag k="local_y" v="-16.3918"/>
    <tag k="ele" v="-0.0076"/>
  </node>
  <node id="1652" lat="" lon="">
    <tag k="mgrs_code" v="99XXX0000-1"/>
    <tag k="local_x" v="16.2465"/>
    <tag k="local_y" v="-16.1074"/>
    <tag k="ele" v="-0.0076"/>
  </node>
  <node id="1653" lat="" lon="">
    <tag k="mgrs_code" v="99XXX0000-1"/>
    <tag k="local_x" v="16.75"/>
    <tag k="local_y" v="-15.7781"/>
    <tag k="ele" v="-0.0076"/>
  </node>
  <node id="1654" lat="" lon="">
    <tag k="mgrs_code" v="99XXX0000-1"/>
    <tag k="local_x" v="17.2227"/>
    <tag k="local_y" v="-15.4063"/>
    <tag k="ele" v="-0.0076"/>
  </node>
  <node id="1655" lat="" lon="">
    <tag k="mgrs_code" v="99XXX0000-1"/>
    <tag k="local_x" v="17.661"/>
    <tag k="local_y" v="-14.9949"/>
    <tag k="ele" v="-0.0076"/>
  </node>
  <node id="1656" lat="" lon="">
    <tag k="mgrs_code" v="99XXX0000-1"/>
    <tag k="local_x" v="18.0617"/>
    <tag k="local_y" v="-14.5471"/>
    <tag k="ele" v="-0.0076"/>
  </node>
  <node id="1657" lat="" lon="">
    <tag k="mgrs_code" v="99XXX0000-1"/>
    <tag k="local_x" v="18.4217"/>
    <tag k="local_y" v="-14.0662"/>
    <tag k="ele" v="-0.0076"/>
  </node>
  <node id="1658" lat="" lon="">
    <tag k="mgrs_code" v="99XXX0000-1"/>
    <tag k="local_x" v="18.7383"/>
    <tag k="local_y" v="-13.5561"/>
    <tag k="ele" v="-0.0076"/>
  </node>
  <node id="1659" lat="" lon="">
    <tag k="mgrs_code" v="99XXX0000-1"/>
    <tag k="local_x" v="19.0092"/>
    <tag k="local_y" v="-13.0205"/>
    <tag k="ele" v="-0.0076"/>
  </node>
  <node id="1660" lat="" lon="">
    <tag k="mgrs_code" v="99XXX0000-1"/>
    <tag k="local_x" v="19.2323"/>
    <tag k="local_y" v="-12.4636"/>
    <tag k="ele" v="-0.0076"/>
  </node>
  <node id="1661" lat="" lon="">
    <tag k="mgrs_code" v="99XXX0000-1"/>
    <tag k="local_x" v="19.406"/>
    <tag k="local_y" v="-11.8896"/>
    <tag k="ele" v="-0.0076"/>
  </node>
  <node id="1662" lat="" lon="">
    <tag k="mgrs_code" v="99XXX0000-1"/>
    <tag k="local_x" v="19.5289"/>
    <tag k="local_y" v="-11.3029"/>
    <tag k="ele" v="-0.0076"/>
  </node>
  <node id="1663" lat="" lon="">
    <tag k="mgrs_code" v="99XXX0000-1"/>
    <tag k="local_x" v="19.5939"/>
    <tag k="local_y" v="-10.7706"/>
    <tag k="ele" v="-0.0076"/>
  </node>
  <node id="1667" lat="" lon="">
    <tag k="mgrs_code" v="99XXX0000-1"/>
    <tag k="local_x" v="13.2971"/>
    <tag k="local_y" v="-14.1835"/>
    <tag k="ele" v="-0.0075"/>
  </node>
  <node id="1668" lat="" lon="">
    <tag k="mgrs_code" v="99XXX0000-1"/>
    <tag k="local_x" v="13.888"/>
    <tag k="local_y" v="-14.3442"/>
    <tag k="ele" v="-0.0075"/>
  </node>
  <node id="1669" lat="" lon="">
    <tag k="mgrs_code" v="99XXX0000-1"/>
    <tag k="local_x" v="14.5624"/>
    <tag k="local_y" v="-14.6541"/>
    <tag k="ele" v="-0.0075"/>
  </node>
  <node id="1670" lat="" lon="">
    <tag k="mgrs_code" v="99XXX0000-1"/>
    <tag k="local_x" v="15.1724"/>
    <tag k="local_y" v="-15.0766"/>
    <tag k="ele" v="-0.0075"/>
  </node>
  <node id="1671" lat="" lon="">
    <tag k="mgrs_code" v="99XXX0000-1"/>
    <tag k="local_x" v="15.6994"/>
    <tag k="local_y" v="-15.5988"/>
    <tag k="ele" v="-0.0075"/>
  </node>
  <node id="1672" lat="" lon="">
    <tag k="mgrs_code" v="99XXX0000-1"/>
    <tag k="local_x" v="16.1274"/>
    <tag k="local_y" v="-16.2046"/>
    <tag k="ele" v="-0.0075"/>
  </node>
  <node id="1673" lat="" lon="">
    <tag k="mgrs_code" v="99XXX0000-1"/>
    <tag k="local_x" v="16.4434"/>
    <tag k="local_y" v="-16.8755"/>
    <tag k="ele" v="-0.0075"/>
  </node>
  <node id="1674" lat="" lon="">
    <tag k="mgrs_code" v="99XXX0000-1"/>
    <tag k="local_x" v="16.6091"/>
    <tag k="local_y" v="-17.4645"/>
    <tag k="ele" v="-0.0075"/>
  </node>
  <node id="1675" lat="" lon="">
    <tag k="mgrs_code" v="99XXX0000-1"/>
    <tag k="local_x" v="12.5471"/>
    <tag k="local_y" v="-17.065"/>
    <tag k="ele" v="-0.0075"/>
  </node>
  <node id="1676" lat="" lon="">
    <tag k="mgrs_code" v="99XXX0000-1"/>
    <tag k="local_x" v="12.8897"/>
    <tag k="local_y" v="-17.1473"/>
    <tag k="ele" v="-0.0075"/>
  </node>
  <node id="1677" lat="" lon="">
    <tag k="mgrs_code" v="99XXX0000-1"/>
    <tag k="local_x" v="13.0923"/>
    <tag k="local_y" v="-17.2391"/>
    <tag k="ele" v="-0.0075"/>
  </node>
  <node id="1678" lat="" lon="">
    <tag k="mgrs_code" v="99XXX0000-1"/>
    <tag k="local_x" v="13.2759"/>
    <tag k="local_y" v="-17.3649"/>
    <tag k="ele" v="-0.0075"/>
  </node>
  <node id="1679" lat="" lon="">
    <tag k="mgrs_code" v="99XXX0000-1"/>
    <tag k="local_x" v="13.435"/>
    <tag k="local_y" v="-17.5208"/>
    <tag k="ele" v="-0.0075"/>
  </node>
  <node id="1680" lat="" lon="">
    <tag k="mgrs_code" v="99XXX0000-1"/>
    <tag k="local_x" v="13.5646"/>
    <tag k="local_y" v="-17.7022"/>
    <tag k="ele" v="-0.0075"/>
  </node>
  <node id="1681" lat="" lon="">
    <tag k="mgrs_code" v="99XXX0000-1"/>
    <tag k="local_x" v="13.6607"/>
    <tag k="local_y" v="-17.9035"/>
    <tag k="ele" v="-0.0075"/>
  </node>
  <node id="1682" lat="" lon="">
    <tag k="mgrs_code" v="99XXX0000-1"/>
    <tag k="local_x" v="13.749"/>
    <tag k="local_y" v="-18.245"/>
    <tag k="ele" v="-0.0075"/>
  </node>
  <node id="1686" lat="" lon="">
    <tag k="mgrs_code" v="99XXX0000-1"/>
    <tag k="local_x" v="16.6322"/>
    <tag k="local_y" v="-11.0489"/>
    <tag k="ele" v="-0.0047"/>
  </node>
  <node id="1687" lat="" lon="">
    <tag k="mgrs_code" v="99XXX0000-1"/>
    <tag k="local_x" v="16.4521"/>
    <tag k="local_y" v="-11.6433"/>
    <tag k="ele" v="-0.0047"/>
  </node>
  <node id="1688" lat="" lon="">
    <tag k="mgrs_code" v="99XXX0000-1"/>
    <tag k="local_x" v="16.0984"/>
    <tag k="local_y" v="-12.3229"/>
    <tag k="ele" v="-0.0047"/>
  </node>
  <node id="1689" lat="" lon="">
    <tag k="mgrs_code" v="99XXX0000-1"/>
    <tag k="local_x" v="15.6186"/>
    <tag k="local_y" v="-12.9206"/>
    <tag k="ele" v="-0.0047"/>
  </node>
  <node id="1690" lat="" lon="">
    <tag k="mgrs_code" v="99XXX0000-1"/>
    <tag k="local_x" v="15.0311"/>
    <tag k="local_y" v="-13.4134"/>
    <tag k="ele" v="-0.0047"/>
  </node>
  <node id="1691" lat="" lon="">
    <tag k="mgrs_code" v="99XXX0000-1"/>
    <tag k="local_x" v="14.3584"/>
    <tag k="local_y" v="-13.7823"/>
    <tag k="ele" v="-0.0047"/>
  </node>
  <node id="1692" lat="" lon="">
    <tag k="mgrs_code" v="99XXX0000-1"/>
    <tag k="local_x" v="13.7674"/>
    <tag k="local_y" v="-13.9763"/>
    <tag k="ele" v="-0.0047"/>
  </node>
  <node id="1693" lat="" lon="">
    <tag k="mgrs_code" v="99XXX0000-1"/>
    <tag k="local_x" v="13.8044"/>
    <tag k="local_y" v="-10.2175"/>
    <tag k="ele" v="-0.0047"/>
  </node>
  <node id="1694" lat="" lon="">
    <tag k="mgrs_code" v="99XXX0000-1"/>
    <tag k="local_x" v="13.7158"/>
    <tag k="local_y" v="-10.5371"/>
    <tag k="ele" v="-0.0047"/>
  </node>
  <node id="1695" lat="" lon="">
    <tag k="mgrs_code" v="99XXX0000-1"/>
    <tag k="local_x" v="13.6274"/>
    <tag k="local_y" v="-10.7017"/>
    <tag k="ele" v="-0.0047"/>
  </node>
  <node id="1696" lat="" lon="">
    <tag k="mgrs_code" v="99XXX0000-1"/>
    <tag k="local_x" v="13.5089"/>
    <tag k="local_y" v="-10.8455"/>
    <tag k="ele" v="-0.0047"/>
  </node>
  <node id="1697" lat="" lon="">
    <tag k="mgrs_code" v="99XXX0000-1"/>
    <tag k="local_x" v="13.3648"/>
    <tag k="local_y" v="-10.9632"/>
    <tag k="ele" v="-0.0047"/>
  </node>
  <node id="1698" lat="" lon="">
    <tag k="mgrs_code" v="99XXX0000-1"/>
    <tag k="local_x" v="13.2009"/>
    <tag k="local_y" v="-11.0503"/>
    <tag k="ele" v="-0.0047"/>
  </node>
  <node id="1699" lat="" lon="">
    <tag k="mgrs_code" v="99XXX0000-1"/>
    <tag k="local_x" v="12.8823"/>
    <tag k="local_y" v="-11.1401"/>
    <tag k="ele" v="-0.0047"/>
  </node>
  <node id="1703" lat="" lon="">
    <tag k="mgrs_code" v="99XXX0000-1"/>
    <tag k="local_x" v="19.6595"/>
    <tag k="local_y" v="-29.4575"/>
    <tag k="ele" v="-0.0067"/>
  </node>
  <node id="1704" lat="" lon="">
    <tag k="mgrs_code" v="99XXX0000-1"/>
    <tag k="local_x" v="19.0971"/>
    <tag k="local_y" v="-29.2918"/>
    <tag k="ele" v="-0.0067"/>
  </node>
  <node id="1705" lat="" lon="">
    <tag k="mgrs_code" v="99XXX0000-1"/>
    <tag k="local_x" v="18.4464"/>
    <tag k="local_y" v="-28.9577"/>
    <tag k="ele" v="-0.0067"/>
  </node>
  <node id="1706" lat="" lon="">
    <tag k="mgrs_code" v="99XXX0000-1"/>
    <tag k="local_x" v="17.8714"/>
    <tag k="local_y" v="-28.502"/>
    <tag k="ele" v="-0.0067"/>
  </node>
  <node id="1707" lat="" lon="">
    <tag k="mgrs_code" v="99XXX0000-1"/>
    <tag k="local_x" v="17.3945"/>
    <tag k="local_y" v="-27.9414"/>
    <tag k="ele" v="-0.0067"/>
  </node>
  <node id="1708" lat="" lon="">
    <tag k="mgrs_code" v="99XXX0000-1"/>
    <tag k="local_x" v="17.0346"/>
    <tag k="local_y" v="-27.2968"/>
    <tag k="ele" v="-0.0067"/>
  </node>
  <node id="1709" lat="" lon="">
    <tag k="mgrs_code" v="99XXX0000-1"/>
    <tag k="local_x" v="16.8432"/>
    <tag k="local_y" v="-26.7374"/>
    <tag k="ele" v="-0.0067"/>
  </node>
  <node id="1711" lat="" lon="">
    <tag k="mgrs_code" v="99XXX0000-1"/>
    <tag k="local_x" v="20.2231"/>
    <tag k="local_y" v="-26.5712"/>
    <tag k="ele" v="-0.0067"/>
  </node>
  <node id="1712" lat="" lon="">
    <tag k="mgrs_code" v="99XXX0000-1"/>
    <tag k="local_x" v="20.093"/>
    <tag k="local_y" v="-26.4886"/>
    <tag k="ele" v="-0.0067"/>
  </node>
  <node id="1713" lat="" lon="">
    <tag k="mgrs_code" v="99XXX0000-1"/>
    <tag k="local_x" v="19.9833"/>
    <tag k="local_y" v="-26.3837"/>
    <tag k="ele" v="-0.0067"/>
  </node>
  <node id="1714" lat="" lon="">
    <tag k="mgrs_code" v="99XXX0000-1"/>
    <tag k="local_x" v="19.8976"/>
    <tag k="local_y" v="-26.2612"/>
    <tag k="ele" v="-0.0067"/>
  </node>
  <node id="1715" lat="" lon="">
    <tag k="mgrs_code" v="99XXX0000-1"/>
    <tag k="local_x" v="19.8384"/>
    <tag k="local_y" v="-26.1264"/>
    <tag k="ele" v="-0.0067"/>
  </node>
  <node id="1716" lat="" lon="">
    <tag k="mgrs_code" v="99XXX0000-1"/>
    <tag k="local_x" v="19.7703"/>
    <tag k="local_y" v="-25.8397"/>
    <tag k="ele" v="-0.0067"/>
  </node>
  <node id="1720" lat="" lon="">
    <tag k="mgrs_code" v="99XXX0000-1"/>
    <tag k="local_x" v="16.6447"/>
    <tag k="local_y" v="-26.1452"/>
    <tag k="ele" v="-0.0045"/>
  </node>
  <node id="1721" lat="" lon="">
    <tag k="mgrs_code" v="99XXX0000-1"/>
    <tag k="local_x" v="16.4804"/>
    <tag k="local_y" v="-26.7276"/>
    <tag k="ele" v="-0.0045"/>
  </node>
  <node id="1722" lat="" lon="">
    <tag k="mgrs_code" v="99XXX0000-1"/>
    <tag k="local_x" v="16.1692"/>
    <tag k="local_y" v="-27.3912"/>
    <tag k="ele" v="-0.0045"/>
  </node>
  <node id="1723" lat="" lon="">
    <tag k="mgrs_code" v="99XXX0000-1"/>
    <tag k="local_x" v="15.7483"/>
    <tag k="local_y" v="-27.9901"/>
    <tag k="ele" v="-0.0045"/>
  </node>
  <node id="1724" lat="" lon="">
    <tag k="mgrs_code" v="99XXX0000-1"/>
    <tag k="local_x" v="15.2307"/>
    <tag k="local_y" v="-28.5065"/>
    <tag k="ele" v="-0.0045"/>
  </node>
  <node id="1725" lat="" lon="">
    <tag k="mgrs_code" v="99XXX0000-1"/>
    <tag k="local_x" v="14.6322"/>
    <tag k="local_y" v="-28.9248"/>
    <tag k="ele" v="-0.0045"/>
  </node>
  <node id="1726" lat="" lon="">
    <tag k="mgrs_code" v="99XXX0000-1"/>
    <tag k="local_x" v="13.9711"/>
    <tag k="local_y" v="-29.2327"/>
    <tag k="ele" v="-0.0045"/>
  </node>
  <node id="1727" lat="" lon="">
    <tag k="mgrs_code" v="99XXX0000-1"/>
    <tag k="local_x" v="13.3901"/>
    <tag k="local_y" v="-29.3931"/>
    <tag k="ele" v="-0.0045"/>
  </node>
  <node id="1728" lat="" lon="">
    <tag k="mgrs_code" v="99XXX0000-1"/>
    <tag k="local_x" v="13.7776"/>
    <tag k="local_y" v="-25.3911"/>
    <tag k="ele" v="-0.0045"/>
  </node>
  <node id="1729" lat="" lon="">
    <tag k="mgrs_code" v="99XXX0000-1"/>
    <tag k="local_x" v="13.6995"/>
    <tag k="local_y" v="-25.7306"/>
    <tag k="ele" v="-0.0045"/>
  </node>
  <node id="1730" lat="" lon="">
    <tag k="mgrs_code" v="99XXX0000-1"/>
    <tag k="local_x" v="13.6122"/>
    <tag k="local_y" v="-25.9327"/>
    <tag k="ele" v="-0.0045"/>
  </node>
  <node id="1731" lat="" lon="">
    <tag k="mgrs_code" v="99XXX0000-1"/>
    <tag k="local_x" v="13.4907"/>
    <tag k="local_y" v="-26.1175"/>
    <tag k="ele" v="-0.0045"/>
  </node>
  <node id="1732" lat="" lon="">
    <tag k="mgrs_code" v="99XXX0000-1"/>
    <tag k="local_x" v="13.3384"/>
    <tag k="local_y" v="-26.279"/>
    <tag k="ele" v="-0.0045"/>
  </node>
  <node id="1733" lat="" lon="">
    <tag k="mgrs_code" v="99XXX0000-1"/>
    <tag k="local_x" v="13.1597"/>
    <tag k="local_y" v="-26.4122"/>
    <tag k="ele" v="-0.0045"/>
  </node>
  <node id="1734" lat="" lon="">
    <tag k="mgrs_code" v="99XXX0000-1"/>
    <tag k="local_x" v="12.9597"/>
    <tag k="local_y" v="-26.5129"/>
    <tag k="ele" v="-0.0045"/>
  </node>
  <node id="1735" lat="" lon="">
    <tag k="mgrs_code" v="99XXX0000-1"/>
    <tag k="local_x" v="12.6219"/>
    <tag k="local_y" v="-26.6058"/>
    <tag k="ele" v="-0.0045"/>
  </node>
  <node id="1739" lat="" lon="">
    <tag k="mgrs_code" v="99XXX0000-1"/>
    <tag k="local_x" v="16.7441"/>
    <tag k="local_y" v="-25.9652"/>
    <tag k="ele" v="-0.0044"/>
  </node>
  <node id="1740" lat="" lon="">
    <tag k="mgrs_code" v="99XXX0000-1"/>
    <tag k="local_x" v="16.7983"/>
    <tag k="local_y" v="-26.3835"/>
    <tag k="ele" v="-0.0044"/>
  </node>
  <node id="1741" lat="" lon="">
    <tag k="mgrs_code" v="99XXX0000-1"/>
    <tag k="local_x" v="16.8764"/>
    <tag k="local_y" v="-26.7286"/>
    <tag k="ele" v="-0.0044"/>
  </node>
  <node id="1742" lat="" lon="">
    <tag k="mgrs_code" v="99XXX0000-1"/>
    <tag k="local_x" v="16.9861"/>
    <tag k="local_y" v="-27.0654"/>
    <tag k="ele" v="-0.0044"/>
  </node>
  <node id="1743" lat="" lon="">
    <tag k="mgrs_code" v="99XXX0000-1"/>
    <tag k="local_x" v="17.1264"/>
    <tag k="local_y" v="-27.3911"/>
    <tag k="ele" v="-0.0044"/>
  </node>
  <node id="1744" lat="" lon="">
    <tag k="mgrs_code" v="99XXX0000-1"/>
    <tag k="local_x" v="17.2963"/>
    <tag k="local_y" v="-27.7028"/>
    <tag k="ele" v="-0.0044"/>
  </node>
  <node id="1745" lat="" lon="">
    <tag k="mgrs_code" v="99XXX0000-1"/>
    <tag k="local_x" v="17.4944"/>
    <tag k="local_y" v="-27.9978"/>
    <tag k="ele" v="-0.0044"/>
  </node>
  <node id="1746" lat="" lon="">
    <tag k="mgrs_code" v="99XXX0000-1"/>
    <tag k="local_x" v="17.7189"/>
    <tag k="local_y" v="-28.2737"/>
    <tag k="ele" v="-0.0044"/>
  </node>
  <node id="1747" lat="" lon="">
    <tag k="mgrs_code" v="99XXX0000-1"/>
    <tag k="local_x" v="17.9682"/>
    <tag k="local_y" v="-28.528"/>
    <tag k="ele" v="-0.0044"/>
  </node>
  <node id="1748" lat="" lon="">
    <tag k="mgrs_code" v="99XXX0000-1"/>
    <tag k="local_x" v="18.2401"/>
    <tag k="local_y" v="-28.7586"/>
    <tag k="ele" v="-0.0044"/>
  </node>
  <node id="1749" lat="" lon="">
    <tag k="mgrs_code" v="99XXX0000-1"/>
    <tag k="local_x" v="18.5324"/>
    <tag k="local_y" v="-28.9633"/>
    <tag k="ele" v="-0.0044"/>
  </node>
  <node id="1750" lat="" lon="">
    <tag k="mgrs_code" v="99XXX0000-1"/>
    <tag k="local_x" v="18.8426"/>
    <tag k="local_y" v="-29.1406"/>
    <tag k="ele" v="-0.0044"/>
  </node>
  <node id="1751" lat="" lon="">
    <tag k="mgrs_code" v="99XXX0000-1"/>
    <tag k="local_x" v="19.1681"/>
    <tag k="local_y" v="-29.2886"/>
    <tag k="ele" v="-0.0044"/>
  </node>
  <node id="1752" lat="" lon="">
    <tag k="mgrs_code" v="99XXX0000-1"/>
    <tag k="local_x" v="19.5063"/>
    <tag k="local_y" v="-29.4063"/>
    <tag k="ele" v="-0.0044"/>
  </node>
  <node id="1753" lat="" lon="">
    <tag k="mgrs_code" v="99XXX0000-1"/>
    <tag k="local_x" v="19.8541"/>
    <tag k="local_y" v="-29.4924"/>
    <tag k="ele" v="-0.0044"/>
  </node>
  <node id="1754" lat="" lon="">
    <tag k="mgrs_code" v="99XXX0000-1"/>
    <tag k="local_x" v="20.2738"/>
    <tag k="local_y" v="-29.5538"/>
    <tag k="ele" v="-0.0044"/>
  </node>
  <node id="1755" lat="" lon="">
    <tag k="mgrs_code" v="99XXX0000-1"/>
    <tag k="local_x" v="13.8094"/>
    <tag k="local_y" v="-26.3852"/>
    <tag k="ele" v="-0.0044"/>
  </node>
  <node id="1756" lat="" lon="">
    <tag k="mgrs_code" v="99XXX0000-1"/>
    <tag k="local_x" v="13.894"/>
    <tag k="local_y" v="-26.9366"/>
    <tag k="ele" v="-0.0044"/>
  </node>
  <node id="1757" lat="" lon="">
    <tag k="mgrs_code" v="99XXX0000-1"/>
    <tag k="local_x" v="14.0432"/>
    <tag k="local_y" v="-27.5442"/>
    <tag k="ele" v="-0.0044"/>
  </node>
  <node id="1758" lat="" lon="">
    <tag k="mgrs_code" v="99XXX0000-1"/>
    <tag k="local_x" v="14.2476"/>
    <tag k="local_y" v="-28.1352"/>
    <tag k="ele" v="-0.0044"/>
  </node>
  <node id="1759" lat="" lon="">
    <tag k="mgrs_code" v="99XXX0000-1"/>
    <tag k="local_x" v="14.5052"/>
    <tag k="local_y" v="-28.7045"/>
    <tag k="ele" v="-0.0044"/>
  </node>
  <node id="1760" lat="" lon="">
    <tag k="mgrs_code" v="99XXX0000-1"/>
    <tag k="local_x" v="14.814"/>
    <tag k="local_y" v="-29.2474"/>
    <tag k="ele" v="-0.0044"/>
  </node>
  <node id="1761" lat="" lon="">
    <tag k="mgrs_code" v="99XXX0000-1"/>
    <tag k="local_x" v="15.1712"/>
    <tag k="local_y" v="-29.7593"/>
    <tag k="ele" v="-0.0044"/>
  </node>
  <node id="1762" lat="" lon="">
    <tag k="mgrs_code" v="99XXX0000-1"/>
    <tag k="local_x" v="15.5737"/>
    <tag k="local_y" v="-30.2358"/>
    <tag k="ele" v="-0.0044"/>
  </node>
  <node id="1763" lat="" lon="">
    <tag k="mgrs_code" v="99XXX0000-1"/>
    <tag k="local_x" v="16.0181"/>
    <tag k="local_y" v="-30.6731"/>
    <tag k="ele" v="-0.0044"/>
  </node>
  <node id="1764" lat="" lon="">
    <tag k="mgrs_code" v="99XXX0000-1"/>
    <tag k="local_x" v="16.5005"/>
    <tag k="local_y" v="-31.0673"/>
    <tag k="ele" v="-0.0044"/>
  </node>
  <node id="1765" lat="" lon="">
    <tag k="mgrs_code" v="99XXX0000-1"/>
    <tag k="local_x" v="17.0168"/>
    <tag k="local_y" v="-31.4154"/>
    <tag k="ele" v="-0.0044"/>
  </node>
  <node id="1766" lat="" lon="">
    <tag k="mgrs_code" v="99XXX0000-1"/>
    <tag k="local_x" v="17.5626"/>
    <tag k="local_y" v="-31.7142"/>
    <tag k="ele" v="-0.0044"/>
  </node>
  <node id="1767" lat="" lon="">
    <tag k="mgrs_code" v="99XXX0000-1"/>
    <tag k="local_x" v="18.1333"/>
    <tag k="local_y" v="-31.9615"/>
    <tag k="ele" v="-0.0044"/>
  </node>
  <node id="1768" lat="" lon="">
    <tag k="mgrs_code" v="99XXX0000-1"/>
    <tag k="local_x" v="18.7239"/>
    <tag k="local_y" v="-32.1551"/>
    <tag k="ele" v="-0.0044"/>
  </node>
  <node id="1769" lat="" lon="">
    <tag k="mgrs_code" v="99XXX0000-1"/>
    <tag k="local_x" v="19.3294"/>
    <tag k="local_y" v="-32.2934"/>
    <tag k="ele" v="-0.0044"/>
  </node>
  <node id="1770" lat="" lon="">
    <tag k="mgrs_code" v="99XXX0000-1"/>
    <tag k="local_x" v="19.8798"/>
    <tag k="local_y" v="-32.3679"/>
    <tag k="ele" v="-0.0044"/>
  </node>
  <node id="1774" lat="" lon="">
    <tag k="mgrs_code" v="99XXX0000-1"/>
    <tag k="local_x" v="13.0786"/>
    <tag k="local_y" v="-29.4772"/>
    <tag k="ele" v="-0.0076"/>
  </node>
  <node id="1775" lat="" lon="">
    <tag k="mgrs_code" v="99XXX0000-1"/>
    <tag k="local_x" v="13.4893"/>
    <tag k="local_y" v="-29.4169"/>
    <tag k="ele" v="-0.0076"/>
  </node>
  <node id="1776" lat="" lon="">
    <tag k="mgrs_code" v="99XXX0000-1"/>
    <tag k="local_x" v="13.8306"/>
    <tag k="local_y" v="-29.3341"/>
    <tag k="ele" v="-0.0076"/>
  </node>
  <node id="1777" lat="" lon="">
    <tag k="mgrs_code" v="99XXX0000-1"/>
    <tag k="local_x" v="14.163"/>
    <tag k="local_y" v="-29.222"/>
    <tag k="ele" v="-0.0076"/>
  </node>
  <node id="1778" lat="" lon="">
    <tag k="mgrs_code" v="99XXX0000-1"/>
    <tag k="local_x" v="14.484"/>
    <tag k="local_y" v="-29.0816"/>
    <tag k="ele" v="-0.0076"/>
  </node>
  <node id="1779" lat="" lon="">
    <tag k="mgrs_code" v="99XXX0000-1"/>
    <tag k="local_x" v="14.7913"/>
    <tag k="local_y" v="-28.914"/>
    <tag k="ele" v="-0.0076"/>
  </node>
  <node id="1780" lat="" lon="">
    <tag k="mgrs_code" v="99XXX0000-1"/>
    <tag k="local_x" v="15.0825"/>
    <tag k="local_y" v="-28.7205"/>
    <tag k="ele" v="-0.0076"/>
  </node>
  <node id="1781" lat="" lon="">
    <tag k="mgrs_code" v="99XXX0000-1"/>
    <tag k="local_x" v="15.3555"/>
    <tag k="local_y" v="-28.5027"/>
    <tag k="ele" v="-0.0076"/>
  </node>
  <node id="1782" lat="" lon="">
    <tag k="mgrs_code" v="99XXX0000-1"/>
    <tag k="local_x" v="15.6083"/>
    <tag k="local_y" v="-28.2622"/>
    <tag k="ele" v="-0.0076"/>
  </node>
  <node id="1783" lat="" lon="">
    <tag k="mgrs_code" v="99XXX0000-1"/>
    <tag k="local_x" v="15.8389"/>
    <tag k="local_y" v="-28.0009"/>
    <tag k="ele" v="-0.0076"/>
  </node>
  <node id="1784" lat="" lon="">
    <tag k="mgrs_code" v="99XXX0000-1"/>
    <tag k="local_x" v="16.0457"/>
    <tag k="local_y" v="-27.7209"/>
    <tag k="ele" v="-0.0076"/>
  </node>
  <node id="1785" lat="" lon="">
    <tag k="mgrs_code" v="99XXX0000-1"/>
    <tag k="local_x" v="16.2271"/>
    <tag k="local_y" v="-27.4243"/>
    <tag k="ele" v="-0.0076"/>
  </node>
  <node id="1786" lat="" lon="">
    <tag k="mgrs_code" v="99XXX0000-1"/>
    <tag k="local_x" v="16.3819"/>
    <tag k="local_y" v="-27.1134"/>
    <tag k="ele" v="-0.0076"/>
  </node>
  <node id="1787" lat="" lon="">
    <tag k="mgrs_code" v="99XXX0000-1"/>
    <tag k="local_x" v="16.509"/>
    <tag k="local_y" v="-26.7906"/>
    <tag k="ele" v="-0.0076"/>
  </node>
  <node id="1788" lat="" lon="">
    <tag k="mgrs_code" v="99XXX0000-1"/>
    <tag k="local_x" v="16.6073"/>
    <tag k="local_y" v="-26.4583"/>
    <tag k="ele" v="-0.0076"/>
  </node>
  <node id="1789" lat="" lon="">
    <tag k="mgrs_code" v="99XXX0000-1"/>
    <tag k="local_x" v="16.6764"/>
    <tag k="local_y" v="-26.1192"/>
    <tag k="ele" v="-0.0076"/>
  </node>
  <node id="1790" lat="" lon="">
    <tag k="mgrs_code" v="99XXX0000-1"/>
    <tag k="local_x" v="16.7226"/>
    <tag k="local_y" v="-25.7094"/>
    <tag k="ele" v="-0.0076"/>
  </node>
  <node id="1791" lat="" lon="">
    <tag k="mgrs_code" v="99XXX0000-1"/>
    <tag k="local_x" v="13.4812"/>
    <tag k="local_y" v="-32.3681"/>
    <tag k="ele" v="-0.0076"/>
  </node>
  <node id="1792" lat="" lon="">
    <tag k="mgrs_code" v="99XXX0000-1"/>
    <tag k="local_x" v="14.0189"/>
    <tag k="local_y" v="-32.2963"/>
    <tag k="ele" v="-0.0076"/>
  </node>
  <node id="1793" lat="" lon="">
    <tag k="mgrs_code" v="99XXX0000-1"/>
    <tag k="local_x" v="14.6109"/>
    <tag k="local_y" v="-32.1652"/>
    <tag k="ele" v="-0.0076"/>
  </node>
  <node id="1794" lat="" lon="">
    <tag k="mgrs_code" v="99XXX0000-1"/>
    <tag k="local_x" v="15.1896"/>
    <tag k="local_y" v="-31.9829"/>
    <tag k="ele" v="-0.0076"/>
  </node>
  <node id="1795" lat="" lon="">
    <tag k="mgrs_code" v="99XXX0000-1"/>
    <tag k="local_x" v="15.7507"/>
    <tag k="local_y" v="-31.7508"/>
    <tag k="ele" v="-0.0076"/>
  </node>
  <node id="1796" lat="" lon="">
    <tag k="mgrs_code" v="99XXX0000-1"/>
    <tag k="local_x" v="16.2897"/>
    <tag k="local_y" v="-31.4707"/>
    <tag k="ele" v="-0.0076"/>
  </node>
  <node id="1797" lat="" lon="">
    <tag k="mgrs_code" v="99XXX0000-1"/>
    <tag k="local_x" v="16.8028"/>
    <tag k="local_y" v="-31.1445"/>
    <tag k="ele" v="-0.0076"/>
  </node>
  <node id="1798" lat="" lon="">
    <tag k="mgrs_code" v="99XXX0000-1"/>
    <tag k="local_x" v="17.2858"/>
    <tag k="local_y" v="-30.7748"/>
    <tag k="ele" v="-0.0076"/>
  </node>
  <node id="1799" lat="" lon="">
    <tag k="mgrs_code" v="99XXX0000-1"/>
    <tag k="local_x" v="17.7351"/>
    <tag k="local_y" v="-30.3641"/>
    <tag k="ele" v="-0.0076"/>
  </node>
  <node id="1800" lat="" lon="">
    <tag k="mgrs_code" v="99XXX0000-1"/>
    <tag k="local_x" v="18.1473"/>
    <tag k="local_y" v="-29.9157"/>
    <tag k="ele" v="-0.0076"/>
  </node>
  <node id="1801" lat="" lon="">
    <tag k="mgrs_code" v="99XXX0000-1"/>
    <tag k="local_x" v="18.5192"/>
    <tag k="local_y" v="-29.4328"/>
    <tag k="ele" v="-0.0076"/>
  </node>
  <node id="1802" lat="" lon="">
    <tag k="mgrs_code" v="99XXX0000-1"/>
    <tag k="local_x" v="18.8478"/>
    <tag k="local_y" v="-28.9191"/>
    <tag k="ele" v="-0.0076"/>
  </node>
  <node id="1803" lat="" lon="">
    <tag k="mgrs_code" v="99XXX0000-1"/>
    <tag k="local_x" v="19.1308"/>
    <tag k="local_y" v="-28.3785"/>
    <tag k="ele" v="-0.0076"/>
  </node>
  <node id="1804" lat="" lon="">
    <tag k="mgrs_code" v="99XXX0000-1"/>
    <tag k="local_x" v="19.3658"/>
    <tag k="local_y" v="-27.8149"/>
    <tag k="ele" v="-0.0076"/>
  </node>
  <node id="1805" lat="" lon="">
    <tag k="mgrs_code" v="99XXX0000-1"/>
    <tag k="local_x" v="19.5511"/>
    <tag k="local_y" v="-27.2326"/>
    <tag k="ele" v="-0.0076"/>
  </node>
  <node id="1806" lat="" lon="">
    <tag k="mgrs_code" v="99XXX0000-1"/>
    <tag k="local_x" v="19.6851"/>
    <tag k="local_y" v="-26.636"/>
    <tag k="ele" v="-0.0076"/>
  </node>
  <node id="1807" lat="" lon="">
    <tag k="mgrs_code" v="99XXX0000-1"/>
    <tag k="local_x" v="19.7598"/>
    <tag k="local_y" v="-26.096"/>
    <tag k="ele" v="-0.0076"/>
  </node>
  <node id="1817" lat="" lon="">
    <tag k="mgrs_code" v="99XXX0-10-1"/>
    <tag k="local_x" v="-2.0359"/>
    <tag k="local_y" v="-29.5063"/>
    <tag k="ele" v="-0.004"/>
  </node>
  <node id="1818" lat="" lon="">
    <tag k="mgrs_code" v="99XXX0-10-1"/>
    <tag k="local_x" v="-2.6008"/>
    <tag k="local_y" v="-29.3674"/>
    <tag k="ele" v="-0.004"/>
  </node>
  <node id="1819" lat="" lon="">
    <tag k="mgrs_code" v="99XXX0-10-1"/>
    <tag k="local_x" v="-3.2516"/>
    <tag k="local_y" v="-29.0839"/>
    <tag k="ele" v="-0.004"/>
  </node>
  <node id="1820" lat="" lon="">
    <tag k="mgrs_code" v="99XXX0-10-1"/>
    <tag k="local_x" v="-3.8449"/>
    <tag k="local_y" v="-28.6902"/>
    <tag k="ele" v="-0.004"/>
  </node>
  <node id="1821" lat="" lon="">
    <tag k="mgrs_code" v="99XXX0-10-1"/>
    <tag k="local_x" v="-4.3624"/>
    <tag k="local_y" v="-28.1976"/>
    <tag k="ele" v="-0.004"/>
  </node>
  <node id="1822" lat="" lon="">
    <tag k="mgrs_code" v="99XXX0-10-1"/>
    <tag k="local_x" v="-4.7875"/>
    <tag k="local_y" v="-27.6205"/>
    <tag k="ele" v="-0.004"/>
  </node>
  <node id="1823" lat="" lon="">
    <tag k="mgrs_code" v="99XXX0-10-1"/>
    <tag k="local_x" v="-5.1067"/>
    <tag k="local_y" v="-26.9761"/>
    <tag k="ele" v="-0.004"/>
  </node>
  <node id="1824" lat="" lon="">
    <tag k="mgrs_code" v="99XXX0-10-1"/>
    <tag k="local_x" v="-5.2799"/>
    <tag k="local_y" v="-26.4142"/>
    <tag k="ele" v="-0.004"/>
  </node>
  <node id="1825" lat="" lon="">
    <tag k="mgrs_code" v="99XXX0-10-1"/>
    <tag k="local_x" v="-1.3118"/>
    <tag k="local_y" v="-26.7247"/>
    <tag k="ele" v="-0.004"/>
  </node>
  <node id="1826" lat="" lon="">
    <tag k="mgrs_code" v="99XXX0-10-1"/>
    <tag k="local_x" v="-1.6276"/>
    <tag k="local_y" v="-26.6344"/>
    <tag k="ele" v="-0.004"/>
  </node>
  <node id="1827" lat="" lon="">
    <tag k="mgrs_code" v="99XXX0-10-1"/>
    <tag k="local_x" v="-1.8042"/>
    <tag k="local_y" v="-26.5388"/>
    <tag k="ele" v="-0.004"/>
  </node>
  <node id="1828" lat="" lon="">
    <tag k="mgrs_code" v="99XXX0-10-1"/>
    <tag k="local_x" v="-1.9595"/>
    <tag k="local_y" v="-26.4153"/>
    <tag k="ele" v="-0.004"/>
  </node>
  <node id="1829" lat="" lon="">
    <tag k="mgrs_code" v="99XXX0-10-1"/>
    <tag k="local_x" v="-2.0894"/>
    <tag k="local_y" v="-26.2682"/>
    <tag k="ele" v="-0.004"/>
  </node>
  <node id="1830" lat="" lon="">
    <tag k="mgrs_code" v="99XXX0-10-1"/>
    <tag k="local_x" v="-2.1903"/>
    <tag k="local_y" v="-26.1027"/>
    <tag k="ele" v="-0.004"/>
  </node>
  <node id="1831" lat="" lon="">
    <tag k="mgrs_code" v="99XXX0-10-1"/>
    <tag k="local_x" v="-2.2598"/>
    <tag k="local_y" v="-25.9243"/>
    <tag k="ele" v="-0.004"/>
  </node>
  <node id="1836" lat="" lon="">
    <tag k="mgrs_code" v="99XXX0-10-1"/>
    <tag k="local_x" v="-5.4754"/>
    <tag k="local_y" v="-26.5765"/>
    <tag k="ele" v="-0.0044"/>
  </node>
  <node id="1837" lat="" lon="">
    <tag k="mgrs_code" v="99XXX0-10-1"/>
    <tag k="local_x" v="-5.66"/>
    <tag k="local_y" v="-27.1506"/>
    <tag k="ele" v="-0.0044"/>
  </node>
  <node id="1838" lat="" lon="">
    <tag k="mgrs_code" v="99XXX0-10-1"/>
    <tag k="local_x" v="-6.0137"/>
    <tag k="local_y" v="-27.8083"/>
    <tag k="ele" v="-0.0044"/>
  </node>
  <node id="1839" lat="" lon="">
    <tag k="mgrs_code" v="99XXX0-10-1"/>
    <tag k="local_x" v="-6.4878"/>
    <tag k="local_y" v="-28.3838"/>
    <tag k="ele" v="-0.0044"/>
  </node>
  <node id="1840" lat="" lon="">
    <tag k="mgrs_code" v="99XXX0-10-1"/>
    <tag k="local_x" v="-7.0639"/>
    <tag k="local_y" v="-28.8552"/>
    <tag k="ele" v="-0.0044"/>
  </node>
  <node id="1841" lat="" lon="">
    <tag k="mgrs_code" v="99XXX0-10-1"/>
    <tag k="local_x" v="-7.7198"/>
    <tag k="local_y" v="-29.2051"/>
    <tag k="ele" v="-0.0044"/>
  </node>
  <node id="1842" lat="" lon="">
    <tag k="mgrs_code" v="99XXX0-10-1"/>
    <tag k="local_x" v="-8.2929"/>
    <tag k="local_y" v="-29.3848"/>
    <tag k="ele" v="-0.0044"/>
  </node>
  <node id="1843" lat="" lon="">
    <tag k="mgrs_code" v="99XXX0-10-1"/>
    <tag k="local_x" v="-8.3165"/>
    <tag k="local_y" v="-25.7295"/>
    <tag k="ele" v="-0.0044"/>
  </node>
  <node id="1844" lat="" lon="">
    <tag k="mgrs_code" v="99XXX0-10-1"/>
    <tag k="local_x" v="-8.3939"/>
    <tag k="local_y" v="-26.0344"/>
    <tag k="ele" v="-0.0044"/>
  </node>
  <node id="1845" lat="" lon="">
    <tag k="mgrs_code" v="99XXX0-10-1"/>
    <tag k="local_x" v="-8.4684"/>
    <tag k="local_y" v="-26.188"/>
    <tag k="ele" v="-0.0044"/>
  </node>
  <node id="1846" lat="" lon="">
    <tag k="mgrs_code" v="99XXX0-10-1"/>
    <tag k="local_x" v="-8.572"/>
    <tag k="local_y" v="-26.3251"/>
    <tag k="ele" v="-0.0044"/>
  </node>
  <node id="1847" lat="" lon="">
    <tag k="mgrs_code" v="99XXX0-10-1"/>
    <tag k="local_x" v="-8.7012"/>
    <tag k="local_y" v="-26.4401"/>
    <tag k="ele" v="-0.0044"/>
  </node>
  <node id="1848" lat="" lon="">
    <tag k="mgrs_code" v="99XXX0-10-1"/>
    <tag k="local_x" v="-8.8513"/>
    <tag k="local_y" v="-26.5283"/>
    <tag k="ele" v="-0.0044"/>
  </node>
  <node id="1849" lat="" lon="">
    <tag k="mgrs_code" v="99XXX0-10-1"/>
    <tag k="local_x" v="-9.1539"/>
    <tag k="local_y" v="-26.6214"/>
    <tag k="ele" v="-0.0044"/>
  </node>
  <node id="1853" lat="" lon="">
    <tag k="mgrs_code" v="99XXX0-10-1"/>
    <tag k="local_x" v="-5.3616"/>
    <tag k="local_y" v="-25.7517"/>
    <tag k="ele" v="-0.0045"/>
  </node>
  <node id="1854" lat="" lon="">
    <tag k="mgrs_code" v="99XXX0-10-1"/>
    <tag k="local_x" v="-5.3063"/>
    <tag k="local_y" v="-26.1746"/>
    <tag k="ele" v="-0.0045"/>
  </node>
  <node id="1855" lat="" lon="">
    <tag k="mgrs_code" v="99XXX0-10-1"/>
    <tag k="local_x" v="-5.2271"/>
    <tag k="local_y" v="-26.5276"/>
    <tag k="ele" v="-0.0045"/>
  </node>
  <node id="1856" lat="" lon="">
    <tag k="mgrs_code" v="99XXX0-10-1"/>
    <tag k="local_x" v="-5.1174"/>
    <tag k="local_y" v="-26.8724"/>
    <tag k="ele" v="-0.0045"/>
  </node>
  <node id="1857" lat="" lon="">
    <tag k="mgrs_code" v="99XXX0-10-1"/>
    <tag k="local_x" v="-4.978"/>
    <tag k="local_y" v="-27.2063"/>
    <tag k="ele" v="-0.0045"/>
  </node>
  <node id="1858" lat="" lon="">
    <tag k="mgrs_code" v="99XXX0-10-1"/>
    <tag k="local_x" v="-4.8098"/>
    <tag k="local_y" v="-27.5269"/>
    <tag k="ele" v="-0.0045"/>
  </node>
  <node id="1859" lat="" lon="">
    <tag k="mgrs_code" v="99XXX0-10-1"/>
    <tag k="local_x" v="-4.6143"/>
    <tag k="local_y" v="-27.8316"/>
    <tag k="ele" v="-0.0045"/>
  </node>
  <node id="1860" lat="" lon="">
    <tag k="mgrs_code" v="99XXX0-10-1"/>
    <tag k="local_x" v="-4.3929"/>
    <tag k="local_y" v="-28.1181"/>
    <tag k="ele" v="-0.0045"/>
  </node>
  <node id="1861" lat="" lon="">
    <tag k="mgrs_code" v="99XXX0-10-1"/>
    <tag k="local_x" v="-4.1472"/>
    <tag k="local_y" v="-28.3842"/>
    <tag k="ele" v="-0.0045"/>
  </node>
  <node id="1862" lat="" lon="">
    <tag k="mgrs_code" v="99XXX0-10-1"/>
    <tag k="local_x" v="-3.8792"/>
    <tag k="local_y" v="-28.6279"/>
    <tag k="ele" v="-0.0045"/>
  </node>
  <node id="1863" lat="" lon="">
    <tag k="mgrs_code" v="99XXX0-10-1"/>
    <tag k="local_x" v="-3.5909"/>
    <tag k="local_y" v="-28.8472"/>
    <tag k="ele" v="-0.0045"/>
  </node>
  <node id="1864" lat="" lon="">
    <tag k="mgrs_code" v="99XXX0-10-1"/>
    <tag k="local_x" v="-3.2844"/>
    <tag k="local_y" v="-29.0406"/>
    <tag k="ele" v="-0.0045"/>
  </node>
  <node id="1865" lat="" lon="">
    <tag k="mgrs_code" v="99XXX0-10-1"/>
    <tag k="local_x" v="-2.9622"/>
    <tag k="local_y" v="-29.2065"/>
    <tag k="ele" v="-0.0045"/>
  </node>
  <node id="1866" lat="" lon="">
    <tag k="mgrs_code" v="99XXX0-10-1"/>
    <tag k="local_x" v="-2.6266"/>
    <tag k="local_y" v="-29.3436"/>
    <tag k="ele" v="-0.0045"/>
  </node>
  <node id="1867" lat="" lon="">
    <tag k="mgrs_code" v="99XXX0-10-1"/>
    <tag k="local_x" v="-2.2803"/>
    <tag k="local_y" v="-29.4509"/>
    <tag k="ele" v="-0.0045"/>
  </node>
  <node id="1868" lat="" lon="">
    <tag k="mgrs_code" v="99XXX0-10-1"/>
    <tag k="local_x" v="-1.9259"/>
    <tag k="local_y" v="-29.5275"/>
    <tag k="ele" v="-0.0045"/>
  </node>
  <node id="1869" lat="" lon="">
    <tag k="mgrs_code" v="99XXX0-10-1"/>
    <tag k="local_x" v="-1.5021"/>
    <tag k="local_y" v="-29.5795"/>
    <tag k="ele" v="-0.0045"/>
  </node>
  <node id="1870" lat="" lon="">
    <tag k="mgrs_code" v="99XXX0-10-1"/>
    <tag k="local_x" v="-8.2992"/>
    <tag k="local_y" v="-26.1512"/>
    <tag k="ele" v="-0.0045"/>
  </node>
  <node id="1871" lat="" lon="">
    <tag k="mgrs_code" v="99XXX0-10-1"/>
    <tag k="local_x" v="-8.2222"/>
    <tag k="local_y" v="-26.702"/>
    <tag k="ele" v="-0.0045"/>
  </node>
  <node id="1872" lat="" lon="">
    <tag k="mgrs_code" v="99XXX0-10-1"/>
    <tag k="local_x" v="-8.0843"/>
    <tag k="local_y" v="-27.3073"/>
    <tag k="ele" v="-0.0045"/>
  </node>
  <node id="1873" lat="" lon="">
    <tag k="mgrs_code" v="99XXX0-10-1"/>
    <tag k="local_x" v="-7.8941"/>
    <tag k="local_y" v="-27.8982"/>
    <tag k="ele" v="-0.0045"/>
  </node>
  <node id="1874" lat="" lon="">
    <tag k="mgrs_code" v="99XXX0-10-1"/>
    <tag k="local_x" v="-7.6531"/>
    <tag k="local_y" v="-28.4702"/>
    <tag k="ele" v="-0.0045"/>
  </node>
  <node id="1875" lat="" lon="">
    <tag k="mgrs_code" v="99XXX0-10-1"/>
    <tag k="local_x" v="-7.363"/>
    <tag k="local_y" v="-29.0189"/>
    <tag k="ele" v="-0.0045"/>
  </node>
  <node id="1876" lat="" lon="">
    <tag k="mgrs_code" v="99XXX0-10-1"/>
    <tag k="local_x" v="-7.0262"/>
    <tag k="local_y" v="-29.5401"/>
    <tag k="ele" v="-0.0045"/>
  </node>
  <node id="1877" lat="" lon="">
    <tag k="mgrs_code" v="99XXX0-10-1"/>
    <tag k="local_x" v="-6.6451"/>
    <tag k="local_y" v="-30.0298"/>
    <tag k="ele" v="-0.0045"/>
  </node>
  <node id="1878" lat="" lon="">
    <tag k="mgrs_code" v="99XXX0-10-1"/>
    <tag k="local_x" v="-6.2228"/>
    <tag k="local_y" v="-30.4843"/>
    <tag k="ele" v="-0.0045"/>
  </node>
  <node id="1879" lat="" lon="">
    <tag k="mgrs_code" v="99XXX0-10-1"/>
    <tag k="local_x" v="-5.7624"/>
    <tag k="local_y" v="-30.9001"/>
    <tag k="ele" v="-0.0045"/>
  </node>
  <node id="1880" lat="" lon="">
    <tag k="mgrs_code" v="99XXX0-10-1"/>
    <tag k="local_x" v="-5.2674"/>
    <tag k="local_y" v="-31.2741"/>
    <tag k="ele" v="-0.0045"/>
  </node>
  <node id="1881" lat="" lon="">
    <tag k="mgrs_code" v="99XXX0-10-1"/>
    <tag k="local_x" v="-4.7418"/>
    <tag k="local_y" v="-31.6033"/>
    <tag k="ele" v="-0.0045"/>
  </node>
  <node id="1882" lat="" lon="">
    <tag k="mgrs_code" v="99XXX0-10-1"/>
    <tag k="local_x" v="-4.1895"/>
    <tag k="local_y" v="-31.8854"/>
    <tag k="ele" v="-0.0045"/>
  </node>
  <node id="1883" lat="" lon="">
    <tag k="mgrs_code" v="99XXX0-10-1"/>
    <tag k="local_x" v="-3.6147"/>
    <tag k="local_y" v="-32.1181"/>
    <tag k="ele" v="-0.0045"/>
  </node>
  <node id="1884" lat="" lon="">
    <tag k="mgrs_code" v="99XXX0-10-1"/>
    <tag k="local_x" v="-3.0218"/>
    <tag k="local_y" v="-32.2996"/>
    <tag k="ele" v="-0.0045"/>
  </node>
  <node id="1885" lat="" lon="">
    <tag k="mgrs_code" v="99XXX0-10-1"/>
    <tag k="local_x" v="-2.4154"/>
    <tag k="local_y" v="-32.4287"/>
    <tag k="ele" v="-0.0045"/>
  </node>
  <node id="1886" lat="" lon="">
    <tag k="mgrs_code" v="99XXX0-10-1"/>
    <tag k="local_x" v="-1.8641"/>
    <tag k="local_y" v="-32.4977"/>
    <tag k="ele" v="-0.0045"/>
  </node>
  <node id="1890" lat="" lon="">
    <tag k="mgrs_code" v="99XXX0-10-1"/>
    <tag k="local_x" v="-8.9112"/>
    <tag k="local_y" v="-29.487"/>
    <tag k="ele" v="-0.005"/>
  </node>
  <node id="1891" lat="" lon="">
    <tag k="mgrs_code" v="99XXX0-10-1"/>
    <tag k="local_x" v="-8.4874"/>
    <tag k="local_y" v="-29.4222"/>
    <tag k="ele" v="-0.005"/>
  </node>
  <node id="1892" lat="" lon="">
    <tag k="mgrs_code" v="99XXX0-10-1"/>
    <tag k="local_x" v="-8.1381"/>
    <tag k="local_y" v="-29.3333"/>
    <tag k="ele" v="-0.005"/>
  </node>
  <node id="1893" lat="" lon="">
    <tag k="mgrs_code" v="99XXX0-10-1"/>
    <tag k="local_x" v="-7.7988"/>
    <tag k="local_y" v="-29.2127"/>
    <tag k="ele" v="-0.005"/>
  </node>
  <node id="1894" lat="" lon="">
    <tag k="mgrs_code" v="99XXX0-10-1"/>
    <tag k="local_x" v="-7.4723"/>
    <tag k="local_y" v="-29.0615"/>
    <tag k="ele" v="-0.005"/>
  </node>
  <node id="1895" lat="" lon="">
    <tag k="mgrs_code" v="99XXX0-10-1"/>
    <tag k="local_x" v="-7.1615"/>
    <tag k="local_y" v="-28.8811"/>
    <tag k="ele" v="-0.005"/>
  </node>
  <node id="1896" lat="" lon="">
    <tag k="mgrs_code" v="99XXX0-10-1"/>
    <tag k="local_x" v="-6.8688"/>
    <tag k="local_y" v="-28.6731"/>
    <tag k="ele" v="-0.005"/>
  </node>
  <node id="1897" lat="" lon="">
    <tag k="mgrs_code" v="99XXX0-10-1"/>
    <tag k="local_x" v="-6.5968"/>
    <tag k="local_y" v="-28.4393"/>
    <tag k="ele" v="-0.005"/>
  </node>
  <node id="1898" lat="" lon="">
    <tag k="mgrs_code" v="99XXX0-10-1"/>
    <tag k="local_x" v="-6.3477"/>
    <tag k="local_y" v="-28.1817"/>
    <tag k="ele" v="-0.005"/>
  </node>
  <node id="1899" lat="" lon="">
    <tag k="mgrs_code" v="99XXX0-10-1"/>
    <tag k="local_x" v="-6.1236"/>
    <tag k="local_y" v="-27.9025"/>
    <tag k="ele" v="-0.005"/>
  </node>
  <node id="1900" lat="" lon="">
    <tag k="mgrs_code" v="99XXX0-10-1"/>
    <tag k="local_x" v="-5.9263"/>
    <tag k="local_y" v="-27.6042"/>
    <tag k="ele" v="-0.005"/>
  </node>
  <node id="1901" lat="" lon="">
    <tag k="mgrs_code" v="99XXX0-10-1"/>
    <tag k="local_x" v="-5.7575"/>
    <tag k="local_y" v="-27.2893"/>
    <tag k="ele" v="-0.005"/>
  </node>
  <node id="1902" lat="" lon="">
    <tag k="mgrs_code" v="99XXX0-10-1"/>
    <tag k="local_x" v="-5.6185"/>
    <tag k="local_y" v="-26.9605"/>
    <tag k="ele" v="-0.005"/>
  </node>
  <node id="1903" lat="" lon="">
    <tag k="mgrs_code" v="99XXX0-10-1"/>
    <tag k="local_x" v="-5.5105"/>
    <tag k="local_y" v="-26.6207"/>
    <tag k="ele" v="-0.005"/>
  </node>
  <node id="1904" lat="" lon="">
    <tag k="mgrs_code" v="99XXX0-10-1"/>
    <tag k="local_x" v="-5.4343"/>
    <tag k="local_y" v="-26.2727"/>
    <tag k="ele" v="-0.005"/>
  </node>
  <node id="1905" lat="" lon="">
    <tag k="mgrs_code" v="99XXX0-10-1"/>
    <tag k="local_x" v="-5.3826"/>
    <tag k="local_y" v="-25.8495"/>
    <tag k="ele" v="-0.005"/>
  </node>
  <node id="1906" lat="" lon="">
    <tag k="mgrs_code" v="99XXX0-10-1"/>
    <tag k="local_x" v="-8.4809"/>
    <tag k="local_y" v="-32.4023"/>
    <tag k="ele" v="-0.005"/>
  </node>
  <node id="1907" lat="" lon="">
    <tag k="mgrs_code" v="99XXX0-10-1"/>
    <tag k="local_x" v="-7.9219"/>
    <tag k="local_y" v="-32.3221"/>
    <tag k="ele" v="-0.005"/>
  </node>
  <node id="1908" lat="" lon="">
    <tag k="mgrs_code" v="99XXX0-10-1"/>
    <tag k="local_x" v="-7.306"/>
    <tag k="local_y" v="-32.1762"/>
    <tag k="ele" v="-0.005"/>
  </node>
  <node id="1909" lat="" lon="">
    <tag k="mgrs_code" v="99XXX0-10-1"/>
    <tag k="local_x" v="-6.7058"/>
    <tag k="local_y" v="-31.9741"/>
    <tag k="ele" v="-0.005"/>
  </node>
  <node id="1910" lat="" lon="">
    <tag k="mgrs_code" v="99XXX0-10-1"/>
    <tag k="local_x" v="-6.1264"/>
    <tag k="local_y" v="-31.7175"/>
    <tag k="ele" v="-0.005"/>
  </node>
  <node id="1911" lat="" lon="">
    <tag k="mgrs_code" v="99XXX0-10-1"/>
    <tag k="local_x" v="-5.5728"/>
    <tag k="local_y" v="-31.4085"/>
    <tag k="ele" v="-0.005"/>
  </node>
  <node id="1912" lat="" lon="">
    <tag k="mgrs_code" v="99XXX0-10-1"/>
    <tag k="local_x" v="-5.0497"/>
    <tag k="local_y" v="-31.0496"/>
    <tag k="ele" v="-0.005"/>
  </node>
  <node id="1913" lat="" lon="">
    <tag k="mgrs_code" v="99XXX0-10-1"/>
    <tag k="local_x" v="-4.5615"/>
    <tag k="local_y" v="-30.6439"/>
    <tag k="ele" v="-0.005"/>
  </node>
  <node id="1914" lat="" lon="">
    <tag k="mgrs_code" v="99XXX0-10-1"/>
    <tag k="local_x" v="-4.1125"/>
    <tag k="local_y" v="-30.1948"/>
    <tag k="ele" v="-0.005"/>
  </node>
  <node id="1915" lat="" lon="">
    <tag k="mgrs_code" v="99XXX0-10-1"/>
    <tag k="local_x" v="-3.7065"/>
    <tag k="local_y" v="-29.706"/>
    <tag k="ele" v="-0.005"/>
  </node>
  <node id="1916" lat="" lon="">
    <tag k="mgrs_code" v="99XXX0-10-1"/>
    <tag k="local_x" v="-3.347"/>
    <tag k="local_y" v="-29.1816"/>
    <tag k="ele" v="-0.005"/>
  </node>
  <node id="1917" lat="" lon="">
    <tag k="mgrs_code" v="99XXX0-10-1"/>
    <tag k="local_x" v="-3.0371"/>
    <tag k="local_y" v="-28.6261"/>
    <tag k="ele" v="-0.005"/>
  </node>
  <node id="1918" lat="" lon="">
    <tag k="mgrs_code" v="99XXX0-10-1"/>
    <tag k="local_x" v="-2.7795"/>
    <tag k="local_y" v="-28.0441"/>
    <tag k="ele" v="-0.005"/>
  </node>
  <node id="1919" lat="" lon="">
    <tag k="mgrs_code" v="99XXX0-10-1"/>
    <tag k="local_x" v="-2.5765"/>
    <tag k="local_y" v="-27.4405"/>
    <tag k="ele" v="-0.005"/>
  </node>
  <node id="1920" lat="" lon="">
    <tag k="mgrs_code" v="99XXX0-10-1"/>
    <tag k="local_x" v="-2.4297"/>
    <tag k="local_y" v="-26.8204"/>
    <tag k="ele" v="-0.005"/>
  </node>
  <node id="1921" lat="" lon="">
    <tag k="mgrs_code" v="99XXX0-10-1"/>
    <tag k="local_x" v="-2.3484"/>
    <tag k="local_y" v="-26.2592"/>
    <tag k="ele" v="-0.005"/>
  </node>
  <node id="1931" lat="" lon="">
    <tag k="mgrs_code" v="99XXX0-10-1"/>
    <tag k="local_x" v="-22.2577"/>
    <tag k="local_y" v="-29.5149"/>
    <tag k="ele" v="-0.005"/>
  </node>
  <node id="1932" lat="" lon="">
    <tag k="mgrs_code" v="99XXX0-10-1"/>
    <tag k="local_x" v="-22.8637"/>
    <tag k="local_y" v="-29.364"/>
    <tag k="ele" v="-0.005"/>
  </node>
  <node id="1933" lat="" lon="">
    <tag k="mgrs_code" v="99XXX0-10-1"/>
    <tag k="local_x" v="-23.5533"/>
    <tag k="local_y" v="-29.0615"/>
    <tag k="ele" v="-0.005"/>
  </node>
  <node id="1934" lat="" lon="">
    <tag k="mgrs_code" v="99XXX0-10-1"/>
    <tag k="local_x" v="-24.1815"/>
    <tag k="local_y" v="-28.6423"/>
    <tag k="ele" v="-0.005"/>
  </node>
  <node id="1935" lat="" lon="">
    <tag k="mgrs_code" v="99XXX0-10-1"/>
    <tag k="local_x" v="-24.7286"/>
    <tag k="local_y" v="-28.1186"/>
    <tag k="ele" v="-0.005"/>
  </node>
  <node id="1936" lat="" lon="">
    <tag k="mgrs_code" v="99XXX0-10-1"/>
    <tag k="local_x" v="-25.1773"/>
    <tag k="local_y" v="-27.506"/>
    <tag k="ele" v="-0.005"/>
  </node>
  <node id="1937" lat="" lon="">
    <tag k="mgrs_code" v="99XXX0-10-1"/>
    <tag k="local_x" v="-25.5135"/>
    <tag k="local_y" v="-26.8227"/>
    <tag k="ele" v="-0.005"/>
  </node>
  <node id="1938" lat="" lon="">
    <tag k="mgrs_code" v="99XXX0-10-1"/>
    <tag k="local_x" v="-25.6964"/>
    <tag k="local_y" v="-26.2199"/>
    <tag k="ele" v="-0.005"/>
  </node>
  <node id="1939" lat="" lon="">
    <tag k="mgrs_code" v="99XXX0-10-1"/>
    <tag k="local_x" v="-21.5298"/>
    <tag k="local_y" v="-26.7135"/>
    <tag k="ele" v="-0.005"/>
  </node>
  <node id="1940" lat="" lon="">
    <tag k="mgrs_code" v="99XXX0-10-1"/>
    <tag k="local_x" v="-21.8857"/>
    <tag k="local_y" v="-26.6144"/>
    <tag k="ele" v="-0.005"/>
  </node>
  <node id="1941" lat="" lon="">
    <tag k="mgrs_code" v="99XXX0-10-1"/>
    <tag k="local_x" v="-22.0998"/>
    <tag k="local_y" v="-26.5034"/>
    <tag k="ele" v="-0.005"/>
  </node>
  <node id="1942" lat="" lon="">
    <tag k="mgrs_code" v="99XXX0-10-1"/>
    <tag k="local_x" v="-22.2895"/>
    <tag k="local_y" v="-26.3579"/>
    <tag k="ele" v="-0.005"/>
  </node>
  <node id="1943" lat="" lon="">
    <tag k="mgrs_code" v="99XXX0-10-1"/>
    <tag k="local_x" v="-22.4495"/>
    <tag k="local_y" v="-26.1832"/>
    <tag k="ele" v="-0.005"/>
  </node>
  <node id="1944" lat="" lon="">
    <tag k="mgrs_code" v="99XXX0-10-1"/>
    <tag k="local_x" v="-22.5754"/>
    <tag k="local_y" v="-25.9849"/>
    <tag k="ele" v="-0.005"/>
  </node>
  <node id="1945" lat="" lon="">
    <tag k="mgrs_code" v="99XXX0-10-1"/>
    <tag k="local_x" v="-22.664"/>
    <tag k="local_y" v="-25.7696"/>
    <tag k="ele" v="-0.005"/>
  </node>
  <node id="1950" lat="" lon="">
    <tag k="mgrs_code" v="99XXX0-10-1"/>
    <tag k="local_x" v="-25.8796"/>
    <tag k="local_y" v="-26.0511"/>
    <tag k="ele" v="-0.0045"/>
  </node>
  <node id="1951" lat="" lon="">
    <tag k="mgrs_code" v="99XXX0-10-1"/>
    <tag k="local_x" v="-26.0408"/>
    <tag k="local_y" v="-26.6465"/>
    <tag k="ele" v="-0.0045"/>
  </node>
  <node id="1952" lat="" lon="">
    <tag k="mgrs_code" v="99XXX0-10-1"/>
    <tag k="local_x" v="-26.3488"/>
    <tag k="local_y" v="-27.3235"/>
    <tag k="ele" v="-0.0045"/>
  </node>
  <node id="1953" lat="" lon="">
    <tag k="mgrs_code" v="99XXX0-10-1"/>
    <tag k="local_x" v="-26.7679"/>
    <tag k="local_y" v="-27.9378"/>
    <tag k="ele" v="-0.0045"/>
  </node>
  <node id="1954" lat="" lon="">
    <tag k="mgrs_code" v="99XXX0-10-1"/>
    <tag k="local_x" v="-27.2857"/>
    <tag k="local_y" v="-28.4712"/>
    <tag k="ele" v="-0.0045"/>
  </node>
  <node id="1955" lat="" lon="">
    <tag k="mgrs_code" v="99XXX0-10-1"/>
    <tag k="local_x" v="-27.8868"/>
    <tag k="local_y" v="-28.9082"/>
    <tag k="ele" v="-0.0045"/>
  </node>
  <node id="1956" lat="" lon="">
    <tag k="mgrs_code" v="99XXX0-10-1"/>
    <tag k="local_x" v="-28.5536"/>
    <tag k="local_y" v="-29.2359"/>
    <tag k="ele" v="-0.0045"/>
  </node>
  <node id="1957" lat="" lon="">
    <tag k="mgrs_code" v="99XXX0-10-1"/>
    <tag k="local_x" v="-29.1436"/>
    <tag k="local_y" v="-29.4143"/>
    <tag k="ele" v="-0.0045"/>
  </node>
  <node id="1958" lat="" lon="">
    <tag k="mgrs_code" v="99XXX0-10-1"/>
    <tag k="local_x" v="-28.7494"/>
    <tag k="local_y" v="-25.3071"/>
    <tag k="ele" v="-0.0045"/>
  </node>
  <node id="1959" lat="" lon="">
    <tag k="mgrs_code" v="99XXX0-10-1"/>
    <tag k="local_x" v="-28.834"/>
    <tag k="local_y" v="-25.66"/>
    <tag k="ele" v="-0.0045"/>
  </node>
  <node id="1960" lat="" lon="">
    <tag k="mgrs_code" v="99XXX0-10-1"/>
    <tag k="local_x" v="-28.9302"/>
    <tag k="local_y" v="-25.8754"/>
    <tag k="ele" v="-0.0045"/>
  </node>
  <node id="1961" lat="" lon="">
    <tag k="mgrs_code" v="99XXX0-10-1"/>
    <tag k="local_x" v="-29.062"/>
    <tag k="local_y" v="-26.0713"/>
    <tag k="ele" v="-0.0045"/>
  </node>
  <node id="1962" lat="" lon="">
    <tag k="mgrs_code" v="99XXX0-10-1"/>
    <tag k="local_x" v="-29.2254"/>
    <tag k="local_y" v="-26.242"/>
    <tag k="ele" v="-0.0045"/>
  </node>
  <node id="1963" lat="" lon="">
    <tag k="mgrs_code" v="99XXX0-10-1"/>
    <tag k="local_x" v="-29.4158"/>
    <tag k="local_y" v="-26.3823"/>
    <tag k="ele" v="-0.0045"/>
  </node>
  <node id="1964" lat="" lon="">
    <tag k="mgrs_code" v="99XXX0-10-1"/>
    <tag k="local_x" v="-29.6275"/>
    <tag k="local_y" v="-26.4881"/>
    <tag k="ele" v="-0.0045"/>
  </node>
  <node id="1965" lat="" lon="">
    <tag k="mgrs_code" v="99XXX0-10-1"/>
    <tag k="local_x" v="-29.9772"/>
    <tag k="local_y" v="-26.5868"/>
    <tag k="ele" v="-0.0045"/>
  </node>
  <node id="1969" lat="" lon="">
    <tag k="mgrs_code" v="99XXX0-10-1"/>
    <tag k="local_x" v="-25.782"/>
    <tag k="local_y" v="-25.4901"/>
    <tag k="ele" v="-0.0045"/>
  </node>
  <node id="1970" lat="" lon="">
    <tag k="mgrs_code" v="99XXX0-10-1"/>
    <tag k="local_x" v="-25.729"/>
    <tag k="local_y" v="-25.9149"/>
    <tag k="ele" v="-0.0045"/>
  </node>
  <node id="1971" lat="" lon="">
    <tag k="mgrs_code" v="99XXX0-10-1"/>
    <tag k="local_x" v="-25.6527"/>
    <tag k="local_y" v="-26.2735"/>
    <tag k="ele" v="-0.0045"/>
  </node>
  <node id="1972" lat="" lon="">
    <tag k="mgrs_code" v="99XXX0-10-1"/>
    <tag k="local_x" v="-25.5469"/>
    <tag k="local_y" v="-26.6246"/>
    <tag k="ele" v="-0.0045"/>
  </node>
  <node id="1973" lat="" lon="">
    <tag k="mgrs_code" v="99XXX0-10-1"/>
    <tag k="local_x" v="-25.4123"/>
    <tag k="local_y" v="-26.9657"/>
    <tag k="ele" v="-0.0045"/>
  </node>
  <node id="1974" lat="" lon="">
    <tag k="mgrs_code" v="99XXX0-10-1"/>
    <tag k="local_x" v="-25.25"/>
    <tag k="local_y" v="-27.2946"/>
    <tag k="ele" v="-0.0045"/>
  </node>
  <node id="1975" lat="" lon="">
    <tag k="mgrs_code" v="99XXX0-10-1"/>
    <tag k="local_x" v="-25.0609"/>
    <tag k="local_y" v="-27.609"/>
    <tag k="ele" v="-0.0045"/>
  </node>
  <node id="1976" lat="" lon="">
    <tag k="mgrs_code" v="99XXX0-10-1"/>
    <tag k="local_x" v="-24.8465"/>
    <tag k="local_y" v="-27.9067"/>
    <tag k="ele" v="-0.0045"/>
  </node>
  <node id="1977" lat="" lon="">
    <tag k="mgrs_code" v="99XXX0-10-1"/>
    <tag k="local_x" v="-24.6081"/>
    <tag k="local_y" v="-28.1856"/>
    <tag k="ele" v="-0.0045"/>
  </node>
  <node id="1978" lat="" lon="">
    <tag k="mgrs_code" v="99XXX0-10-1"/>
    <tag k="local_x" v="-24.3474"/>
    <tag k="local_y" v="-28.4438"/>
    <tag k="ele" v="-0.0045"/>
  </node>
  <node id="1979" lat="" lon="">
    <tag k="mgrs_code" v="99XXX0-10-1"/>
    <tag k="local_x" v="-24.0662"/>
    <tag k="local_y" v="-28.6796"/>
    <tag k="ele" v="-0.0045"/>
  </node>
  <node id="1980" lat="" lon="">
    <tag k="mgrs_code" v="99XXX0-10-1"/>
    <tag k="local_x" v="-23.7664"/>
    <tag k="local_y" v="-28.8913"/>
    <tag k="ele" v="-0.0045"/>
  </node>
  <node id="1981" lat="" lon="">
    <tag k="mgrs_code" v="99XXX0-10-1"/>
    <tag k="local_x" v="-23.45"/>
    <tag k="local_y" v="-29.0775"/>
    <tag k="ele" v="-0.0045"/>
  </node>
  <node id="1982" lat="" lon="">
    <tag k="mgrs_code" v="99XXX0-10-1"/>
    <tag k="local_x" v="-23.1193"/>
    <tag k="local_y" v="-29.2369"/>
    <tag k="ele" v="-0.0045"/>
  </node>
  <node id="1983" lat="" lon="">
    <tag k="mgrs_code" v="99XXX0-10-1"/>
    <tag k="local_x" v="-22.7765"/>
    <tag k="local_y" v="-29.3684"/>
    <tag k="ele" v="-0.0045"/>
  </node>
  <node id="1984" lat="" lon="">
    <tag k="mgrs_code" v="99XXX0-10-1"/>
    <tag k="local_x" v="-22.4239"/>
    <tag k="local_y" v="-29.471"/>
    <tag k="ele" v="-0.0045"/>
  </node>
  <node id="1985" lat="" lon="">
    <tag k="mgrs_code" v="99XXX0-10-1"/>
    <tag k="local_x" v="-22.064"/>
    <tag k="local_y" v="-29.5441"/>
    <tag k="ele" v="-0.0045"/>
  </node>
  <node id="1986" lat="" lon="">
    <tag k="mgrs_code" v="99XXX0-10-1"/>
    <tag k="local_x" v="-21.6384"/>
    <tag k="local_y" v="-29.5929"/>
    <tag k="ele" v="-0.0045"/>
  </node>
  <node id="1987" lat="" lon="">
    <tag k="mgrs_code" v="99XXX0-10-1"/>
    <tag k="local_x" v="-28.7223"/>
    <tag k="local_y" v="-25.8695"/>
    <tag k="ele" v="-0.0045"/>
  </node>
  <node id="1988" lat="" lon="">
    <tag k="mgrs_code" v="99XXX0-10-1"/>
    <tag k="local_x" v="-28.6501"/>
    <tag k="local_y" v="-26.4156"/>
    <tag k="ele" v="-0.0045"/>
  </node>
  <node id="1989" lat="" lon="">
    <tag k="mgrs_code" v="99XXX0-10-1"/>
    <tag k="local_x" v="-28.5212"/>
    <tag k="local_y" v="-27.0141"/>
    <tag k="ele" v="-0.0045"/>
  </node>
  <node id="1990" lat="" lon="">
    <tag k="mgrs_code" v="99XXX0-10-1"/>
    <tag k="local_x" v="-28.3432"/>
    <tag k="local_y" v="-27.5999"/>
    <tag k="ele" v="-0.0045"/>
  </node>
  <node id="1991" lat="" lon="">
    <tag k="mgrs_code" v="99XXX0-10-1"/>
    <tag k="local_x" v="-28.1173"/>
    <tag k="local_y" v="-28.1688"/>
    <tag k="ele" v="-0.0045"/>
  </node>
  <node id="1992" lat="" lon="">
    <tag k="mgrs_code" v="99XXX0-10-1"/>
    <tag k="local_x" v="-27.8452"/>
    <tag k="local_y" v="-28.7171"/>
    <tag k="ele" v="-0.0045"/>
  </node>
  <node id="1993" lat="" lon="">
    <tag k="mgrs_code" v="99XXX0-10-1"/>
    <tag k="local_x" v="-27.5286"/>
    <tag k="local_y" v="-29.2409"/>
    <tag k="ele" v="-0.0045"/>
  </node>
  <node id="1994" lat="" lon="">
    <tag k="mgrs_code" v="99XXX0-10-1"/>
    <tag k="local_x" v="-27.1697"/>
    <tag k="local_y" v="-29.7366"/>
    <tag k="ele" v="-0.0045"/>
  </node>
  <node id="1995" lat="" lon="">
    <tag k="mgrs_code" v="99XXX0-10-1"/>
    <tag k="local_x" v="-26.771"/>
    <tag k="local_y" v="-30.2009"/>
    <tag k="ele" v="-0.0045"/>
  </node>
  <node id="1996" lat="" lon="">
    <tag k="mgrs_code" v="99XXX0-10-1"/>
    <tag k="local_x" v="-26.3353"/>
    <tag k="local_y" v="-30.6306"/>
    <tag k="ele" v="-0.0045"/>
  </node>
  <node id="1997" lat="" lon="">
    <tag k="mgrs_code" v="99XXX0-10-1"/>
    <tag k="local_x" v="-25.8655"/>
    <tag k="local_y" v="-31.0226"/>
    <tag k="ele" v="-0.0045"/>
  </node>
  <node id="1998" lat="" lon="">
    <tag k="mgrs_code" v="99XXX0-10-1"/>
    <tag k="local_x" v="-25.3649"/>
    <tag k="local_y" v="-31.3744"/>
    <tag k="ele" v="-0.0045"/>
  </node>
  <node id="1999" lat="" lon="">
    <tag k="mgrs_code" v="99XXX0-10-1"/>
    <tag k="local_x" v="-24.837"/>
    <tag k="local_y" v="-31.6836"/>
    <tag k="ele" v="-0.0045"/>
  </node>
  <node id="2000" lat="" lon="">
    <tag k="mgrs_code" v="99XXX0-10-1"/>
    <tag k="local_x" v="-24.2853"/>
    <tag k="local_y" v="-31.9479"/>
    <tag k="ele" v="-0.0045"/>
  </node>
  <node id="2001" lat="" lon="">
    <tag k="mgrs_code" v="99XXX0-10-1"/>
    <tag k="local_x" v="-23.7136"/>
    <tag k="local_y" v="-32.1656"/>
    <tag k="ele" v="-0.0045"/>
  </node>
  <node id="2002" lat="" lon="">
    <tag k="mgrs_code" v="99XXX0-10-1"/>
    <tag k="local_x" v="-23.1259"/>
    <tag k="local_y" v="-32.3352"/>
    <tag k="ele" v="-0.0045"/>
  </node>
  <node id="2003" lat="" lon="">
    <tag k="mgrs_code" v="99XXX0-10-1"/>
    <tag k="local_x" v="-22.5263"/>
    <tag k="local_y" v="-32.4556"/>
    <tag k="ele" v="-0.0045"/>
  </node>
  <node id="2004" lat="" lon="">
    <tag k="mgrs_code" v="99XXX0-10-1"/>
    <tag k="local_x" v="-21.9795"/>
    <tag k="local_y" v="-32.52"/>
    <tag k="ele" v="-0.0045"/>
  </node>
  <node id="2008" lat="" lon="">
    <tag k="mgrs_code" v="99XXX0-10-1"/>
    <tag k="local_x" v="-29.4072"/>
    <tag k="local_y" v="-29.4955"/>
    <tag k="ele" v="-0.0076"/>
  </node>
  <node id="2009" lat="" lon="">
    <tag k="mgrs_code" v="99XXX0-10-1"/>
    <tag k="local_x" v="-28.997"/>
    <tag k="local_y" v="-29.4215"/>
    <tag k="ele" v="-0.0076"/>
  </node>
  <node id="2010" lat="" lon="">
    <tag k="mgrs_code" v="99XXX0-10-1"/>
    <tag k="local_x" v="-28.654"/>
    <tag k="local_y" v="-29.3266"/>
    <tag k="ele" v="-0.0076"/>
  </node>
  <node id="2011" lat="" lon="">
    <tag k="mgrs_code" v="99XXX0-10-1"/>
    <tag k="local_x" v="-28.321"/>
    <tag k="local_y" v="-29.2029"/>
    <tag k="ele" v="-0.0076"/>
  </node>
  <node id="2012" lat="" lon="">
    <tag k="mgrs_code" v="99XXX0-10-1"/>
    <tag k="local_x" v="-28.0004"/>
    <tag k="local_y" v="-29.0515"/>
    <tag k="ele" v="-0.0076"/>
  </node>
  <node id="2013" lat="" lon="">
    <tag k="mgrs_code" v="99XXX0-10-1"/>
    <tag k="local_x" v="-27.6944"/>
    <tag k="local_y" v="-28.8736"/>
    <tag k="ele" v="-0.0076"/>
  </node>
  <node id="2014" lat="" lon="">
    <tag k="mgrs_code" v="99XXX0-10-1"/>
    <tag k="local_x" v="-27.4052"/>
    <tag k="local_y" v="-28.6705"/>
    <tag k="ele" v="-0.0076"/>
  </node>
  <node id="2015" lat="" lon="">
    <tag k="mgrs_code" v="99XXX0-10-1"/>
    <tag k="local_x" v="-27.1349"/>
    <tag k="local_y" v="-28.4439"/>
    <tag k="ele" v="-0.0076"/>
  </node>
  <node id="2016" lat="" lon="">
    <tag k="mgrs_code" v="99XXX0-10-1"/>
    <tag k="local_x" v="-26.8854"/>
    <tag k="local_y" v="-28.1954"/>
    <tag k="ele" v="-0.0076"/>
  </node>
  <node id="2017" lat="" lon="">
    <tag k="mgrs_code" v="99XXX0-10-1"/>
    <tag k="local_x" v="-26.6585"/>
    <tag k="local_y" v="-27.9271"/>
    <tag k="ele" v="-0.0076"/>
  </node>
  <node id="2018" lat="" lon="">
    <tag k="mgrs_code" v="99XXX0-10-1"/>
    <tag k="local_x" v="-26.4556"/>
    <tag k="local_y" v="-27.6408"/>
    <tag k="ele" v="-0.0076"/>
  </node>
  <node id="2019" lat="" lon="">
    <tag k="mgrs_code" v="99XXX0-10-1"/>
    <tag k="local_x" v="-26.2783"/>
    <tag k="local_y" v="-27.3388"/>
    <tag k="ele" v="-0.0076"/>
  </node>
  <node id="2020" lat="" lon="">
    <tag k="mgrs_code" v="99XXX0-10-1"/>
    <tag k="local_x" v="-26.1276"/>
    <tag k="local_y" v="-27.0233"/>
    <tag k="ele" v="-0.0076"/>
  </node>
  <node id="2021" lat="" lon="">
    <tag k="mgrs_code" v="99XXX0-10-1"/>
    <tag k="local_x" v="-26.0047"/>
    <tag k="local_y" v="-26.6966"/>
    <tag k="ele" v="-0.0076"/>
  </node>
  <node id="2022" lat="" lon="">
    <tag k="mgrs_code" v="99XXX0-10-1"/>
    <tag k="local_x" v="-25.9104"/>
    <tag k="local_y" v="-26.3613"/>
    <tag k="ele" v="-0.0076"/>
  </node>
  <node id="2023" lat="" lon="">
    <tag k="mgrs_code" v="99XXX0-10-1"/>
    <tag k="local_x" v="-25.8451"/>
    <tag k="local_y" v="-26.0197"/>
    <tag k="ele" v="-0.0076"/>
  </node>
  <node id="2024" lat="" lon="">
    <tag k="mgrs_code" v="99XXX0-10-1"/>
    <tag k="local_x" v="-25.8026"/>
    <tag k="local_y" v="-25.6094"/>
    <tag k="ele" v="-0.0076"/>
  </node>
  <node id="2025" lat="" lon="">
    <tag k="mgrs_code" v="99XXX0-10-1"/>
    <tag k="local_x" v="-28.945"/>
    <tag k="local_y" v="-32.2861"/>
    <tag k="ele" v="-0.0076"/>
  </node>
  <node id="2026" lat="" lon="">
    <tag k="mgrs_code" v="99XXX0-10-1"/>
    <tag k="local_x" v="-28.4129"/>
    <tag k="local_y" v="-32.204"/>
    <tag k="ele" v="-0.0076"/>
  </node>
  <node id="2027" lat="" lon="">
    <tag k="mgrs_code" v="99XXX0-10-1"/>
    <tag k="local_x" v="-27.8303"/>
    <tag k="local_y" v="-32.063"/>
    <tag k="ele" v="-0.0076"/>
  </node>
  <node id="2028" lat="" lon="">
    <tag k="mgrs_code" v="99XXX0-10-1"/>
    <tag k="local_x" v="-27.2613"/>
    <tag k="local_y" v="-31.8725"/>
    <tag k="ele" v="-0.0076"/>
  </node>
  <node id="2029" lat="" lon="">
    <tag k="mgrs_code" v="99XXX0-10-1"/>
    <tag k="local_x" v="-26.7101"/>
    <tag k="local_y" v="-31.6339"/>
    <tag k="ele" v="-0.0076"/>
  </node>
  <node id="2030" lat="" lon="">
    <tag k="mgrs_code" v="99XXX0-10-1"/>
    <tag k="local_x" v="-26.1807"/>
    <tag k="local_y" v="-31.3488"/>
    <tag k="ele" v="-0.0076"/>
  </node>
  <node id="2031" lat="" lon="">
    <tag k="mgrs_code" v="99XXX0-10-1"/>
    <tag k="local_x" v="-25.677"/>
    <tag k="local_y" v="-31.0192"/>
    <tag k="ele" v="-0.0076"/>
  </node>
  <node id="2032" lat="" lon="">
    <tag k="mgrs_code" v="99XXX0-10-1"/>
    <tag k="local_x" v="-25.2029"/>
    <tag k="local_y" v="-30.6474"/>
    <tag k="ele" v="-0.0076"/>
  </node>
  <node id="2033" lat="" lon="">
    <tag k="mgrs_code" v="99XXX0-10-1"/>
    <tag k="local_x" v="-24.7618"/>
    <tag k="local_y" v="-30.236"/>
    <tag k="ele" v="-0.0076"/>
  </node>
  <node id="2034" lat="" lon="">
    <tag k="mgrs_code" v="99XXX0-10-1"/>
    <tag k="local_x" v="-24.357"/>
    <tag k="local_y" v="-29.788"/>
    <tag k="ele" v="-0.0076"/>
  </node>
  <node id="2035" lat="" lon="">
    <tag k="mgrs_code" v="99XXX0-10-1"/>
    <tag k="local_x" v="-23.9916"/>
    <tag k="local_y" v="-29.3066"/>
    <tag k="ele" v="-0.0076"/>
  </node>
  <node id="2036" lat="" lon="">
    <tag k="mgrs_code" v="99XXX0-10-1"/>
    <tag k="local_x" v="-23.6683"/>
    <tag k="local_y" v="-28.7952"/>
    <tag k="ele" v="-0.0076"/>
  </node>
  <node id="2037" lat="" lon="">
    <tag k="mgrs_code" v="99XXX0-10-1"/>
    <tag k="local_x" v="-23.3895"/>
    <tag k="local_y" v="-28.2575"/>
    <tag k="ele" v="-0.0076"/>
  </node>
  <node id="2038" lat="" lon="">
    <tag k="mgrs_code" v="99XXX0-10-1"/>
    <tag k="local_x" v="-23.1575"/>
    <tag k="local_y" v="-27.6974"/>
    <tag k="ele" v="-0.0076"/>
  </node>
  <node id="2039" lat="" lon="">
    <tag k="mgrs_code" v="99XXX0-10-1"/>
    <tag k="local_x" v="-22.9739"/>
    <tag k="local_y" v="-27.1189"/>
    <tag k="ele" v="-0.0076"/>
  </node>
  <node id="2040" lat="" lon="">
    <tag k="mgrs_code" v="99XXX0-10-1"/>
    <tag k="local_x" v="-22.8403"/>
    <tag k="local_y" v="-26.5263"/>
    <tag k="ele" v="-0.0076"/>
  </node>
  <node id="2041" lat="" lon="">
    <tag k="mgrs_code" v="99XXX0-10-1"/>
    <tag k="local_x" v="-22.7645"/>
    <tag k="local_y" v="-25.9889"/>
    <tag k="ele" v="-0.0076"/>
  </node>
  <node id="2068" lat="" lon="">
    <tag k="mgrs_code" v="99XXX0-10-1"/>
    <tag k="local_x" v="-25.7352"/>
    <tag k="local_y" v="-17.4534"/>
    <tag k="ele" v="-0.0063"/>
  </node>
  <node id="2069" lat="" lon="">
    <tag k="mgrs_code" v="99XXX0-10-1"/>
    <tag k="local_x" v="-25.571"/>
    <tag k="local_y" v="-16.8838"/>
    <tag k="ele" v="-0.0063"/>
  </node>
  <node id="2070" lat="" lon="">
    <tag k="mgrs_code" v="99XXX0-10-1"/>
    <tag k="local_x" v="-25.2609"/>
    <tag k="local_y" v="-16.2292"/>
    <tag k="ele" v="-0.0063"/>
  </node>
  <node id="2071" lat="" lon="">
    <tag k="mgrs_code" v="99XXX0-10-1"/>
    <tag k="local_x" v="-24.843"/>
    <tag k="local_y" v="-15.6393"/>
    <tag k="ele" v="-0.0063"/>
  </node>
  <node id="2072" lat="" lon="">
    <tag k="mgrs_code" v="99XXX0-10-1"/>
    <tag k="local_x" v="-24.3302"/>
    <tag k="local_y" v="-15.1318"/>
    <tag k="ele" v="-0.0063"/>
  </node>
  <node id="2073" lat="" lon="">
    <tag k="mgrs_code" v="99XXX0-10-1"/>
    <tag k="local_x" v="-23.7384"/>
    <tag k="local_y" v="-14.7216"/>
    <tag k="ele" v="-0.0063"/>
  </node>
  <node id="2074" lat="" lon="">
    <tag k="mgrs_code" v="99XXX0-10-1"/>
    <tag k="local_x" v="-23.0858"/>
    <tag k="local_y" v="-14.4207"/>
    <tag k="ele" v="-0.0063"/>
  </node>
  <node id="2075" lat="" lon="">
    <tag k="mgrs_code" v="99XXX0-10-1"/>
    <tag k="local_x" v="-22.5172"/>
    <tag k="local_y" v="-14.2664"/>
    <tag k="ele" v="-0.0063"/>
  </node>
  <node id="2076" lat="" lon="">
    <tag k="mgrs_code" v="99XXX0-10-1"/>
    <tag k="local_x" v="-22.7742"/>
    <tag k="local_y" v="-18.2319"/>
    <tag k="ele" v="-0.0063"/>
  </node>
  <node id="2077" lat="" lon="">
    <tag k="mgrs_code" v="99XXX0-10-1"/>
    <tag k="local_x" v="-22.7043"/>
    <tag k="local_y" v="-17.9112"/>
    <tag k="ele" v="-0.0063"/>
  </node>
  <node id="2078" lat="" lon="">
    <tag k="mgrs_code" v="99XXX0-10-1"/>
    <tag k="local_x" v="-22.6296"/>
    <tag k="local_y" v="-17.7294"/>
    <tag k="ele" v="-0.0063"/>
  </node>
  <node id="2079" lat="" lon="">
    <tag k="mgrs_code" v="99XXX0-10-1"/>
    <tag k="local_x" v="-22.5238"/>
    <tag k="local_y" v="-17.5621"/>
    <tag k="ele" v="-0.0063"/>
  </node>
  <node id="2080" lat="" lon="">
    <tag k="mgrs_code" v="99XXX0-10-1"/>
    <tag k="local_x" v="-22.3897"/>
    <tag k="local_y" v="-17.4146"/>
    <tag k="ele" v="-0.0063"/>
  </node>
  <node id="2081" lat="" lon="">
    <tag k="mgrs_code" v="99XXX0-10-1"/>
    <tag k="local_x" v="-22.2308"/>
    <tag k="local_y" v="-17.2918"/>
    <tag k="ele" v="-0.0063"/>
  </node>
  <node id="2082" lat="" lon="">
    <tag k="mgrs_code" v="99XXX0-10-1"/>
    <tag k="local_x" v="-22.0518"/>
    <tag k="local_y" v="-17.1977"/>
    <tag k="ele" v="-0.0063"/>
  </node>
  <node id="2083" lat="" lon="">
    <tag k="mgrs_code" v="99XXX0-10-1"/>
    <tag k="local_x" v="-21.7329"/>
    <tag k="local_y" v="-17.107"/>
    <tag k="ele" v="-0.0063"/>
  </node>
  <node id="2087" lat="" lon="">
    <tag k="mgrs_code" v="99XXX0-10-1"/>
    <tag k="local_x" v="-22.5448"/>
    <tag k="local_y" v="-14.0657"/>
    <tag k="ele" v="-0.005"/>
  </node>
  <node id="2088" lat="" lon="">
    <tag k="mgrs_code" v="99XXX0-10-1"/>
    <tag k="local_x" v="-23.1564"/>
    <tag k="local_y" v="-13.8897"/>
    <tag k="ele" v="-0.005"/>
  </node>
  <node id="2089" lat="" lon="">
    <tag k="mgrs_code" v="99XXX0-10-1"/>
    <tag k="local_x" v="-23.8533"/>
    <tag k="local_y" v="-13.5352"/>
    <tag k="ele" v="-0.005"/>
  </node>
  <node id="2090" lat="" lon="">
    <tag k="mgrs_code" v="99XXX0-10-1"/>
    <tag k="local_x" v="-24.4689"/>
    <tag k="local_y" v="-13.0491"/>
    <tag k="ele" v="-0.005"/>
  </node>
  <node id="2091" lat="" lon="">
    <tag k="mgrs_code" v="99XXX0-10-1"/>
    <tag k="local_x" v="-24.9784"/>
    <tag k="local_y" v="-12.4497"/>
    <tag k="ele" v="-0.005"/>
  </node>
  <node id="2092" lat="" lon="">
    <tag k="mgrs_code" v="99XXX0-10-1"/>
    <tag k="local_x" v="-25.3613"/>
    <tag k="local_y" v="-11.7596"/>
    <tag k="ele" v="-0.005"/>
  </node>
  <node id="2093" lat="" lon="">
    <tag k="mgrs_code" v="99XXX0-10-1"/>
    <tag k="local_x" v="-25.5656"/>
    <tag k="local_y" v="-11.1514"/>
    <tag k="ele" v="-0.005"/>
  </node>
  <node id="2094" lat="" lon="">
    <tag k="mgrs_code" v="99XXX0-10-1"/>
    <tag k="local_x" v="-21.7215"/>
    <tag k="local_y" v="-11.2908"/>
    <tag k="ele" v="-0.005"/>
  </node>
  <node id="2095" lat="" lon="">
    <tag k="mgrs_code" v="99XXX0-10-1"/>
    <tag k="local_x" v="-22.0538"/>
    <tag k="local_y" v="-11.1868"/>
    <tag k="ele" v="-0.005"/>
  </node>
  <node id="2096" lat="" lon="">
    <tag k="mgrs_code" v="99XXX0-10-1"/>
    <tag k="local_x" v="-22.2274"/>
    <tag k="local_y" v="-11.0812"/>
    <tag k="ele" v="-0.005"/>
  </node>
  <node id="2097" lat="" lon="">
    <tag k="mgrs_code" v="99XXX0-10-1"/>
    <tag k="local_x" v="-22.3749"/>
    <tag k="local_y" v="-10.9451"/>
    <tag k="ele" v="-0.005"/>
  </node>
  <node id="2098" lat="" lon="">
    <tag k="mgrs_code" v="99XXX0-10-1"/>
    <tag k="local_x" v="-22.4913"/>
    <tag k="local_y" v="-10.7845"/>
    <tag k="ele" v="-0.005"/>
  </node>
  <node id="2099" lat="" lon="">
    <tag k="mgrs_code" v="99XXX0-10-1"/>
    <tag k="local_x" v="-22.5727"/>
    <tag k="local_y" v="-10.6063"/>
    <tag k="ele" v="-0.005"/>
  </node>
  <node id="2100" lat="" lon="">
    <tag k="mgrs_code" v="99XXX0-10-1"/>
    <tag k="local_x" v="-22.653"/>
    <tag k="local_y" v="-10.2719"/>
    <tag k="ele" v="-0.005"/>
  </node>
  <node id="2123" lat="" lon="">
    <tag k="mgrs_code" v="99XXX0-10-1"/>
    <tag k="local_x" v="-36.6779"/>
    <tag k="local_y" v="-17.1745"/>
    <tag k="ele" v="-0.0073"/>
  </node>
  <node id="2124" lat="" lon="">
    <tag k="mgrs_code" v="99XXX0-10-1"/>
    <tag k="local_x" v="-29.7193"/>
    <tag k="local_y" v="-17.284"/>
    <tag k="ele" v="-0.006"/>
  </node>
  <node id="2125" lat="" lon="">
    <tag k="mgrs_code" v="99XXX0-10-1"/>
    <tag k="local_x" v="-36.6858"/>
    <tag k="local_y" v="-14.1276"/>
    <tag k="ele" v="-0.0073"/>
  </node>
  <node id="2126" lat="" lon="">
    <tag k="mgrs_code" v="99XXX0-10-1"/>
    <tag k="local_x" v="-29.7272"/>
    <tag k="local_y" v="-14.2371"/>
    <tag k="ele" v="-0.006"/>
  </node>
  <node id="2127" lat="" lon="">
    <tag k="mgrs_code" v="99XXX0-10-1"/>
    <tag k="local_x" v="-36.6333"/>
    <tag k="local_y" v="-11.1951"/>
    <tag k="ele" v="-0.0073"/>
  </node>
  <node id="2128" lat="" lon="">
    <tag k="mgrs_code" v="99XXX0-10-1"/>
    <tag k="local_x" v="-29.6747"/>
    <tag k="local_y" v="-11.3046"/>
    <tag k="ele" v="-0.006"/>
  </node>
  <node id="2134" lat="" lon="">
    <tag k="mgrs_code" v="99XXX0-10-1"/>
    <tag k="local_x" v="-40.1995"/>
    <tag k="local_y" v="-16.8232"/>
    <tag k="ele" v="-0.009"/>
  </node>
  <node id="2135" lat="" lon="">
    <tag k="mgrs_code" v="99XXX0-10-1"/>
    <tag k="local_x" v="-39.982"/>
    <tag k="local_y" v="-16.2071"/>
    <tag k="ele" v="-0.009"/>
  </node>
  <node id="2136" lat="" lon="">
    <tag k="mgrs_code" v="99XXX0-10-1"/>
    <tag k="local_x" v="-39.5482"/>
    <tag k="local_y" v="-15.5064"/>
    <tag k="ele" v="-0.009"/>
  </node>
  <node id="2137" lat="" lon="">
    <tag k="mgrs_code" v="99XXX0-10-1"/>
    <tag k="local_x" v="-38.9664"/>
    <tag k="local_y" v="-14.9205"/>
    <tag k="ele" v="-0.009"/>
  </node>
  <node id="2138" lat="" lon="">
    <tag k="mgrs_code" v="99XXX0-10-1"/>
    <tag k="local_x" v="-38.2662"/>
    <tag k="local_y" v="-14.4803"/>
    <tag k="ele" v="-0.009"/>
  </node>
  <node id="2139" lat="" lon="">
    <tag k="mgrs_code" v="99XXX0-10-1"/>
    <tag k="local_x" v="-37.6503"/>
    <tag k="local_y" v="-14.255"/>
    <tag k="ele" v="-0.009"/>
  </node>
  <node id="2140" lat="" lon="">
    <tag k="mgrs_code" v="99XXX0-10-1"/>
    <tag k="local_x" v="-37.3843"/>
    <tag k="local_y" v="-17.8023"/>
    <tag k="ele" v="-0.009"/>
  </node>
  <node id="2141" lat="" lon="">
    <tag k="mgrs_code" v="99XXX0-10-1"/>
    <tag k="local_x" v="-37.2842"/>
    <tag k="local_y" v="-17.5053"/>
    <tag k="ele" v="-0.009"/>
  </node>
  <node id="2142" lat="" lon="">
    <tag k="mgrs_code" v="99XXX0-10-1"/>
    <tag k="local_x" v="-37.2026"/>
    <tag k="local_y" v="-17.3881"/>
    <tag k="ele" v="-0.009"/>
  </node>
  <node id="2143" lat="" lon="">
    <tag k="mgrs_code" v="99XXX0-10-1"/>
    <tag k="local_x" v="-37.0977"/>
    <tag k="local_y" v="-17.2935"/>
    <tag k="ele" v="-0.009"/>
  </node>
  <node id="2144" lat="" lon="">
    <tag k="mgrs_code" v="99XXX0-10-1"/>
    <tag k="local_x" v="-36.9755"/>
    <tag k="local_y" v="-17.2257"/>
    <tag k="ele" v="-0.009"/>
  </node>
  <node id="2145" lat="" lon="">
    <tag k="mgrs_code" v="99XXX0-10-1"/>
    <tag k="local_x" v="-36.6755"/>
    <tag k="local_y" v="-17.1418"/>
    <tag k="ele" v="-0.009"/>
  </node>
  <node id="2149" lat="" lon="">
    <tag k="mgrs_code" v="99XXX0-10-1"/>
    <tag k="local_x" v="-37.554"/>
    <tag k="local_y" v="-14.0078"/>
    <tag k="ele" v="-0.0073"/>
  </node>
  <node id="2150" lat="" lon="">
    <tag k="mgrs_code" v="99XXX0-10-1"/>
    <tag k="local_x" v="-38.1249"/>
    <tag k="local_y" v="-13.8334"/>
    <tag k="ele" v="-0.0073"/>
  </node>
  <node id="2151" lat="" lon="">
    <tag k="mgrs_code" v="99XXX0-10-1"/>
    <tag k="local_x" v="-38.782"/>
    <tag k="local_y" v="-13.488"/>
    <tag k="ele" v="-0.0073"/>
  </node>
  <node id="2152" lat="" lon="">
    <tag k="mgrs_code" v="99XXX0-10-1"/>
    <tag k="local_x" v="-39.3618"/>
    <tag k="local_y" v="-13.0204"/>
    <tag k="ele" v="-0.0073"/>
  </node>
  <node id="2153" lat="" lon="">
    <tag k="mgrs_code" v="99XXX0-10-1"/>
    <tag k="local_x" v="-39.842"/>
    <tag k="local_y" v="-12.4474"/>
    <tag k="ele" v="-0.0073"/>
  </node>
  <node id="2154" lat="" lon="">
    <tag k="mgrs_code" v="99XXX0-10-1"/>
    <tag k="local_x" v="-40.2035"/>
    <tag k="local_y" v="-11.79"/>
    <tag k="ele" v="-0.0073"/>
  </node>
  <node id="2155" lat="" lon="">
    <tag k="mgrs_code" v="99XXX0-10-1"/>
    <tag k="local_x" v="-40.3958"/>
    <tag k="local_y" v="-11.2189"/>
    <tag k="ele" v="-0.0073"/>
  </node>
  <node id="2156" lat="" lon="">
    <tag k="mgrs_code" v="99XXX0-10-1"/>
    <tag k="local_x" v="-36.6657"/>
    <tag k="local_y" v="-11.2126"/>
    <tag k="ele" v="-0.0073"/>
  </node>
  <node id="2157" lat="" lon="">
    <tag k="mgrs_code" v="99XXX0-10-1"/>
    <tag k="local_x" v="-36.9586"/>
    <tag k="local_y" v="-11.1126"/>
    <tag k="ele" v="-0.0073"/>
  </node>
  <node id="2158" lat="" lon="">
    <tag k="mgrs_code" v="99XXX0-10-1"/>
    <tag k="local_x" v="-37.096"/>
    <tag k="local_y" v="-11.0215"/>
    <tag k="ele" v="-0.0073"/>
  </node>
  <node id="2159" lat="" lon="">
    <tag k="mgrs_code" v="99XXX0-10-1"/>
    <tag k="local_x" v="-37.2112"/>
    <tag k="local_y" v="-10.9074"/>
    <tag k="ele" v="-0.0073"/>
  </node>
  <node id="2160" lat="" lon="">
    <tag k="mgrs_code" v="99XXX0-10-1"/>
    <tag k="local_x" v="-37.3004"/>
    <tag k="local_y" v="-10.7752"/>
    <tag k="ele" v="-0.0073"/>
  </node>
  <node id="2161" lat="" lon="">
    <tag k="mgrs_code" v="99XXX0-10-1"/>
    <tag k="local_x" v="-37.3612"/>
    <tag k="local_y" v="-10.6306"/>
    <tag k="ele" v="-0.0073"/>
  </node>
  <node id="2162" lat="" lon="">
    <tag k="mgrs_code" v="99XXX0-10-1"/>
    <tag k="local_x" v="-37.4281"/>
    <tag k="local_y" v="-10.3332"/>
    <tag k="ele" v="-0.0073"/>
  </node>
  <node id="2169" lat="" lon="">
    <tag k="mgrs_code" v="99XXX0-10-1"/>
    <tag k="local_x" v="-40.4817"/>
    <tag k="local_y" v="-10.6881"/>
    <tag k="ele" v="-0.0075"/>
  </node>
  <node id="2170" lat="" lon="">
    <tag k="mgrs_code" v="99XXX0-10-1"/>
    <tag k="local_x" v="-40.4214"/>
    <tag k="local_y" v="-11.0967"/>
    <tag k="ele" v="-0.0075"/>
  </node>
  <node id="2171" lat="" lon="">
    <tag k="mgrs_code" v="99XXX0-10-1"/>
    <tag k="local_x" v="-40.3378"/>
    <tag k="local_y" v="-11.4329"/>
    <tag k="ele" v="-0.0075"/>
  </node>
  <node id="2172" lat="" lon="">
    <tag k="mgrs_code" v="99XXX0-10-1"/>
    <tag k="local_x" v="-40.2239"/>
    <tag k="local_y" v="-11.7596"/>
    <tag k="ele" v="-0.0075"/>
  </node>
  <node id="2173" lat="" lon="">
    <tag k="mgrs_code" v="99XXX0-10-1"/>
    <tag k="local_x" v="-40.0809"/>
    <tag k="local_y" v="-12.0742"/>
    <tag k="ele" v="-0.0075"/>
  </node>
  <node id="2174" lat="" lon="">
    <tag k="mgrs_code" v="99XXX0-10-1"/>
    <tag k="local_x" v="-39.91"/>
    <tag k="local_y" v="-12.3739"/>
    <tag k="ele" v="-0.0075"/>
  </node>
  <node id="2175" lat="" lon="">
    <tag k="mgrs_code" v="99XXX0-10-1"/>
    <tag k="local_x" v="-39.7127"/>
    <tag k="local_y" v="-12.6565"/>
    <tag k="ele" v="-0.0075"/>
  </node>
  <node id="2176" lat="" lon="">
    <tag k="mgrs_code" v="99XXX0-10-1"/>
    <tag k="local_x" v="-39.4907"/>
    <tag k="local_y" v="-12.9195"/>
    <tag k="ele" v="-0.0075"/>
  </node>
  <node id="2177" lat="" lon="">
    <tag k="mgrs_code" v="99XXX0-10-1"/>
    <tag k="local_x" v="-39.246"/>
    <tag k="local_y" v="-13.1608"/>
    <tag k="ele" v="-0.0075"/>
  </node>
  <node id="2178" lat="" lon="">
    <tag k="mgrs_code" v="99XXX0-10-1"/>
    <tag k="local_x" v="-38.9806"/>
    <tag k="local_y" v="-13.3784"/>
    <tag k="ele" v="-0.0075"/>
  </node>
  <node id="2179" lat="" lon="">
    <tag k="mgrs_code" v="99XXX0-10-1"/>
    <tag k="local_x" v="-38.6968"/>
    <tag k="local_y" v="-13.5707"/>
    <tag k="ele" v="-0.0075"/>
  </node>
  <node id="2180" lat="" lon="">
    <tag k="mgrs_code" v="99XXX0-10-1"/>
    <tag k="local_x" v="-38.397"/>
    <tag k="local_y" v="-13.736"/>
    <tag k="ele" v="-0.0075"/>
  </node>
  <node id="2181" lat="" lon="">
    <tag k="mgrs_code" v="99XXX0-10-1"/>
    <tag k="local_x" v="-38.0838"/>
    <tag k="local_y" v="-13.8731"/>
    <tag k="ele" v="-0.0075"/>
  </node>
  <node id="2182" lat="" lon="">
    <tag k="mgrs_code" v="99XXX0-10-1"/>
    <tag k="local_x" v="-37.7598"/>
    <tag k="local_y" v="-13.9809"/>
    <tag k="ele" v="-0.0075"/>
  </node>
  <node id="2183" lat="" lon="">
    <tag k="mgrs_code" v="99XXX0-10-1"/>
    <tag k="local_x" v="-37.4278"/>
    <tag k="local_y" v="-14.0585"/>
    <tag k="ele" v="-0.0075"/>
  </node>
  <node id="2184" lat="" lon="">
    <tag k="mgrs_code" v="99XXX0-10-1"/>
    <tag k="local_x" v="-37.0215"/>
    <tag k="local_y" v="-14.1145"/>
    <tag k="ele" v="-0.0075"/>
  </node>
  <node id="2185" lat="" lon="">
    <tag k="mgrs_code" v="99XXX0-10-1"/>
    <tag k="local_x" v="-43.3517"/>
    <tag k="local_y" v="-11.087"/>
    <tag k="ele" v="-0.0075"/>
  </node>
  <node id="2186" lat="" lon="">
    <tag k="mgrs_code" v="99XXX0-10-1"/>
    <tag k="local_x" v="-43.28"/>
    <tag k="local_y" v="-11.6282"/>
    <tag k="ele" v="-0.0075"/>
  </node>
  <node id="2187" lat="" lon="">
    <tag k="mgrs_code" v="99XXX0-10-1"/>
    <tag k="local_x" v="-43.1455"/>
    <tag k="local_y" v="-12.2258"/>
    <tag k="ele" v="-0.0075"/>
  </node>
  <node id="2188" lat="" lon="">
    <tag k="mgrs_code" v="99XXX0-10-1"/>
    <tag k="local_x" v="-42.9568"/>
    <tag k="local_y" v="-12.8091"/>
    <tag k="ele" v="-0.0075"/>
  </node>
  <node id="2189" lat="" lon="">
    <tag k="mgrs_code" v="99XXX0-10-1"/>
    <tag k="local_x" v="-42.7155"/>
    <tag k="local_y" v="-13.3731"/>
    <tag k="ele" v="-0.0075"/>
  </node>
  <node id="2190" lat="" lon="">
    <tag k="mgrs_code" v="99XXX0-10-1"/>
    <tag k="local_x" v="-42.4235"/>
    <tag k="local_y" v="-13.9132"/>
    <tag k="ele" v="-0.0075"/>
  </node>
  <node id="2191" lat="" lon="">
    <tag k="mgrs_code" v="99XXX0-10-1"/>
    <tag k="local_x" v="-42.0832"/>
    <tag k="local_y" v="-14.4247"/>
    <tag k="ele" v="-0.0075"/>
  </node>
  <node id="2192" lat="" lon="">
    <tag k="mgrs_code" v="99XXX0-10-1"/>
    <tag k="local_x" v="-41.6973"/>
    <tag k="local_y" v="-14.9034"/>
    <tag k="ele" v="-0.0075"/>
  </node>
  <node id="2193" lat="" lon="">
    <tag k="mgrs_code" v="99XXX0-10-1"/>
    <tag k="local_x" v="-41.269"/>
    <tag k="local_y" v="-15.3451"/>
    <tag k="ele" v="-0.0075"/>
  </node>
  <node id="2194" lat="" lon="">
    <tag k="mgrs_code" v="99XXX0-10-1"/>
    <tag k="local_x" v="-40.8018"/>
    <tag k="local_y" v="-15.7462"/>
    <tag k="ele" v="-0.0075"/>
  </node>
  <node id="2195" lat="" lon="">
    <tag k="mgrs_code" v="99XXX0-10-1"/>
    <tag k="local_x" v="-40.2996"/>
    <tag k="local_y" v="-16.1033"/>
    <tag k="ele" v="-0.0075"/>
  </node>
  <node id="2196" lat="" lon="">
    <tag k="mgrs_code" v="99XXX0-10-1"/>
    <tag k="local_x" v="-39.7664"/>
    <tag k="local_y" v="-16.4132"/>
    <tag k="ele" v="-0.0075"/>
  </node>
  <node id="2197" lat="" lon="">
    <tag k="mgrs_code" v="99XXX0-10-1"/>
    <tag k="local_x" v="-39.2068"/>
    <tag k="local_y" v="-16.6734"/>
    <tag k="ele" v="-0.0075"/>
  </node>
  <node id="2198" lat="" lon="">
    <tag k="mgrs_code" v="99XXX0-10-1"/>
    <tag k="local_x" v="-38.6254"/>
    <tag k="local_y" v="-16.8815"/>
    <tag k="ele" v="-0.0075"/>
  </node>
  <node id="2199" lat="" lon="">
    <tag k="mgrs_code" v="99XXX0-10-1"/>
    <tag k="local_x" v="-38.0269"/>
    <tag k="local_y" v="-17.0358"/>
    <tag k="ele" v="-0.0075"/>
  </node>
  <node id="2200" lat="" lon="">
    <tag k="mgrs_code" v="99XXX0-10-1"/>
    <tag k="local_x" v="-37.4855"/>
    <tag k="local_y" v="-17.1258"/>
    <tag k="ele" v="-0.0075"/>
  </node>
  <node id="2204" lat="" lon="">
    <tag k="mgrs_code" v="99XXX0-10-1"/>
    <tag k="local_x" v="-36.9482"/>
    <tag k="local_y" v="-14.1311"/>
    <tag k="ele" v="-0.0073"/>
  </node>
  <node id="2205" lat="" lon="">
    <tag k="mgrs_code" v="99XXX0-10-1"/>
    <tag k="local_x" v="-37.3479"/>
    <tag k="local_y" v="-14.1785"/>
    <tag k="ele" v="-0.0073"/>
  </node>
  <node id="2206" lat="" lon="">
    <tag k="mgrs_code" v="99XXX0-10-1"/>
    <tag k="local_x" v="-37.6743"/>
    <tag k="local_y" v="-14.2497"/>
    <tag k="ele" v="-0.0073"/>
  </node>
  <node id="2207" lat="" lon="">
    <tag k="mgrs_code" v="99XXX0-10-1"/>
    <tag k="local_x" v="-37.9927"/>
    <tag k="local_y" v="-14.3511"/>
    <tag k="ele" v="-0.0073"/>
  </node>
  <node id="2208" lat="" lon="">
    <tag k="mgrs_code" v="99XXX0-10-1"/>
    <tag k="local_x" v="-38.3003"/>
    <tag k="local_y" v="-14.4818"/>
    <tag k="ele" v="-0.0073"/>
  </node>
  <node id="2209" lat="" lon="">
    <tag k="mgrs_code" v="99XXX0-10-1"/>
    <tag k="local_x" v="-38.5945"/>
    <tag k="local_y" v="-14.6407"/>
    <tag k="ele" v="-0.0073"/>
  </node>
  <node id="2210" lat="" lon="">
    <tag k="mgrs_code" v="99XXX0-10-1"/>
    <tag k="local_x" v="-38.8727"/>
    <tag k="local_y" v="-14.8263"/>
    <tag k="ele" v="-0.0073"/>
  </node>
  <node id="2211" lat="" lon="">
    <tag k="mgrs_code" v="99XXX0-10-1"/>
    <tag k="local_x" v="-39.1324"/>
    <tag k="local_y" v="-15.0372"/>
    <tag k="ele" v="-0.0073"/>
  </node>
  <node id="2212" lat="" lon="">
    <tag k="mgrs_code" v="99XXX0-10-1"/>
    <tag k="local_x" v="-39.3713"/>
    <tag k="local_y" v="-15.2715"/>
    <tag k="ele" v="-0.0073"/>
  </node>
  <node id="2213" lat="" lon="">
    <tag k="mgrs_code" v="99XXX0-10-1"/>
    <tag k="local_x" v="-39.5874"/>
    <tag k="local_y" v="-15.5271"/>
    <tag k="ele" v="-0.0073"/>
  </node>
  <node id="2214" lat="" lon="">
    <tag k="mgrs_code" v="99XXX0-10-1"/>
    <tag k="local_x" v="-39.7788"/>
    <tag k="local_y" v="-15.8018"/>
    <tag k="ele" v="-0.0073"/>
  </node>
  <node id="2215" lat="" lon="">
    <tag k="mgrs_code" v="99XXX0-10-1"/>
    <tag k="local_x" v="-39.9438"/>
    <tag k="local_y" v="-16.0932"/>
    <tag k="ele" v="-0.0073"/>
  </node>
  <node id="2216" lat="" lon="">
    <tag k="mgrs_code" v="99XXX0-10-1"/>
    <tag k="local_x" v="-40.0809"/>
    <tag k="local_y" v="-16.3989"/>
    <tag k="ele" v="-0.0073"/>
  </node>
  <node id="2217" lat="" lon="">
    <tag k="mgrs_code" v="99XXX0-10-1"/>
    <tag k="local_x" v="-40.1889"/>
    <tag k="local_y" v="-16.7161"/>
    <tag k="ele" v="-0.0073"/>
  </node>
  <node id="2218" lat="" lon="">
    <tag k="mgrs_code" v="99XXX0-10-1"/>
    <tag k="local_x" v="-40.2669"/>
    <tag k="local_y" v="-17.0421"/>
    <tag k="ele" v="-0.0073"/>
  </node>
  <node id="2219" lat="" lon="">
    <tag k="mgrs_code" v="99XXX0-10-1"/>
    <tag k="local_x" v="-40.3219"/>
    <tag k="local_y" v="-17.4413"/>
    <tag k="ele" v="-0.0073"/>
  </node>
  <node id="2220" lat="" lon="">
    <tag k="mgrs_code" v="99XXX0-10-1"/>
    <tag k="local_x" v="-37.3122"/>
    <tag k="local_y" v="-11.2208"/>
    <tag k="ele" v="-0.0073"/>
  </node>
  <node id="2221" lat="" lon="">
    <tag k="mgrs_code" v="99XXX0-10-1"/>
    <tag k="local_x" v="-37.847"/>
    <tag k="local_y" v="-11.2903"/>
    <tag k="ele" v="-0.0073"/>
  </node>
  <node id="2222" lat="" lon="">
    <tag k="mgrs_code" v="99XXX0-10-1"/>
    <tag k="local_x" v="-38.4402"/>
    <tag k="local_y" v="-11.4226"/>
    <tag k="ele" v="-0.0073"/>
  </node>
  <node id="2223" lat="" lon="">
    <tag k="mgrs_code" v="99XXX0-10-1"/>
    <tag k="local_x" v="-39.0183"/>
    <tag k="local_y" v="-11.6096"/>
    <tag k="ele" v="-0.0073"/>
  </node>
  <node id="2224" lat="" lon="">
    <tag k="mgrs_code" v="99XXX0-10-1"/>
    <tag k="local_x" v="-39.5763"/>
    <tag k="local_y" v="-11.8497"/>
    <tag k="ele" v="-0.0073"/>
  </node>
  <node id="2225" lat="" lon="">
    <tag k="mgrs_code" v="99XXX0-10-1"/>
    <tag k="local_x" v="-40.1095"/>
    <tag k="local_y" v="-12.1408"/>
    <tag k="ele" v="-0.0073"/>
  </node>
  <node id="2226" lat="" lon="">
    <tag k="mgrs_code" v="99XXX0-10-1"/>
    <tag k="local_x" v="-40.6131"/>
    <tag k="local_y" v="-12.4803"/>
    <tag k="ele" v="-0.0073"/>
  </node>
  <node id="2227" lat="" lon="">
    <tag k="mgrs_code" v="99XXX0-10-1"/>
    <tag k="local_x" v="-41.0827"/>
    <tag k="local_y" v="-12.8653"/>
    <tag k="ele" v="-0.0073"/>
  </node>
  <node id="2228" lat="" lon="">
    <tag k="mgrs_code" v="99XXX0-10-1"/>
    <tag k="local_x" v="-41.5143"/>
    <tag k="local_y" v="-13.2923"/>
    <tag k="ele" v="-0.0073"/>
  </node>
  <node id="2229" lat="" lon="">
    <tag k="mgrs_code" v="99XXX0-10-1"/>
    <tag k="local_x" v="-41.9042"/>
    <tag k="local_y" v="-13.7577"/>
    <tag k="ele" v="-0.0073"/>
  </node>
  <node id="2230" lat="" lon="">
    <tag k="mgrs_code" v="99XXX0-10-1"/>
    <tag k="local_x" v="-42.2488"/>
    <tag k="local_y" v="-14.2573"/>
    <tag k="ele" v="-0.0073"/>
  </node>
  <node id="2231" lat="" lon="">
    <tag k="mgrs_code" v="99XXX0-10-1"/>
    <tag k="local_x" v="-42.5454"/>
    <tag k="local_y" v="-14.7868"/>
    <tag k="ele" v="-0.0073"/>
  </node>
  <node id="2232" lat="" lon="">
    <tag k="mgrs_code" v="99XXX0-10-1"/>
    <tag k="local_x" v="-42.7911"/>
    <tag k="local_y" v="-15.3416"/>
    <tag k="ele" v="-0.0073"/>
  </node>
  <node id="2233" lat="" lon="">
    <tag k="mgrs_code" v="99XXX0-10-1"/>
    <tag k="local_x" v="-42.9841"/>
    <tag k="local_y" v="-15.9168"/>
    <tag k="ele" v="-0.0073"/>
  </node>
  <node id="2234" lat="" lon="">
    <tag k="mgrs_code" v="99XXX0-10-1"/>
    <tag k="local_x" v="-43.1224"/>
    <tag k="local_y" v="-16.5074"/>
    <tag k="ele" v="-0.0073"/>
  </node>
  <node id="2235" lat="" lon="">
    <tag k="mgrs_code" v="99XXX0-10-1"/>
    <tag k="local_x" v="-43.1973"/>
    <tag k="local_y" v="-17.0409"/>
    <tag k="ele" v="-0.0073"/>
  </node>
  <node id="2239" lat="" lon="">
    <tag k="mgrs_code" v="99XXX0-10-1"/>
    <tag k="local_x" v="-25.7662"/>
    <tag k="local_y" v="-11.0561"/>
    <tag k="ele" v="-0.0075"/>
  </node>
  <node id="2240" lat="" lon="">
    <tag k="mgrs_code" v="99XXX0-10-1"/>
    <tag k="local_x" v="-25.9189"/>
    <tag k="local_y" v="-11.6098"/>
    <tag k="ele" v="-0.0075"/>
  </node>
  <node id="2241" lat="" lon="">
    <tag k="mgrs_code" v="99XXX0-10-1"/>
    <tag k="local_x" v="-26.2158"/>
    <tag k="local_y" v="-12.2465"/>
    <tag k="ele" v="-0.0075"/>
  </node>
  <node id="2242" lat="" lon="">
    <tag k="mgrs_code" v="99XXX0-10-1"/>
    <tag k="local_x" v="-26.6201"/>
    <tag k="local_y" v="-12.8215"/>
    <tag k="ele" v="-0.0075"/>
  </node>
  <node id="2243" lat="" lon="">
    <tag k="mgrs_code" v="99XXX0-10-1"/>
    <tag k="local_x" v="-27.1193"/>
    <tag k="local_y" v="-13.3169"/>
    <tag k="ele" v="-0.0075"/>
  </node>
  <node id="2244" lat="" lon="">
    <tag k="mgrs_code" v="99XXX0-10-1"/>
    <tag k="local_x" v="-27.6981"/>
    <tag k="local_y" v="-13.7173"/>
    <tag k="ele" v="-0.0075"/>
  </node>
  <node id="2245" lat="" lon="">
    <tag k="mgrs_code" v="99XXX0-10-1"/>
    <tag k="local_x" v="-28.3386"/>
    <tag k="local_y" v="-14.0101"/>
    <tag k="ele" v="-0.0075"/>
  </node>
  <node id="2246" lat="" lon="">
    <tag k="mgrs_code" v="99XXX0-10-1"/>
    <tag k="local_x" v="-28.8944"/>
    <tag k="local_y" v="-14.1598"/>
    <tag k="ele" v="-0.0075"/>
  </node>
  <node id="2247" lat="" lon="">
    <tag k="mgrs_code" v="99XXX0-10-1"/>
    <tag k="local_x" v="-28.5637"/>
    <tag k="local_y" v="-10.3011"/>
    <tag k="ele" v="-0.0075"/>
  </node>
  <node id="2248" lat="" lon="">
    <tag k="mgrs_code" v="99XXX0-10-1"/>
    <tag k="local_x" v="-28.6438"/>
    <tag k="local_y" v="-10.6096"/>
    <tag k="ele" v="-0.0075"/>
  </node>
  <node id="2249" lat="" lon="">
    <tag k="mgrs_code" v="99XXX0-10-1"/>
    <tag k="local_x" v="-28.7273"/>
    <tag k="local_y" v="-10.781"/>
    <tag k="ele" v="-0.0075"/>
  </node>
  <node id="2250" lat="" lon="">
    <tag k="mgrs_code" v="99XXX0-10-1"/>
    <tag k="local_x" v="-28.8393"/>
    <tag k="local_y" v="-10.9348"/>
    <tag k="ele" v="-0.0075"/>
  </node>
  <node id="2251" lat="" lon="">
    <tag k="mgrs_code" v="99XXX0-10-1"/>
    <tag k="local_x" v="-28.9762"/>
    <tag k="local_y" v="-11.0662"/>
    <tag k="ele" v="-0.0075"/>
  </node>
  <node id="2252" lat="" lon="">
    <tag k="mgrs_code" v="99XXX0-10-1"/>
    <tag k="local_x" v="-29.1338"/>
    <tag k="local_y" v="-11.1713"/>
    <tag k="ele" v="-0.0075"/>
  </node>
  <node id="2253" lat="" lon="">
    <tag k="mgrs_code" v="99XXX0-10-1"/>
    <tag k="local_x" v="-29.3069"/>
    <tag k="local_y" v="-11.2469"/>
    <tag k="ele" v="-0.0075"/>
  </node>
  <node id="2254" lat="" lon="">
    <tag k="mgrs_code" v="99XXX0-10-1"/>
    <tag k="local_x" v="-29.6167"/>
    <tag k="local_y" v="-11.3172"/>
    <tag k="ele" v="-0.0075"/>
  </node>
  <node id="2258" lat="" lon="">
    <tag k="mgrs_code" v="99XXX0-10-1"/>
    <tag k="local_x" v="-28.7903"/>
    <tag k="local_y" v="-14.3617"/>
    <tag k="ele" v="-0.006"/>
  </node>
  <node id="2259" lat="" lon="">
    <tag k="mgrs_code" v="99XXX0-10-1"/>
    <tag k="local_x" v="-28.2006"/>
    <tag k="local_y" v="-14.563"/>
    <tag k="ele" v="-0.006"/>
  </node>
  <node id="2260" lat="" lon="">
    <tag k="mgrs_code" v="99XXX0-10-1"/>
    <tag k="local_x" v="-27.5291"/>
    <tag k="local_y" v="-14.938"/>
    <tag k="ele" v="-0.006"/>
  </node>
  <node id="2261" lat="" lon="">
    <tag k="mgrs_code" v="99XXX0-10-1"/>
    <tag k="local_x" v="-26.9434"/>
    <tag k="local_y" v="-15.4345"/>
    <tag k="ele" v="-0.006"/>
  </node>
  <node id="2262" lat="" lon="">
    <tag k="mgrs_code" v="99XXX0-10-1"/>
    <tag k="local_x" v="-26.4653"/>
    <tag k="local_y" v="-16.0336"/>
    <tag k="ele" v="-0.006"/>
  </node>
  <node id="2263" lat="" lon="">
    <tag k="mgrs_code" v="99XXX0-10-1"/>
    <tag k="local_x" v="-26.1121"/>
    <tag k="local_y" v="-16.7123"/>
    <tag k="ele" v="-0.006"/>
  </node>
  <node id="2264" lat="" lon="">
    <tag k="mgrs_code" v="99XXX0-10-1"/>
    <tag k="local_x" v="-25.9317"/>
    <tag k="local_y" v="-17.3059"/>
    <tag k="ele" v="-0.006"/>
  </node>
  <node id="2265" lat="" lon="">
    <tag k="mgrs_code" v="99XXX0-10-1"/>
    <tag k="local_x" v="-29.7098"/>
    <tag k="local_y" v="-17.2665"/>
    <tag k="ele" v="-0.006"/>
  </node>
  <node id="2266" lat="" lon="">
    <tag k="mgrs_code" v="99XXX0-10-1"/>
    <tag k="local_x" v="-29.3916"/>
    <tag k="local_y" v="-17.3526"/>
    <tag k="ele" v="-0.006"/>
  </node>
  <node id="2267" lat="" lon="">
    <tag k="mgrs_code" v="99XXX0-10-1"/>
    <tag k="local_x" v="-29.2275"/>
    <tag k="local_y" v="-17.4345"/>
    <tag k="ele" v="-0.006"/>
  </node>
  <node id="2268" lat="" lon="">
    <tag k="mgrs_code" v="99XXX0-10-1"/>
    <tag k="local_x" v="-29.0813"/>
    <tag k="local_y" v="-17.5474"/>
    <tag k="ele" v="-0.006"/>
  </node>
  <node id="2269" lat="" lon="">
    <tag k="mgrs_code" v="99XXX0-10-1"/>
    <tag k="local_x" v="-28.9588"/>
    <tag k="local_y" v="-17.6874"/>
    <tag k="ele" v="-0.006"/>
  </node>
  <node id="2270" lat="" lon="">
    <tag k="mgrs_code" v="99XXX0-10-1"/>
    <tag k="local_x" v="-28.8648"/>
    <tag k="local_y" v="-17.8495"/>
    <tag k="ele" v="-0.006"/>
  </node>
  <node id="2271" lat="" lon="">
    <tag k="mgrs_code" v="99XXX0-10-1"/>
    <tag k="local_x" v="-28.7685"/>
    <tag k="local_y" v="-18.1672"/>
    <tag k="ele" v="-0.006"/>
  </node>
  <node id="2275" lat="" lon="">
    <tag k="mgrs_code" v="99XXX0-10-1"/>
    <tag k="local_x" v="-29.4182"/>
    <tag k="local_y" v="-14.2338"/>
    <tag k="ele" v="-0.006"/>
  </node>
  <node id="2276" lat="" lon="">
    <tag k="mgrs_code" v="99XXX0-10-1"/>
    <tag k="local_x" v="-29.0059"/>
    <tag k="local_y" v="-14.1873"/>
    <tag k="ele" v="-0.006"/>
  </node>
  <node id="2277" lat="" lon="">
    <tag k="mgrs_code" v="99XXX0-10-1"/>
    <tag k="local_x" v="-28.6652"/>
    <tag k="local_y" v="-14.1169"/>
    <tag k="ele" v="-0.006"/>
  </node>
  <node id="2278" lat="" lon="">
    <tag k="mgrs_code" v="99XXX0-10-1"/>
    <tag k="local_x" v="-28.332"/>
    <tag k="local_y" v="-14.0168"/>
    <tag k="ele" v="-0.006"/>
  </node>
  <node id="2279" lat="" lon="">
    <tag k="mgrs_code" v="99XXX0-10-1"/>
    <tag k="local_x" v="-28.0088"/>
    <tag k="local_y" v="-13.8879"/>
    <tag k="ele" v="-0.006"/>
  </node>
  <node id="2280" lat="" lon="">
    <tag k="mgrs_code" v="99XXX0-10-1"/>
    <tag k="local_x" v="-27.6982"/>
    <tag k="local_y" v="-13.7311"/>
    <tag k="ele" v="-0.006"/>
  </node>
  <node id="2281" lat="" lon="">
    <tag k="mgrs_code" v="99XXX0-10-1"/>
    <tag k="local_x" v="-27.4026"/>
    <tag k="local_y" v="-13.5476"/>
    <tag k="ele" v="-0.006"/>
  </node>
  <node id="2282" lat="" lon="">
    <tag k="mgrs_code" v="99XXX0-10-1"/>
    <tag k="local_x" v="-27.1242"/>
    <tag k="local_y" v="-13.3388"/>
    <tag k="ele" v="-0.006"/>
  </node>
  <node id="2283" lat="" lon="">
    <tag k="mgrs_code" v="99XXX0-10-1"/>
    <tag k="local_x" v="-26.8652"/>
    <tag k="local_y" v="-13.1063"/>
    <tag k="ele" v="-0.006"/>
  </node>
  <node id="2284" lat="" lon="">
    <tag k="mgrs_code" v="99XXX0-10-1"/>
    <tag k="local_x" v="-26.6276"/>
    <tag k="local_y" v="-12.8521"/>
    <tag k="ele" v="-0.006"/>
  </node>
  <node id="2285" lat="" lon="">
    <tag k="mgrs_code" v="99XXX0-10-1"/>
    <tag k="local_x" v="-26.4133"/>
    <tag k="local_y" v="-12.5779"/>
    <tag k="ele" v="-0.006"/>
  </node>
  <node id="2286" lat="" lon="">
    <tag k="mgrs_code" v="99XXX0-10-1"/>
    <tag k="local_x" v="-26.2238"/>
    <tag k="local_y" v="-12.2859"/>
    <tag k="ele" v="-0.006"/>
  </node>
  <node id="2287" lat="" lon="">
    <tag k="mgrs_code" v="99XXX0-10-1"/>
    <tag k="local_x" v="-26.0608"/>
    <tag k="local_y" v="-11.9784"/>
    <tag k="ele" v="-0.006"/>
  </node>
  <node id="2288" lat="" lon="">
    <tag k="mgrs_code" v="99XXX0-10-1"/>
    <tag k="local_x" v="-25.9253"/>
    <tag k="local_y" v="-11.6578"/>
    <tag k="ele" v="-0.006"/>
  </node>
  <node id="2289" lat="" lon="">
    <tag k="mgrs_code" v="99XXX0-10-1"/>
    <tag k="local_x" v="-25.8186"/>
    <tag k="local_y" v="-11.3265"/>
    <tag k="ele" v="-0.006"/>
  </node>
  <node id="2290" lat="" lon="">
    <tag k="mgrs_code" v="99XXX0-10-1"/>
    <tag k="local_x" v="-25.7413"/>
    <tag k="local_y" v="-10.9871"/>
    <tag k="ele" v="-0.006"/>
  </node>
  <node id="2291" lat="" lon="">
    <tag k="mgrs_code" v="99XXX0-10-1"/>
    <tag k="local_x" v="-25.6866"/>
    <tag k="local_y" v="-10.5758"/>
    <tag k="ele" v="-0.006"/>
  </node>
  <node id="2292" lat="" lon="">
    <tag k="mgrs_code" v="99XXX0-10-1"/>
    <tag k="local_x" v="-29.065"/>
    <tag k="local_y" v="-17.2601"/>
    <tag k="ele" v="-0.006"/>
  </node>
  <node id="2293" lat="" lon="">
    <tag k="mgrs_code" v="99XXX0-10-1"/>
    <tag k="local_x" v="-28.5201"/>
    <tag k="local_y" v="-17.1949"/>
    <tag k="ele" v="-0.006"/>
  </node>
  <node id="2294" lat="" lon="">
    <tag k="mgrs_code" v="99XXX0-10-1"/>
    <tag k="local_x" v="-27.9171"/>
    <tag k="local_y" v="-17.0699"/>
    <tag k="ele" v="-0.006"/>
  </node>
  <node id="2295" lat="" lon="">
    <tag k="mgrs_code" v="99XXX0-10-1"/>
    <tag k="local_x" v="-27.3275"/>
    <tag k="local_y" v="-16.8925"/>
    <tag k="ele" v="-0.006"/>
  </node>
  <node id="2296" lat="" lon="">
    <tag k="mgrs_code" v="99XXX0-10-1"/>
    <tag k="local_x" v="-26.7558"/>
    <tag k="local_y" v="-16.664"/>
    <tag k="ele" v="-0.006"/>
  </node>
  <node id="2297" lat="" lon="">
    <tag k="mgrs_code" v="99XXX0-10-1"/>
    <tag k="local_x" v="-26.2063"/>
    <tag k="local_y" v="-16.3861"/>
    <tag k="ele" v="-0.006"/>
  </node>
  <node id="2298" lat="" lon="">
    <tag k="mgrs_code" v="99XXX0-10-1"/>
    <tag k="local_x" v="-25.6834"/>
    <tag k="local_y" v="-16.0611"/>
    <tag k="ele" v="-0.006"/>
  </node>
  <node id="2299" lat="" lon="">
    <tag k="mgrs_code" v="99XXX0-10-1"/>
    <tag k="local_x" v="-25.191"/>
    <tag k="local_y" v="-15.6914"/>
    <tag k="ele" v="-0.006"/>
  </node>
  <node id="2300" lat="" lon="">
    <tag k="mgrs_code" v="99XXX0-10-1"/>
    <tag k="local_x" v="-24.7331"/>
    <tag k="local_y" v="-15.2799"/>
    <tag k="ele" v="-0.006"/>
  </node>
  <node id="2301" lat="" lon="">
    <tag k="mgrs_code" v="99XXX0-10-1"/>
    <tag k="local_x" v="-24.313"/>
    <tag k="local_y" v="-14.8297"/>
    <tag k="ele" v="-0.006"/>
  </node>
  <node id="2302" lat="" lon="">
    <tag k="mgrs_code" v="99XXX0-10-1"/>
    <tag k="local_x" v="-23.9342"/>
    <tag k="local_y" v="-14.3444"/>
    <tag k="ele" v="-0.006"/>
  </node>
  <node id="2303" lat="" lon="">
    <tag k="mgrs_code" v="99XXX0-10-1"/>
    <tag k="local_x" v="-23.5994"/>
    <tag k="local_y" v="-13.8278"/>
    <tag k="ele" v="-0.006"/>
  </node>
  <node id="2304" lat="" lon="">
    <tag k="mgrs_code" v="99XXX0-10-1"/>
    <tag k="local_x" v="-23.3113"/>
    <tag k="local_y" v="-13.2837"/>
    <tag k="ele" v="-0.006"/>
  </node>
  <node id="2305" lat="" lon="">
    <tag k="mgrs_code" v="99XXX0-10-1"/>
    <tag k="local_x" v="-23.0721"/>
    <tag k="local_y" v="-12.7165"/>
    <tag k="ele" v="-0.006"/>
  </node>
  <node id="2306" lat="" lon="">
    <tag k="mgrs_code" v="99XXX0-10-1"/>
    <tag k="local_x" v="-22.8837"/>
    <tag k="local_y" v="-12.1304"/>
    <tag k="ele" v="-0.006"/>
  </node>
  <node id="2307" lat="" lon="">
    <tag k="mgrs_code" v="99XXX0-10-1"/>
    <tag k="local_x" v="-22.7475"/>
    <tag k="local_y" v="-11.5301"/>
    <tag k="ele" v="-0.006"/>
  </node>
  <node id="2308" lat="" lon="">
    <tag k="mgrs_code" v="99XXX0-10-1"/>
    <tag k="local_x" v="-22.6721"/>
    <tag k="local_y" v="-10.9865"/>
    <tag k="ele" v="-0.006"/>
  </node>
  <node id="2312" lat="" lon="">
    <tag k="mgrs_code" v="99XXX0-10-1"/>
    <tag k="local_x" v="-22.0579"/>
    <tag k="local_y" v="-14.1823"/>
    <tag k="ele" v="-0.005"/>
  </node>
  <node id="2313" lat="" lon="">
    <tag k="mgrs_code" v="99XXX0-10-1"/>
    <tag k="local_x" v="-22.4756"/>
    <tag k="local_y" v="-14.2415"/>
    <tag k="ele" v="-0.005"/>
  </node>
  <node id="2314" lat="" lon="">
    <tag k="mgrs_code" v="99XXX0-10-1"/>
    <tag k="local_x" v="-22.8248"/>
    <tag k="local_y" v="-14.324"/>
    <tag k="ele" v="-0.005"/>
  </node>
  <node id="2315" lat="" lon="">
    <tag k="mgrs_code" v="99XXX0-10-1"/>
    <tag k="local_x" v="-23.1652"/>
    <tag k="local_y" v="-14.4365"/>
    <tag k="ele" v="-0.005"/>
  </node>
  <node id="2316" lat="" lon="">
    <tag k="mgrs_code" v="99XXX0-10-1"/>
    <tag k="local_x" v="-23.4945"/>
    <tag k="local_y" v="-14.578"/>
    <tag k="ele" v="-0.005"/>
  </node>
  <node id="2317" lat="" lon="">
    <tag k="mgrs_code" v="99XXX0-10-1"/>
    <tag k="local_x" v="-23.81"/>
    <tag k="local_y" v="-14.7476"/>
    <tag k="ele" v="-0.005"/>
  </node>
  <node id="2318" lat="" lon="">
    <tag k="mgrs_code" v="99XXX0-10-1"/>
    <tag k="local_x" v="-24.1094"/>
    <tag k="local_y" v="-14.9438"/>
    <tag k="ele" v="-0.005"/>
  </node>
  <node id="2319" lat="" lon="">
    <tag k="mgrs_code" v="99XXX0-10-1"/>
    <tag k="local_x" v="-24.3905"/>
    <tag k="local_y" v="-15.1652"/>
    <tag k="ele" v="-0.005"/>
  </node>
  <node id="2320" lat="" lon="">
    <tag k="mgrs_code" v="99XXX0-10-1"/>
    <tag k="local_x" v="-24.6512"/>
    <tag k="local_y" v="-15.41"/>
    <tag k="ele" v="-0.005"/>
  </node>
  <node id="2321" lat="" lon="">
    <tag k="mgrs_code" v="99XXX0-10-1"/>
    <tag k="local_x" v="-24.8894"/>
    <tag k="local_y" v="-15.6765"/>
    <tag k="ele" v="-0.005"/>
  </node>
  <node id="2322" lat="" lon="">
    <tag k="mgrs_code" v="99XXX0-10-1"/>
    <tag k="local_x" v="-25.1035"/>
    <tag k="local_y" v="-15.9625"/>
    <tag k="ele" v="-0.005"/>
  </node>
  <node id="2323" lat="" lon="">
    <tag k="mgrs_code" v="99XXX0-10-1"/>
    <tag k="local_x" v="-25.2918"/>
    <tag k="local_y" v="-16.2658"/>
    <tag k="ele" v="-0.005"/>
  </node>
  <node id="2324" lat="" lon="">
    <tag k="mgrs_code" v="99XXX0-10-1"/>
    <tag k="local_x" v="-25.4529"/>
    <tag k="local_y" v="-16.5842"/>
    <tag k="ele" v="-0.005"/>
  </node>
  <node id="2325" lat="" lon="">
    <tag k="mgrs_code" v="99XXX0-10-1"/>
    <tag k="local_x" v="-25.5857"/>
    <tag k="local_y" v="-16.9152"/>
    <tag k="ele" v="-0.005"/>
  </node>
  <node id="2326" lat="" lon="">
    <tag k="mgrs_code" v="99XXX0-10-1"/>
    <tag k="local_x" v="-25.6892"/>
    <tag k="local_y" v="-17.2564"/>
    <tag k="ele" v="-0.005"/>
  </node>
  <node id="2327" lat="" lon="">
    <tag k="mgrs_code" v="99XXX0-10-1"/>
    <tag k="local_x" v="-25.7625"/>
    <tag k="local_y" v="-17.605"/>
    <tag k="ele" v="-0.005"/>
  </node>
  <node id="2328" lat="" lon="">
    <tag k="mgrs_code" v="99XXX0-10-1"/>
    <tag k="local_x" v="-25.812"/>
    <tag k="local_y" v="-18.0226"/>
    <tag k="ele" v="-0.005"/>
  </node>
  <node id="2329" lat="" lon="">
    <tag k="mgrs_code" v="99XXX0-10-1"/>
    <tag k="local_x" v="-22.4585"/>
    <tag k="local_y" v="-11.3158"/>
    <tag k="ele" v="-0.005"/>
  </node>
  <node id="2330" lat="" lon="">
    <tag k="mgrs_code" v="99XXX0-10-1"/>
    <tag k="local_x" v="-23.0014"/>
    <tag k="local_y" v="-11.3908"/>
    <tag k="ele" v="-0.005"/>
  </node>
  <node id="2331" lat="" lon="">
    <tag k="mgrs_code" v="99XXX0-10-1"/>
    <tag k="local_x" v="-23.5975"/>
    <tag k="local_y" v="-11.5255"/>
    <tag k="ele" v="-0.005"/>
  </node>
  <node id="2332" lat="" lon="">
    <tag k="mgrs_code" v="99XXX0-10-1"/>
    <tag k="local_x" v="-24.1798"/>
    <tag k="local_y" v="-11.7116"/>
    <tag k="ele" v="-0.005"/>
  </node>
  <node id="2333" lat="" lon="">
    <tag k="mgrs_code" v="99XXX0-10-1"/>
    <tag k="local_x" v="-24.7439"/>
    <tag k="local_y" v="-11.9477"/>
    <tag k="ele" v="-0.005"/>
  </node>
  <node id="2334" lat="" lon="">
    <tag k="mgrs_code" v="99XXX0-10-1"/>
    <tag k="local_x" v="-25.2855"/>
    <tag k="local_y" v="-12.232"/>
    <tag k="ele" v="-0.005"/>
  </node>
  <node id="2335" lat="" lon="">
    <tag k="mgrs_code" v="99XXX0-10-1"/>
    <tag k="local_x" v="-25.8005"/>
    <tag k="local_y" v="-12.5624"/>
    <tag k="ele" v="-0.005"/>
  </node>
  <node id="2336" lat="" lon="">
    <tag k="mgrs_code" v="99XXX0-10-1"/>
    <tag k="local_x" v="-26.285"/>
    <tag k="local_y" v="-12.9365"/>
    <tag k="ele" v="-0.005"/>
  </node>
  <node id="2337" lat="" lon="">
    <tag k="mgrs_code" v="99XXX0-10-1"/>
    <tag k="local_x" v="-26.7354"/>
    <tag k="local_y" v="-13.3513"/>
    <tag k="ele" v="-0.005"/>
  </node>
  <node id="2338" lat="" lon="">
    <tag k="mgrs_code" v="99XXX0-10-1"/>
    <tag k="local_x" v="-27.148"/>
    <tag k="local_y" v="-13.8039"/>
    <tag k="ele" v="-0.005"/>
  </node>
  <node id="2339" lat="" lon="">
    <tag k="mgrs_code" v="99XXX0-10-1"/>
    <tag k="local_x" v="-27.5199"/>
    <tag k="local_y" v="-14.2908"/>
    <tag k="ele" v="-0.005"/>
  </node>
  <node id="2340" lat="" lon="">
    <tag k="mgrs_code" v="99XXX0-10-1"/>
    <tag k="local_x" v="-27.8482"/>
    <tag k="local_y" v="-14.8083"/>
    <tag k="ele" v="-0.005"/>
  </node>
  <node id="2341" lat="" lon="">
    <tag k="mgrs_code" v="99XXX0-10-1"/>
    <tag k="local_x" v="-28.1303"/>
    <tag k="local_y" v="-15.3526"/>
    <tag k="ele" v="-0.005"/>
  </node>
  <node id="2342" lat="" lon="">
    <tag k="mgrs_code" v="99XXX0-10-1"/>
    <tag k="local_x" v="-28.3642"/>
    <tag k="local_y" v="-15.9195"/>
    <tag k="ele" v="-0.005"/>
  </node>
  <node id="2343" lat="" lon="">
    <tag k="mgrs_code" v="99XXX0-10-1"/>
    <tag k="local_x" v="-28.5479"/>
    <tag k="local_y" v="-16.5047"/>
    <tag k="ele" v="-0.005"/>
  </node>
  <node id="2344" lat="" lon="">
    <tag k="mgrs_code" v="99XXX0-10-1"/>
    <tag k="local_x" v="-28.6801"/>
    <tag k="local_y" v="-17.1039"/>
    <tag k="ele" v="-0.005"/>
  </node>
  <node id="2345" lat="" lon="">
    <tag k="mgrs_code" v="99XXX0-10-1"/>
    <tag k="local_x" v="-28.753"/>
    <tag k="local_y" v="-17.6484"/>
    <tag k="ele" v="-0.005"/>
  </node>
  <node id="2349" lat="" lon="">
    <tag k="mgrs_code" v="99XXX0-10-1"/>
    <tag k="local_x" v="-25.6687"/>
    <tag k="local_y" v="-10.5169"/>
    <tag k="ele" v="-0.0075"/>
  </node>
  <node id="2350" lat="" lon="">
    <tag k="mgrs_code" v="99XXX0-10-1"/>
    <tag k="local_x" v="-25.6143"/>
    <tag k="local_y" v="-10.9242"/>
    <tag k="ele" v="-0.0075"/>
  </node>
  <node id="2351" lat="" lon="">
    <tag k="mgrs_code" v="99XXX0-10-1"/>
    <tag k="local_x" v="-25.5369"/>
    <tag k="local_y" v="-11.2628"/>
    <tag k="ele" v="-0.0075"/>
  </node>
  <node id="2352" lat="" lon="">
    <tag k="mgrs_code" v="99XXX0-10-1"/>
    <tag k="local_x" v="-25.4302"/>
    <tag k="local_y" v="-11.5933"/>
    <tag k="ele" v="-0.0075"/>
  </node>
  <node id="2353" lat="" lon="">
    <tag k="mgrs_code" v="99XXX0-10-1"/>
    <tag k="local_x" v="-25.2951"/>
    <tag k="local_y" v="-11.9129"/>
    <tag k="ele" v="-0.0075"/>
  </node>
  <node id="2354" lat="" lon="">
    <tag k="mgrs_code" v="99XXX0-10-1"/>
    <tag k="local_x" v="-25.1325"/>
    <tag k="local_y" v="-12.2194"/>
    <tag k="ele" v="-0.0075"/>
  </node>
  <node id="2355" lat="" lon="">
    <tag k="mgrs_code" v="99XXX0-10-1"/>
    <tag k="local_x" v="-24.9438"/>
    <tag k="local_y" v="-12.5104"/>
    <tag k="ele" v="-0.0075"/>
  </node>
  <node id="2356" lat="" lon="">
    <tag k="mgrs_code" v="99XXX0-10-1"/>
    <tag k="local_x" v="-24.7305"/>
    <tag k="local_y" v="-12.7837"/>
    <tag k="ele" v="-0.0075"/>
  </node>
  <node id="2357" lat="" lon="">
    <tag k="mgrs_code" v="99XXX0-10-1"/>
    <tag k="local_x" v="-24.4941"/>
    <tag k="local_y" v="-13.0371"/>
    <tag k="ele" v="-0.0075"/>
  </node>
  <node id="2358" lat="" lon="">
    <tag k="mgrs_code" v="99XXX0-10-1"/>
    <tag k="local_x" v="-24.2365"/>
    <tag k="local_y" v="-13.2687"/>
    <tag k="ele" v="-0.0075"/>
  </node>
  <node id="2359" lat="" lon="">
    <tag k="mgrs_code" v="99XXX0-10-1"/>
    <tag k="local_x" v="-23.9598"/>
    <tag k="local_y" v="-13.4768"/>
    <tag k="ele" v="-0.0075"/>
  </node>
  <node id="2360" lat="" lon="">
    <tag k="mgrs_code" v="99XXX0-10-1"/>
    <tag k="local_x" v="-23.666"/>
    <tag k="local_y" v="-13.6598"/>
    <tag k="ele" v="-0.0075"/>
  </node>
  <node id="2361" lat="" lon="">
    <tag k="mgrs_code" v="99XXX0-10-1"/>
    <tag k="local_x" v="-23.3574"/>
    <tag k="local_y" v="-13.8164"/>
    <tag k="ele" v="-0.0075"/>
  </node>
  <node id="2362" lat="" lon="">
    <tag k="mgrs_code" v="99XXX0-10-1"/>
    <tag k="local_x" v="-23.0365"/>
    <tag k="local_y" v="-13.9452"/>
    <tag k="ele" v="-0.0075"/>
  </node>
  <node id="2363" lat="" lon="">
    <tag k="mgrs_code" v="99XXX0-10-1"/>
    <tag k="local_x" v="-22.7056"/>
    <tag k="local_y" v="-14.0454"/>
    <tag k="ele" v="-0.0075"/>
  </node>
  <node id="2364" lat="" lon="">
    <tag k="mgrs_code" v="99XXX0-10-1"/>
    <tag k="local_x" v="-22.3673"/>
    <tag k="local_y" v="-14.1163"/>
    <tag k="ele" v="-0.0075"/>
  </node>
  <node id="2365" lat="" lon="">
    <tag k="mgrs_code" v="99XXX0-10-1"/>
    <tag k="local_x" v="-21.96"/>
    <tag k="local_y" v="-14.1637"/>
    <tag k="ele" v="-0.0075"/>
  </node>
  <node id="2366" lat="" lon="">
    <tag k="mgrs_code" v="99XXX0-10-1"/>
    <tag k="local_x" v="-28.5409"/>
    <tag k="local_y" v="-10.8996"/>
    <tag k="ele" v="-0.0075"/>
  </node>
  <node id="2367" lat="" lon="">
    <tag k="mgrs_code" v="99XXX0-10-1"/>
    <tag k="local_x" v="-28.47"/>
    <tag k="local_y" v="-11.433"/>
    <tag k="ele" v="-0.0075"/>
  </node>
  <node id="2368" lat="" lon="">
    <tag k="mgrs_code" v="99XXX0-10-1"/>
    <tag k="local_x" v="-28.3401"/>
    <tag k="local_y" v="-12.0205"/>
    <tag k="ele" v="-0.0075"/>
  </node>
  <node id="2369" lat="" lon="">
    <tag k="mgrs_code" v="99XXX0-10-1"/>
    <tag k="local_x" v="-28.1592"/>
    <tag k="local_y" v="-12.5946"/>
    <tag k="ele" v="-0.0075"/>
  </node>
  <node id="2370" lat="" lon="">
    <tag k="mgrs_code" v="99XXX0-10-1"/>
    <tag k="local_x" v="-27.9287"/>
    <tag k="local_y" v="-13.1507"/>
    <tag k="ele" v="-0.0075"/>
  </node>
  <node id="2371" lat="" lon="">
    <tag k="mgrs_code" v="99XXX0-10-1"/>
    <tag k="local_x" v="-27.6503"/>
    <tag k="local_y" v="-13.6846"/>
    <tag k="ele" v="-0.0075"/>
  </node>
  <node id="2372" lat="" lon="">
    <tag k="mgrs_code" v="99XXX0-10-1"/>
    <tag k="local_x" v="-27.3261"/>
    <tag k="local_y" v="-14.1922"/>
    <tag k="ele" v="-0.0075"/>
  </node>
  <node id="2373" lat="" lon="">
    <tag k="mgrs_code" v="99XXX0-10-1"/>
    <tag k="local_x" v="-26.9587"/>
    <tag k="local_y" v="-14.6696"/>
    <tag k="ele" v="-0.0075"/>
  </node>
  <node id="2374" lat="" lon="">
    <tag k="mgrs_code" v="99XXX0-10-1"/>
    <tag k="local_x" v="-26.5508"/>
    <tag k="local_y" v="-15.113"/>
    <tag k="ele" v="-0.0075"/>
  </node>
  <node id="2375" lat="" lon="">
    <tag k="mgrs_code" v="99XXX0-10-1"/>
    <tag k="local_x" v="-26.1056"/>
    <tag k="local_y" v="-15.5191"/>
    <tag k="ele" v="-0.0075"/>
  </node>
  <node id="2376" lat="" lon="">
    <tag k="mgrs_code" v="99XXX0-10-1"/>
    <tag k="local_x" v="-25.6263"/>
    <tag k="local_y" v="-15.8848"/>
    <tag k="ele" v="-0.0075"/>
  </node>
  <node id="2377" lat="" lon="">
    <tag k="mgrs_code" v="99XXX0-10-1"/>
    <tag k="local_x" v="-25.1168"/>
    <tag k="local_y" v="-16.2072"/>
    <tag k="ele" v="-0.0075"/>
  </node>
  <node id="2378" lat="" lon="">
    <tag k="mgrs_code" v="99XXX0-10-1"/>
    <tag k="local_x" v="-24.5809"/>
    <tag k="local_y" v="-16.4838"/>
    <tag k="ele" v="-0.0075"/>
  </node>
  <node id="2379" lat="" lon="">
    <tag k="mgrs_code" v="99XXX0-10-1"/>
    <tag k="local_x" v="-24.0227"/>
    <tag k="local_y" v="-16.7124"/>
    <tag k="ele" v="-0.0075"/>
  </node>
  <node id="2380" lat="" lon="">
    <tag k="mgrs_code" v="99XXX0-10-1"/>
    <tag k="local_x" v="-23.4465"/>
    <tag k="local_y" v="-16.8913"/>
    <tag k="ele" v="-0.0075"/>
  </node>
  <node id="2381" lat="" lon="">
    <tag k="mgrs_code" v="99XXX0-10-1"/>
    <tag k="local_x" v="-22.8567"/>
    <tag k="local_y" v="-17.0191"/>
    <tag k="ele" v="-0.0075"/>
  </node>
  <node id="2382" lat="" lon="">
    <tag k="mgrs_code" v="99XXX0-10-1"/>
    <tag k="local_x" v="-22.3221"/>
    <tag k="local_y" v="-17.0883"/>
    <tag k="ele" v="-0.0075"/>
  </node>
  <node id="2386" lat="" lon="">
    <tag k="mgrs_code" v="99XXX0-10-1"/>
    <tag k="local_x" v="-25.8327"/>
    <tag k="local_y" v="-17.9732"/>
    <tag k="ele" v="-0.0064"/>
  </node>
  <node id="2387" lat="" lon="">
    <tag k="mgrs_code" v="99XXX0-10-1"/>
    <tag k="local_x" v="-25.8814"/>
    <tag k="local_y" v="-17.5686"/>
    <tag k="ele" v="-0.0064"/>
  </node>
  <node id="2388" lat="" lon="">
    <tag k="mgrs_code" v="99XXX0-10-1"/>
    <tag k="local_x" v="-25.9519"/>
    <tag k="local_y" v="-17.2339"/>
    <tag k="ele" v="-0.0064"/>
  </node>
  <node id="2389" lat="" lon="">
    <tag k="mgrs_code" v="99XXX0-10-1"/>
    <tag k="local_x" v="-26.0511"/>
    <tag k="local_y" v="-16.9063"/>
    <tag k="ele" v="-0.0064"/>
  </node>
  <node id="2390" lat="" lon="">
    <tag k="mgrs_code" v="99XXX0-10-1"/>
    <tag k="local_x" v="-26.1782"/>
    <tag k="local_y" v="-16.5881"/>
    <tag k="ele" v="-0.0064"/>
  </node>
  <node id="2391" lat="" lon="">
    <tag k="mgrs_code" v="99XXX0-10-1"/>
    <tag k="local_x" v="-26.3324"/>
    <tag k="local_y" v="-16.2817"/>
    <tag k="ele" v="-0.0064"/>
  </node>
  <node id="2392" lat="" lon="">
    <tag k="mgrs_code" v="99XXX0-10-1"/>
    <tag k="local_x" v="-26.5125"/>
    <tag k="local_y" v="-15.9894"/>
    <tag k="ele" v="-0.0064"/>
  </node>
  <node id="2393" lat="" lon="">
    <tag k="mgrs_code" v="99XXX0-10-1"/>
    <tag k="local_x" v="-26.7174"/>
    <tag k="local_y" v="-15.7134"/>
    <tag k="ele" v="-0.0064"/>
  </node>
  <node id="2394" lat="" lon="">
    <tag k="mgrs_code" v="99XXX0-10-1"/>
    <tag k="local_x" v="-26.9455"/>
    <tag k="local_y" v="-15.4558"/>
    <tag k="ele" v="-0.0064"/>
  </node>
  <node id="2395" lat="" lon="">
    <tag k="mgrs_code" v="99XXX0-10-1"/>
    <tag k="local_x" v="-27.1952"/>
    <tag k="local_y" v="-15.2186"/>
    <tag k="ele" v="-0.0064"/>
  </node>
  <node id="2396" lat="" lon="">
    <tag k="mgrs_code" v="99XXX0-10-1"/>
    <tag k="local_x" v="-27.4646"/>
    <tag k="local_y" v="-15.0035"/>
    <tag k="ele" v="-0.0064"/>
  </node>
  <node id="2397" lat="" lon="">
    <tag k="mgrs_code" v="99XXX0-10-1"/>
    <tag k="local_x" v="-27.7518"/>
    <tag k="local_y" v="-14.8122"/>
    <tag k="ele" v="-0.0064"/>
  </node>
  <node id="2398" lat="" lon="">
    <tag k="mgrs_code" v="99XXX0-10-1"/>
    <tag k="local_x" v="-28.0548"/>
    <tag k="local_y" v="-14.6462"/>
    <tag k="ele" v="-0.0064"/>
  </node>
  <node id="2399" lat="" lon="">
    <tag k="mgrs_code" v="99XXX0-10-1"/>
    <tag k="local_x" v="-28.3712"/>
    <tag k="local_y" v="-14.5067"/>
    <tag k="ele" v="-0.0064"/>
  </node>
  <node id="2400" lat="" lon="">
    <tag k="mgrs_code" v="99XXX0-10-1"/>
    <tag k="local_x" v="-28.6987"/>
    <tag k="local_y" v="-14.3949"/>
    <tag k="ele" v="-0.0064"/>
  </node>
  <node id="2401" lat="" lon="">
    <tag k="mgrs_code" v="99XXX0-10-1"/>
    <tag k="local_x" v="-29.0351"/>
    <tag k="local_y" v="-14.3116"/>
    <tag k="ele" v="-0.0064"/>
  </node>
  <node id="2402" lat="" lon="">
    <tag k="mgrs_code" v="99XXX0-10-1"/>
    <tag k="local_x" v="-29.4403"/>
    <tag k="local_y" v="-14.2498"/>
    <tag k="ele" v="-0.0064"/>
  </node>
  <node id="2403" lat="" lon="">
    <tag k="mgrs_code" v="99XXX0-10-1"/>
    <tag k="local_x" v="-22.7981"/>
    <tag k="local_y" v="-17.5665"/>
    <tag k="ele" v="-0.0064"/>
  </node>
  <node id="2404" lat="" lon="">
    <tag k="mgrs_code" v="99XXX0-10-1"/>
    <tag k="local_x" v="-22.8751"/>
    <tag k="local_y" v="-17.0329"/>
    <tag k="ele" v="-0.0064"/>
  </node>
  <node id="2405" lat="" lon="">
    <tag k="mgrs_code" v="99XXX0-10-1"/>
    <tag k="local_x" v="-23.0106"/>
    <tag k="local_y" v="-16.4436"/>
    <tag k="ele" v="-0.0064"/>
  </node>
  <node id="2406" lat="" lon="">
    <tag k="mgrs_code" v="99XXX0-10-1"/>
    <tag k="local_x" v="-23.1963"/>
    <tag k="local_y" v="-15.8685"/>
    <tag k="ele" v="-0.0064"/>
  </node>
  <node id="2407" lat="" lon="">
    <tag k="mgrs_code" v="99XXX0-10-1"/>
    <tag k="local_x" v="-23.4306"/>
    <tag k="local_y" v="-15.3119"/>
    <tag k="ele" v="-0.0064"/>
  </node>
  <node id="2408" lat="" lon="">
    <tag k="mgrs_code" v="99XXX0-10-1"/>
    <tag k="local_x" v="-23.7118"/>
    <tag k="local_y" v="-14.7777"/>
    <tag k="ele" v="-0.0064"/>
  </node>
  <node id="2409" lat="" lon="">
    <tag k="mgrs_code" v="99XXX0-10-1"/>
    <tag k="local_x" v="-24.0377"/>
    <tag k="local_y" v="-14.2701"/>
    <tag k="ele" v="-0.0064"/>
  </node>
  <node id="2410" lat="" lon="">
    <tag k="mgrs_code" v="99XXX0-10-1"/>
    <tag k="local_x" v="-24.4059"/>
    <tag k="local_y" v="-13.7926"/>
    <tag k="ele" v="-0.0064"/>
  </node>
  <node id="2411" lat="" lon="">
    <tag k="mgrs_code" v="99XXX0-10-1"/>
    <tag k="local_x" v="-24.8136"/>
    <tag k="local_y" v="-13.3489"/>
    <tag k="ele" v="-0.0064"/>
  </node>
  <node id="2412" lat="" lon="">
    <tag k="mgrs_code" v="99XXX0-10-1"/>
    <tag k="local_x" v="-25.2577"/>
    <tag k="local_y" v="-12.9421"/>
    <tag k="ele" v="-0.0064"/>
  </node>
  <node id="2413" lat="" lon="">
    <tag k="mgrs_code" v="99XXX0-10-1"/>
    <tag k="local_x" v="-25.735"/>
    <tag k="local_y" v="-12.5753"/>
    <tag k="ele" v="-0.0064"/>
  </node>
  <node id="2414" lat="" lon="">
    <tag k="mgrs_code" v="99XXX0-10-1"/>
    <tag k="local_x" v="-26.2417"/>
    <tag k="local_y" v="-12.2511"/>
    <tag k="ele" v="-0.0064"/>
  </node>
  <node id="2415" lat="" lon="">
    <tag k="mgrs_code" v="99XXX0-10-1"/>
    <tag k="local_x" v="-26.7741"/>
    <tag k="local_y" v="-11.9719"/>
    <tag k="ele" v="-0.0064"/>
  </node>
  <node id="2416" lat="" lon="">
    <tag k="mgrs_code" v="99XXX0-10-1"/>
    <tag k="local_x" v="-27.3283"/>
    <tag k="local_y" v="-11.7396"/>
    <tag k="ele" v="-0.0064"/>
  </node>
  <node id="2417" lat="" lon="">
    <tag k="mgrs_code" v="99XXX0-10-1"/>
    <tag k="local_x" v="-27.9001"/>
    <tag k="local_y" v="-11.5561"/>
    <tag k="ele" v="-0.0064"/>
  </node>
  <node id="2418" lat="" lon="">
    <tag k="mgrs_code" v="99XXX0-10-1"/>
    <tag k="local_x" v="-28.4852"/>
    <tag k="local_y" v="-11.4225"/>
    <tag k="ele" v="-0.0064"/>
  </node>
  <node id="2419" lat="" lon="">
    <tag k="mgrs_code" v="99XXX0-10-1"/>
    <tag k="local_x" v="-29.0166"/>
    <tag k="local_y" v="-11.3476"/>
    <tag k="ele" v="-0.0064"/>
  </node>
  <node id="2423" lat="" lon="">
    <tag k="mgrs_code" v="99XXX0-10-1"/>
    <tag k="local_x" v="-28.5131"/>
    <tag k="local_y" v="-14.226"/>
    <tag k="ele" v="-0.005"/>
  </node>
  <node id="2424" lat="" lon="">
    <tag k="mgrs_code" v="99XXX0-10-1"/>
    <tag k="local_x" v="-28.9138"/>
    <tag k="local_y" v="-14.2354"/>
    <tag k="ele" v="-0.005"/>
  </node>
  <node id="2425" lat="" lon="">
    <tag k="mgrs_code" v="99XXX0-10-1"/>
    <tag k="local_x" v="-29.3145"/>
    <tag k="local_y" v="-14.2423"/>
    <tag k="ele" v="-0.005"/>
  </node>
  <node id="2426" lat="" lon="">
    <tag k="mgrs_code" v="99XXX0-10-1"/>
    <tag k="local_x" v="-28.5111"/>
    <tag k="local_y" v="-11.3316"/>
    <tag k="ele" v="-0.005"/>
  </node>
  <node id="2427" lat="" lon="">
    <tag k="mgrs_code" v="99XXX0-10-1"/>
    <tag k="local_x" v="-28.903"/>
    <tag k="local_y" v="-11.3217"/>
    <tag k="ele" v="-0.005"/>
  </node>
  <node id="2428" lat="" lon="">
    <tag k="mgrs_code" v="99XXX0-10-1"/>
    <tag k="local_x" v="-29.2949"/>
    <tag k="local_y" v="-11.3094"/>
    <tag k="ele" v="-0.005"/>
  </node>
  <node id="2441" lat="" lon="">
    <tag k="mgrs_code" v="99XXX0-1000"/>
    <tag k="local_x" v="-22.4147"/>
    <tag k="local_y" v="12.2523"/>
    <tag k="ele" v="-0.0053"/>
  </node>
  <node id="2442" lat="" lon="">
    <tag k="mgrs_code" v="99XXX0-1000"/>
    <tag k="local_x" v="-22.9949"/>
    <tag k="local_y" v="12.4188"/>
    <tag k="ele" v="-0.0053"/>
  </node>
  <node id="2443" lat="" lon="">
    <tag k="mgrs_code" v="99XXX0-1000"/>
    <tag k="local_x" v="-23.6562"/>
    <tag k="local_y" v="12.733"/>
    <tag k="ele" v="-0.0053"/>
  </node>
  <node id="2444" lat="" lon="">
    <tag k="mgrs_code" v="99XXX0-1000"/>
    <tag k="local_x" v="-24.2528"/>
    <tag k="local_y" v="13.1567"/>
    <tag k="ele" v="-0.0053"/>
  </node>
  <node id="2445" lat="" lon="">
    <tag k="mgrs_code" v="99XXX0-1000"/>
    <tag k="local_x" v="-24.7668"/>
    <tag k="local_y" v="13.677"/>
    <tag k="ele" v="-0.0053"/>
  </node>
  <node id="2446" lat="" lon="">
    <tag k="mgrs_code" v="99XXX0-1000"/>
    <tag k="local_x" v="-25.1827"/>
    <tag k="local_y" v="14.2782"/>
    <tag k="ele" v="-0.0053"/>
  </node>
  <node id="2447" lat="" lon="">
    <tag k="mgrs_code" v="99XXX0-1000"/>
    <tag k="local_x" v="-25.4881"/>
    <tag k="local_y" v="14.9419"/>
    <tag k="ele" v="-0.0053"/>
  </node>
  <node id="2448" lat="" lon="">
    <tag k="mgrs_code" v="99XXX0-1000"/>
    <tag k="local_x" v="-25.6465"/>
    <tag k="local_y" v="15.5235"/>
    <tag k="ele" v="-0.0053"/>
  </node>
  <node id="2449" lat="" lon="">
    <tag k="mgrs_code" v="99XXX0-1000"/>
    <tag k="local_x" v="-21.6332"/>
    <tag k="local_y" v="15.1122"/>
    <tag k="ele" v="-0.0053"/>
  </node>
  <node id="2450" lat="" lon="">
    <tag k="mgrs_code" v="99XXX0-1000"/>
    <tag k="local_x" v="-21.9693"/>
    <tag k="local_y" v="15.1962"/>
    <tag k="ele" v="-0.0053"/>
  </node>
  <node id="2451" lat="" lon="">
    <tag k="mgrs_code" v="99XXX0-1000"/>
    <tag k="local_x" v="-22.1673"/>
    <tag k="local_y" v="15.2873"/>
    <tag k="ele" v="-0.0053"/>
  </node>
  <node id="2452" lat="" lon="">
    <tag k="mgrs_code" v="99XXX0-1000"/>
    <tag k="local_x" v="-22.3468"/>
    <tag k="local_y" v="15.4115"/>
    <tag k="ele" v="-0.0053"/>
  </node>
  <node id="2453" lat="" lon="">
    <tag k="mgrs_code" v="99XXX0-1000"/>
    <tag k="local_x" v="-22.5023"/>
    <tag k="local_y" v="15.5652"/>
    <tag k="ele" v="-0.0053"/>
  </node>
  <node id="2454" lat="" lon="">
    <tag k="mgrs_code" v="99XXX0-1000"/>
    <tag k="local_x" v="-22.6291"/>
    <tag k="local_y" v="15.7438"/>
    <tag k="ele" v="-0.0053"/>
  </node>
  <node id="2455" lat="" lon="">
    <tag k="mgrs_code" v="99XXX0-1000"/>
    <tag k="local_x" v="-22.7232"/>
    <tag k="local_y" v="15.9419"/>
    <tag k="ele" v="-0.0053"/>
  </node>
  <node id="2456" lat="" lon="">
    <tag k="mgrs_code" v="99XXX0-1000"/>
    <tag k="local_x" v="-22.809"/>
    <tag k="local_y" v="16.2784"/>
    <tag k="ele" v="-0.0053"/>
  </node>
  <node id="2460" lat="" lon="">
    <tag k="mgrs_code" v="99XXX0-1000"/>
    <tag k="local_x" v="-25.8431"/>
    <tag k="local_y" v="15.2555"/>
    <tag k="ele" v="-0.0044"/>
  </node>
  <node id="2461" lat="" lon="">
    <tag k="mgrs_code" v="99XXX0-1000"/>
    <tag k="local_x" v="-26.0335"/>
    <tag k="local_y" v="14.6659"/>
    <tag k="ele" v="-0.0044"/>
  </node>
  <node id="2462" lat="" lon="">
    <tag k="mgrs_code" v="99XXX0-1000"/>
    <tag k="local_x" v="-26.3997"/>
    <tag k="local_y" v="13.9924"/>
    <tag k="ele" v="-0.0044"/>
  </node>
  <node id="2463" lat="" lon="">
    <tag k="mgrs_code" v="99XXX0-1000"/>
    <tag k="local_x" v="-26.8913"/>
    <tag k="local_y" v="13.4051"/>
    <tag k="ele" v="-0.0044"/>
  </node>
  <node id="2464" lat="" lon="">
    <tag k="mgrs_code" v="99XXX0-1000"/>
    <tag k="local_x" v="-27.4886"/>
    <tag k="local_y" v="12.927"/>
    <tag k="ele" v="-0.0044"/>
  </node>
  <node id="2465" lat="" lon="">
    <tag k="mgrs_code" v="99XXX0-1000"/>
    <tag k="local_x" v="-28.1678"/>
    <tag k="local_y" v="12.5767"/>
    <tag k="ele" v="-0.0044"/>
  </node>
  <node id="2466" lat="" lon="">
    <tag k="mgrs_code" v="99XXX0-1000"/>
    <tag k="local_x" v="-28.7603"/>
    <tag k="local_y" v="12.4013"/>
    <tag k="ele" v="-0.0044"/>
  </node>
  <node id="2467" lat="" lon="">
    <tag k="mgrs_code" v="99XXX0-1000"/>
    <tag k="local_x" v="-28.6957"/>
    <tag k="local_y" v="16.1195"/>
    <tag k="ele" v="-0.0044"/>
  </node>
  <node id="2468" lat="" lon="">
    <tag k="mgrs_code" v="99XXX0-1000"/>
    <tag k="local_x" v="-28.7789"/>
    <tag k="local_y" v="15.8057"/>
    <tag k="ele" v="-0.0044"/>
  </node>
  <node id="2469" lat="" lon="">
    <tag k="mgrs_code" v="99XXX0-1000"/>
    <tag k="local_x" v="-28.8594"/>
    <tag k="local_y" v="15.6476"/>
    <tag k="ele" v="-0.0044"/>
  </node>
  <node id="2470" lat="" lon="">
    <tag k="mgrs_code" v="99XXX0-1000"/>
    <tag k="local_x" v="-28.9699"/>
    <tag k="local_y" v="15.5079"/>
    <tag k="ele" v="-0.0044"/>
  </node>
  <node id="2471" lat="" lon="">
    <tag k="mgrs_code" v="99XXX0-1000"/>
    <tag k="local_x" v="-29.1065"/>
    <tag k="local_y" v="15.3924"/>
    <tag k="ele" v="-0.0044"/>
  </node>
  <node id="2472" lat="" lon="">
    <tag k="mgrs_code" v="99XXX0-1000"/>
    <tag k="local_x" v="-29.2639"/>
    <tag k="local_y" v="15.3057"/>
    <tag k="ele" v="-0.0044"/>
  </node>
  <node id="2473" lat="" lon="">
    <tag k="mgrs_code" v="99XXX0-1000"/>
    <tag k="local_x" v="-29.578"/>
    <tag k="local_y" v="15.2179"/>
    <tag k="ele" v="-0.0044"/>
  </node>
  <node id="2477" lat="" lon="">
    <tag k="mgrs_code" v="99XXX0-1000"/>
    <tag k="local_x" v="-28.7979"/>
    <tag k="local_y" v="12.2002"/>
    <tag k="ele" v="-0.006"/>
  </node>
  <node id="2478" lat="" lon="">
    <tag k="mgrs_code" v="99XXX0-1000"/>
    <tag k="local_x" v="-28.2393"/>
    <tag k="local_y" v="12.0329"/>
    <tag k="ele" v="-0.006"/>
  </node>
  <node id="2479" lat="" lon="">
    <tag k="mgrs_code" v="99XXX0-1000"/>
    <tag k="local_x" v="-27.5971"/>
    <tag k="local_y" v="11.7198"/>
    <tag k="ele" v="-0.006"/>
  </node>
  <node id="2480" lat="" lon="">
    <tag k="mgrs_code" v="99XXX0-1000"/>
    <tag k="local_x" v="-27.019"/>
    <tag k="local_y" v="11.3011"/>
    <tag k="ele" v="-0.006"/>
  </node>
  <node id="2481" lat="" lon="">
    <tag k="mgrs_code" v="99XXX0-1000"/>
    <tag k="local_x" v="-26.5222"/>
    <tag k="local_y" v="10.7893"/>
    <tag k="ele" v="-0.006"/>
  </node>
  <node id="2482" lat="" lon="">
    <tag k="mgrs_code" v="99XXX0-1000"/>
    <tag k="local_x" v="-26.1214"/>
    <tag k="local_y" v="10.2001"/>
    <tag k="ele" v="-0.006"/>
  </node>
  <node id="2483" lat="" lon="">
    <tag k="mgrs_code" v="99XXX0-1000"/>
    <tag k="local_x" v="-25.8285"/>
    <tag k="local_y" v="9.551"/>
    <tag k="ele" v="-0.006"/>
  </node>
  <node id="2484" lat="" lon="">
    <tag k="mgrs_code" v="99XXX0-1000"/>
    <tag k="local_x" v="-25.6793"/>
    <tag k="local_y" v="8.9888"/>
    <tag k="ele" v="-0.006"/>
  </node>
  <node id="2485" lat="" lon="">
    <tag k="mgrs_code" v="99XXX0-1000"/>
    <tag k="local_x" v="-29.6273"/>
    <tag k="local_y" v="9.2684"/>
    <tag k="ele" v="-0.006"/>
  </node>
  <node id="2486" lat="" lon="">
    <tag k="mgrs_code" v="99XXX0-1000"/>
    <tag k="local_x" v="-29.317"/>
    <tag k="local_y" v="9.1899"/>
    <tag k="ele" v="-0.006"/>
  </node>
  <node id="2487" lat="" lon="">
    <tag k="mgrs_code" v="99XXX0-1000"/>
    <tag k="local_x" v="-29.1456"/>
    <tag k="local_y" v="9.111"/>
    <tag k="ele" v="-0.006"/>
  </node>
  <node id="2488" lat="" lon="">
    <tag k="mgrs_code" v="99XXX0-1000"/>
    <tag k="local_x" v="-28.9899"/>
    <tag k="local_y" v="9.0033"/>
    <tag k="ele" v="-0.006"/>
  </node>
  <node id="2489" lat="" lon="">
    <tag k="mgrs_code" v="99XXX0-1000"/>
    <tag k="local_x" v="-28.8548"/>
    <tag k="local_y" v="8.87"/>
    <tag k="ele" v="-0.006"/>
  </node>
  <node id="2490" lat="" lon="">
    <tag k="mgrs_code" v="99XXX0-1000"/>
    <tag k="local_x" v="-28.7443"/>
    <tag k="local_y" v="8.7149"/>
    <tag k="ele" v="-0.006"/>
  </node>
  <node id="2491" lat="" lon="">
    <tag k="mgrs_code" v="99XXX0-1000"/>
    <tag k="local_x" v="-28.662"/>
    <tag k="local_y" v="8.5426"/>
    <tag k="ele" v="-0.006"/>
  </node>
  <node id="2492" lat="" lon="">
    <tag k="mgrs_code" v="99XXX0-1000"/>
    <tag k="local_x" v="-28.5831"/>
    <tag k="local_y" v="8.2311"/>
    <tag k="ele" v="-0.006"/>
  </node>
  <node id="2496" lat="" lon="">
    <tag k="mgrs_code" v="99XXX0-1000"/>
    <tag k="local_x" v="-25.4777"/>
    <tag k="local_y" v="9.158"/>
    <tag k="ele" v="-0.0075"/>
  </node>
  <node id="2497" lat="" lon="">
    <tag k="mgrs_code" v="99XXX0-1000"/>
    <tag k="local_x" v="-25.2673"/>
    <tag k="local_y" v="9.7667"/>
    <tag k="ele" v="-0.0075"/>
  </node>
  <node id="2498" lat="" lon="">
    <tag k="mgrs_code" v="99XXX0-1000"/>
    <tag k="local_x" v="-24.8799"/>
    <tag k="local_y" v="10.4528"/>
    <tag k="ele" v="-0.0075"/>
  </node>
  <node id="2499" lat="" lon="">
    <tag k="mgrs_code" v="99XXX0-1000"/>
    <tag k="local_x" v="-24.3679"/>
    <tag k="local_y" v="11.0476"/>
    <tag k="ele" v="-0.0075"/>
  </node>
  <node id="2500" lat="" lon="">
    <tag k="mgrs_code" v="99XXX0-1000"/>
    <tag k="local_x" v="-23.7518"/>
    <tag k="local_y" v="11.5289"/>
    <tag k="ele" v="-0.0075"/>
  </node>
  <node id="2501" lat="" lon="">
    <tag k="mgrs_code" v="99XXX0-1000"/>
    <tag k="local_x" v="-23.0562"/>
    <tag k="local_y" v="11.8792"/>
    <tag k="ele" v="-0.0075"/>
  </node>
  <node id="2502" lat="" lon="">
    <tag k="mgrs_code" v="99XXX0-1000"/>
    <tag k="local_x" v="-22.4425"/>
    <tag k="local_y" v="12.053"/>
    <tag k="ele" v="-0.0075"/>
  </node>
  <node id="2503" lat="" lon="">
    <tag k="mgrs_code" v="99XXX0-1000"/>
    <tag k="local_x" v="-22.6162"/>
    <tag k="local_y" v="8.2793"/>
    <tag k="ele" v="-0.0075"/>
  </node>
  <node id="2504" lat="" lon="">
    <tag k="mgrs_code" v="99XXX0-1000"/>
    <tag k="local_x" v="-22.5341"/>
    <tag k="local_y" v="8.6232"/>
    <tag k="ele" v="-0.0075"/>
  </node>
  <node id="2505" lat="" lon="">
    <tag k="mgrs_code" v="99XXX0-1000"/>
    <tag k="local_x" v="-22.4484"/>
    <tag k="local_y" v="8.8142"/>
    <tag k="ele" v="-0.0075"/>
  </node>
  <node id="2506" lat="" lon="">
    <tag k="mgrs_code" v="99XXX0-1000"/>
    <tag k="local_x" v="-22.3251"/>
    <tag k="local_y" v="8.9872"/>
    <tag k="ele" v="-0.0075"/>
  </node>
  <node id="2507" lat="" lon="">
    <tag k="mgrs_code" v="99XXX0-1000"/>
    <tag k="local_x" v="-22.168"/>
    <tag k="local_y" v="9.1346"/>
    <tag k="ele" v="-0.0075"/>
  </node>
  <node id="2508" lat="" lon="">
    <tag k="mgrs_code" v="99XXX0-1000"/>
    <tag k="local_x" v="-21.9825"/>
    <tag k="local_y" v="9.2498"/>
    <tag k="ele" v="-0.0075"/>
  </node>
  <node id="2509" lat="" lon="">
    <tag k="mgrs_code" v="99XXX0-1000"/>
    <tag k="local_x" v="-21.641"/>
    <tag k="local_y" v="9.3603"/>
    <tag k="ele" v="-0.0075"/>
  </node>
  <node id="2513" lat="" lon="">
    <tag k="mgrs_code" v="99XXX0-1000"/>
    <tag k="local_x" v="-21.8466"/>
    <tag k="local_y" v="12.1493"/>
    <tag k="ele" v="-0.0053"/>
  </node>
  <node id="2514" lat="" lon="">
    <tag k="mgrs_code" v="99XXX0-1000"/>
    <tag k="local_x" v="-22.2598"/>
    <tag k="local_y" v="12.0975"/>
    <tag k="ele" v="-0.0053"/>
  </node>
  <node id="2515" lat="" lon="">
    <tag k="mgrs_code" v="99XXX0-1000"/>
    <tag k="local_x" v="-22.6032"/>
    <tag k="local_y" v="12.0223"/>
    <tag k="ele" v="-0.0053"/>
  </node>
  <node id="2516" lat="" lon="">
    <tag k="mgrs_code" v="99XXX0-1000"/>
    <tag k="local_x" v="-22.9387"/>
    <tag k="local_y" v="11.9173"/>
    <tag k="ele" v="-0.0053"/>
  </node>
  <node id="2517" lat="" lon="">
    <tag k="mgrs_code" v="99XXX0-1000"/>
    <tag k="local_x" v="-23.2636"/>
    <tag k="local_y" v="11.7836"/>
    <tag k="ele" v="-0.0053"/>
  </node>
  <node id="2518" lat="" lon="">
    <tag k="mgrs_code" v="99XXX0-1000"/>
    <tag k="local_x" v="-23.5756"/>
    <tag k="local_y" v="11.6221"/>
    <tag k="ele" v="-0.0053"/>
  </node>
  <node id="2519" lat="" lon="">
    <tag k="mgrs_code" v="99XXX0-1000"/>
    <tag k="local_x" v="-23.8722"/>
    <tag k="local_y" v="11.434"/>
    <tag k="ele" v="-0.0053"/>
  </node>
  <node id="2520" lat="" lon="">
    <tag k="mgrs_code" v="99XXX0-1000"/>
    <tag k="local_x" v="-24.1512"/>
    <tag k="local_y" v="11.2208"/>
    <tag k="ele" v="-0.0053"/>
  </node>
  <node id="2521" lat="" lon="">
    <tag k="mgrs_code" v="99XXX0-1000"/>
    <tag k="local_x" v="-24.4105"/>
    <tag k="local_y" v="10.9842"/>
    <tag k="ele" v="-0.0053"/>
  </node>
  <node id="2522" lat="" lon="">
    <tag k="mgrs_code" v="99XXX0-1000"/>
    <tag k="local_x" v="-24.6481"/>
    <tag k="local_y" v="10.726"/>
    <tag k="ele" v="-0.0053"/>
  </node>
  <node id="2523" lat="" lon="">
    <tag k="mgrs_code" v="99XXX0-1000"/>
    <tag k="local_x" v="-24.8622"/>
    <tag k="local_y" v="10.4481"/>
    <tag k="ele" v="-0.0053"/>
  </node>
  <node id="2524" lat="" lon="">
    <tag k="mgrs_code" v="99XXX0-1000"/>
    <tag k="local_x" v="-25.0511"/>
    <tag k="local_y" v="10.1526"/>
    <tag k="ele" v="-0.0053"/>
  </node>
  <node id="2525" lat="" lon="">
    <tag k="mgrs_code" v="99XXX0-1000"/>
    <tag k="local_x" v="-25.2136"/>
    <tag k="local_y" v="9.8419"/>
    <tag k="ele" v="-0.0053"/>
  </node>
  <node id="2526" lat="" lon="">
    <tag k="mgrs_code" v="99XXX0-1000"/>
    <tag k="local_x" v="-25.3483"/>
    <tag k="local_y" v="9.5183"/>
    <tag k="ele" v="-0.0053"/>
  </node>
  <node id="2527" lat="" lon="">
    <tag k="mgrs_code" v="99XXX0-1000"/>
    <tag k="local_x" v="-25.4542"/>
    <tag k="local_y" v="9.1843"/>
    <tag k="ele" v="-0.0053"/>
  </node>
  <node id="2528" lat="" lon="">
    <tag k="mgrs_code" v="99XXX0-1000"/>
    <tag k="local_x" v="-25.5306"/>
    <tag k="local_y" v="8.8424"/>
    <tag k="ele" v="-0.0053"/>
  </node>
  <node id="2529" lat="" lon="">
    <tag k="mgrs_code" v="99XXX0-1000"/>
    <tag k="local_x" v="-25.5843"/>
    <tag k="local_y" v="8.4302"/>
    <tag k="ele" v="-0.0053"/>
  </node>
  <node id="2530" lat="" lon="">
    <tag k="mgrs_code" v="99XXX0-1000"/>
    <tag k="local_x" v="-22.2169"/>
    <tag k="local_y" v="15.0908"/>
    <tag k="ele" v="-0.0053"/>
  </node>
  <node id="2531" lat="" lon="">
    <tag k="mgrs_code" v="99XXX0-1000"/>
    <tag k="local_x" v="-22.7585"/>
    <tag k="local_y" v="15.0223"/>
    <tag k="ele" v="-0.0053"/>
  </node>
  <node id="2532" lat="" lon="">
    <tag k="mgrs_code" v="99XXX0-1000"/>
    <tag k="local_x" v="-23.3557"/>
    <tag k="local_y" v="14.8946"/>
    <tag k="ele" v="-0.0053"/>
  </node>
  <node id="2533" lat="" lon="">
    <tag k="mgrs_code" v="99XXX0-1000"/>
    <tag k="local_x" v="-23.9396"/>
    <tag k="local_y" v="14.7152"/>
    <tag k="ele" v="-0.0053"/>
  </node>
  <node id="2534" lat="" lon="">
    <tag k="mgrs_code" v="99XXX0-1000"/>
    <tag k="local_x" v="-24.5057"/>
    <tag k="local_y" v="14.4856"/>
    <tag k="ele" v="-0.0053"/>
  </node>
  <node id="2535" lat="" lon="">
    <tag k="mgrs_code" v="99XXX0-1000"/>
    <tag k="local_x" v="-25.0497"/>
    <tag k="local_y" v="14.2074"/>
    <tag k="ele" v="-0.0053"/>
  </node>
  <node id="2536" lat="" lon="">
    <tag k="mgrs_code" v="99XXX0-1000"/>
    <tag k="local_x" v="-25.5675"/>
    <tag k="local_y" v="13.8828"/>
    <tag k="ele" v="-0.0053"/>
  </node>
  <node id="2537" lat="" lon="">
    <tag k="mgrs_code" v="99XXX0-1000"/>
    <tag k="local_x" v="-26.055"/>
    <tag k="local_y" v="13.5142"/>
    <tag k="ele" v="-0.0053"/>
  </node>
  <node id="2538" lat="" lon="">
    <tag k="mgrs_code" v="99XXX0-1000"/>
    <tag k="local_x" v="-26.5087"/>
    <tag k="local_y" v="13.1044"/>
    <tag k="ele" v="-0.0053"/>
  </node>
  <node id="2539" lat="" lon="">
    <tag k="mgrs_code" v="99XXX0-1000"/>
    <tag k="local_x" v="-26.9249"/>
    <tag k="local_y" v="12.6566"/>
    <tag k="ele" v="-0.0053"/>
  </node>
  <node id="2540" lat="" lon="">
    <tag k="mgrs_code" v="99XXX0-1000"/>
    <tag k="local_x" v="-27.3005"/>
    <tag k="local_y" v="12.1741"/>
    <tag k="ele" v="-0.0053"/>
  </node>
  <node id="2541" lat="" lon="">
    <tag k="mgrs_code" v="99XXX0-1000"/>
    <tag k="local_x" v="-27.6327"/>
    <tag k="local_y" v="11.6605"/>
    <tag k="ele" v="-0.0053"/>
  </node>
  <node id="2542" lat="" lon="">
    <tag k="mgrs_code" v="99XXX0-1000"/>
    <tag k="local_x" v="-27.9189"/>
    <tag k="local_y" v="11.1199"/>
    <tag k="ele" v="-0.0053"/>
  </node>
  <node id="2543" lat="" lon="">
    <tag k="mgrs_code" v="99XXX0-1000"/>
    <tag k="local_x" v="-28.1569"/>
    <tag k="local_y" v="10.5563"/>
    <tag k="ele" v="-0.0053"/>
  </node>
  <node id="2544" lat="" lon="">
    <tag k="mgrs_code" v="99XXX0-1000"/>
    <tag k="local_x" v="-28.3448"/>
    <tag k="local_y" v="9.974"/>
    <tag k="ele" v="-0.0053"/>
  </node>
  <node id="2545" lat="" lon="">
    <tag k="mgrs_code" v="99XXX0-1000"/>
    <tag k="local_x" v="-28.4813"/>
    <tag k="local_y" v="9.3774"/>
    <tag k="ele" v="-0.0053"/>
  </node>
  <node id="2546" lat="" lon="">
    <tag k="mgrs_code" v="99XXX0-1000"/>
    <tag k="local_x" v="-28.5577"/>
    <tag k="local_y" v="8.8361"/>
    <tag k="ele" v="-0.0053"/>
  </node>
  <node id="2550" lat="" lon="">
    <tag k="mgrs_code" v="99XXX0-1000"/>
    <tag k="local_x" v="-25.7253"/>
    <tag k="local_y" v="16.1465"/>
    <tag k="ele" v="-0.0044"/>
  </node>
  <node id="2551" lat="" lon="">
    <tag k="mgrs_code" v="99XXX0-1000"/>
    <tag k="local_x" v="-25.6743"/>
    <tag k="local_y" v="15.7186"/>
    <tag k="ele" v="-0.0044"/>
  </node>
  <node id="2552" lat="" lon="">
    <tag k="mgrs_code" v="99XXX0-1000"/>
    <tag k="local_x" v="-25.5991"/>
    <tag k="local_y" v="15.3596"/>
    <tag k="ele" v="-0.0044"/>
  </node>
  <node id="2553" lat="" lon="">
    <tag k="mgrs_code" v="99XXX0-1000"/>
    <tag k="local_x" v="-25.493"/>
    <tag k="local_y" v="15.008"/>
    <tag k="ele" v="-0.0044"/>
  </node>
  <node id="2554" lat="" lon="">
    <tag k="mgrs_code" v="99XXX0-1000"/>
    <tag k="local_x" v="-25.3566"/>
    <tag k="local_y" v="14.6665"/>
    <tag k="ele" v="-0.0044"/>
  </node>
  <node id="2555" lat="" lon="">
    <tag k="mgrs_code" v="99XXX0-1000"/>
    <tag k="local_x" v="-25.191"/>
    <tag k="local_y" v="14.3377"/>
    <tag k="ele" v="-0.0044"/>
  </node>
  <node id="2556" lat="" lon="">
    <tag k="mgrs_code" v="99XXX0-1000"/>
    <tag k="local_x" v="-24.9973"/>
    <tag k="local_y" v="14.0241"/>
    <tag k="ele" v="-0.0044"/>
  </node>
  <node id="2557" lat="" lon="">
    <tag k="mgrs_code" v="99XXX0-1000"/>
    <tag k="local_x" v="-24.7768"/>
    <tag k="local_y" v="13.728"/>
    <tag k="ele" v="-0.0044"/>
  </node>
  <node id="2558" lat="" lon="">
    <tag k="mgrs_code" v="99XXX0-1000"/>
    <tag k="local_x" v="-24.5313"/>
    <tag k="local_y" v="13.4519"/>
    <tag k="ele" v="-0.0044"/>
  </node>
  <node id="2559" lat="" lon="">
    <tag k="mgrs_code" v="99XXX0-1000"/>
    <tag k="local_x" v="-24.2624"/>
    <tag k="local_y" v="13.1977"/>
    <tag k="ele" v="-0.0044"/>
  </node>
  <node id="2560" lat="" lon="">
    <tag k="mgrs_code" v="99XXX0-1000"/>
    <tag k="local_x" v="-23.9721"/>
    <tag k="local_y" v="12.9674"/>
    <tag k="ele" v="-0.0044"/>
  </node>
  <node id="2561" lat="" lon="">
    <tag k="mgrs_code" v="99XXX0-1000"/>
    <tag k="local_x" v="-23.6626"/>
    <tag k="local_y" v="12.763"/>
    <tag k="ele" v="-0.0044"/>
  </node>
  <node id="2562" lat="" lon="">
    <tag k="mgrs_code" v="99XXX0-1000"/>
    <tag k="local_x" v="-23.3361"/>
    <tag k="local_y" v="12.5859"/>
    <tag k="ele" v="-0.0044"/>
  </node>
  <node id="2563" lat="" lon="">
    <tag k="mgrs_code" v="99XXX0-1000"/>
    <tag k="local_x" v="-22.9951"/>
    <tag k="local_y" v="12.4375"/>
    <tag k="ele" v="-0.0044"/>
  </node>
  <node id="2564" lat="" lon="">
    <tag k="mgrs_code" v="99XXX0-1000"/>
    <tag k="local_x" v="-22.642"/>
    <tag k="local_y" v="12.3191"/>
    <tag k="ele" v="-0.0044"/>
  </node>
  <node id="2565" lat="" lon="">
    <tag k="mgrs_code" v="99XXX0-1000"/>
    <tag k="local_x" v="-22.2796"/>
    <tag k="local_y" v="12.2316"/>
    <tag k="ele" v="-0.0044"/>
  </node>
  <node id="2566" lat="" lon="">
    <tag k="mgrs_code" v="99XXX0-1000"/>
    <tag k="local_x" v="-21.8501"/>
    <tag k="local_y" v="12.1689"/>
    <tag k="ele" v="-0.0044"/>
  </node>
  <node id="2567" lat="" lon="">
    <tag k="mgrs_code" v="99XXX0-1000"/>
    <tag k="local_x" v="-28.6791"/>
    <tag k="local_y" v="15.7476"/>
    <tag k="ele" v="-0.0044"/>
  </node>
  <node id="2568" lat="" lon="">
    <tag k="mgrs_code" v="99XXX0-1000"/>
    <tag k="local_x" v="-28.5975"/>
    <tag k="local_y" v="15.1939"/>
    <tag k="ele" v="-0.0044"/>
  </node>
  <node id="2569" lat="" lon="">
    <tag k="mgrs_code" v="99XXX0-1000"/>
    <tag k="local_x" v="-28.4556"/>
    <tag k="local_y" v="14.5865"/>
    <tag k="ele" v="-0.0044"/>
  </node>
  <node id="2570" lat="" lon="">
    <tag k="mgrs_code" v="99XXX0-1000"/>
    <tag k="local_x" v="-28.2617"/>
    <tag k="local_y" v="13.9941"/>
    <tag k="ele" v="-0.0044"/>
  </node>
  <node id="2571" lat="" lon="">
    <tag k="mgrs_code" v="99XXX0-1000"/>
    <tag k="local_x" v="-28.0175"/>
    <tag k="local_y" v="13.4212"/>
    <tag k="ele" v="-0.0044"/>
  </node>
  <node id="2572" lat="" lon="">
    <tag k="mgrs_code" v="99XXX0-1000"/>
    <tag k="local_x" v="-27.7247"/>
    <tag k="local_y" v="12.8719"/>
    <tag k="ele" v="-0.0044"/>
  </node>
  <node id="2573" lat="" lon="">
    <tag k="mgrs_code" v="99XXX0-1000"/>
    <tag k="local_x" v="-27.3858"/>
    <tag k="local_y" v="12.3505"/>
    <tag k="ele" v="-0.0044"/>
  </node>
  <node id="2574" lat="" lon="">
    <tag k="mgrs_code" v="99XXX0-1000"/>
    <tag k="local_x" v="-27.0032"/>
    <tag k="local_y" v="11.8608"/>
    <tag k="ele" v="-0.0044"/>
  </node>
  <node id="2575" lat="" lon="">
    <tag k="mgrs_code" v="99XXX0-1000"/>
    <tag k="local_x" v="-26.58"/>
    <tag k="local_y" v="11.4063"/>
    <tag k="ele" v="-0.0044"/>
  </node>
  <node id="2576" lat="" lon="">
    <tag k="mgrs_code" v="99XXX0-1000"/>
    <tag k="local_x" v="-26.1194"/>
    <tag k="local_y" v="10.9906"/>
    <tag k="ele" v="-0.0044"/>
  </node>
  <node id="2577" lat="" lon="">
    <tag k="mgrs_code" v="99XXX0-1000"/>
    <tag k="local_x" v="-25.6248"/>
    <tag k="local_y" v="10.6166"/>
    <tag k="ele" v="-0.0044"/>
  </node>
  <node id="2578" lat="" lon="">
    <tag k="mgrs_code" v="99XXX0-1000"/>
    <tag k="local_x" v="-25.1001"/>
    <tag k="local_y" v="10.287"/>
    <tag k="ele" v="-0.0044"/>
  </node>
  <node id="2579" lat="" lon="">
    <tag k="mgrs_code" v="99XXX0-1000"/>
    <tag k="local_x" v="-24.5492"/>
    <tag k="local_y" v="10.0044"/>
    <tag k="ele" v="-0.0044"/>
  </node>
  <node id="2580" lat="" lon="">
    <tag k="mgrs_code" v="99XXX0-1000"/>
    <tag k="local_x" v="-23.9764"/>
    <tag k="local_y" v="9.7707"/>
    <tag k="ele" v="-0.0044"/>
  </node>
  <node id="2581" lat="" lon="">
    <tag k="mgrs_code" v="99XXX0-1000"/>
    <tag k="local_x" v="-23.3859"/>
    <tag k="local_y" v="9.5877"/>
    <tag k="ele" v="-0.0044"/>
  </node>
  <node id="2582" lat="" lon="">
    <tag k="mgrs_code" v="99XXX0-1000"/>
    <tag k="local_x" v="-22.7822"/>
    <tag k="local_y" v="9.4566"/>
    <tag k="ele" v="-0.0044"/>
  </node>
  <node id="2583" lat="" lon="">
    <tag k="mgrs_code" v="99XXX0-1000"/>
    <tag k="local_x" v="-22.2304"/>
    <tag k="local_y" v="9.3852"/>
    <tag k="ele" v="-0.0044"/>
  </node>
  <node id="2587" lat="" lon="">
    <tag k="mgrs_code" v="99XXX0-1000"/>
    <tag k="local_x" v="-29.3557"/>
    <tag k="local_y" v="12.3075"/>
    <tag k="ele" v="-0.006"/>
  </node>
  <node id="2588" lat="" lon="">
    <tag k="mgrs_code" v="99XXX0-1000"/>
    <tag k="local_x" v="-28.9341"/>
    <tag k="local_y" v="12.3547"/>
    <tag k="ele" v="-0.006"/>
  </node>
  <node id="2589" lat="" lon="">
    <tag k="mgrs_code" v="99XXX0-1000"/>
    <tag k="local_x" v="-28.5881"/>
    <tag k="local_y" v="12.4274"/>
    <tag k="ele" v="-0.006"/>
  </node>
  <node id="2590" lat="" lon="">
    <tag k="mgrs_code" v="99XXX0-1000"/>
    <tag k="local_x" v="-28.2501"/>
    <tag k="local_y" v="12.532"/>
    <tag k="ele" v="-0.006"/>
  </node>
  <node id="2591" lat="" lon="">
    <tag k="mgrs_code" v="99XXX0-1000"/>
    <tag k="local_x" v="-27.923"/>
    <tag k="local_y" v="12.6678"/>
    <tag k="ele" v="-0.006"/>
  </node>
  <node id="2592" lat="" lon="">
    <tag k="mgrs_code" v="99XXX0-1000"/>
    <tag k="local_x" v="-27.6096"/>
    <tag k="local_y" v="12.8337"/>
    <tag k="ele" v="-0.006"/>
  </node>
  <node id="2593" lat="" lon="">
    <tag k="mgrs_code" v="99XXX0-1000"/>
    <tag k="local_x" v="-27.3128"/>
    <tag k="local_y" v="13.0282"/>
    <tag k="ele" v="-0.006"/>
  </node>
  <node id="2594" lat="" lon="">
    <tag k="mgrs_code" v="99XXX0-1000"/>
    <tag k="local_x" v="-27.0351"/>
    <tag k="local_y" v="13.2498"/>
    <tag k="ele" v="-0.006"/>
  </node>
  <node id="2595" lat="" lon="">
    <tag k="mgrs_code" v="99XXX0-1000"/>
    <tag k="local_x" v="-26.779"/>
    <tag k="local_y" v="13.4965"/>
    <tag k="ele" v="-0.006"/>
  </node>
  <node id="2596" lat="" lon="">
    <tag k="mgrs_code" v="99XXX0-1000"/>
    <tag k="local_x" v="-26.5468"/>
    <tag k="local_y" v="13.7662"/>
    <tag k="ele" v="-0.006"/>
  </node>
  <node id="2597" lat="" lon="">
    <tag k="mgrs_code" v="99XXX0-1000"/>
    <tag k="local_x" v="-26.3405"/>
    <tag k="local_y" v="14.0566"/>
    <tag k="ele" v="-0.006"/>
  </node>
  <node id="2598" lat="" lon="">
    <tag k="mgrs_code" v="99XXX0-1000"/>
    <tag k="local_x" v="-26.162"/>
    <tag k="local_y" v="14.3653"/>
    <tag k="ele" v="-0.006"/>
  </node>
  <node id="2599" lat="" lon="">
    <tag k="mgrs_code" v="99XXX0-1000"/>
    <tag k="local_x" v="-26.0129"/>
    <tag k="local_y" v="14.6896"/>
    <tag k="ele" v="-0.006"/>
  </node>
  <node id="2600" lat="" lon="">
    <tag k="mgrs_code" v="99XXX0-1000"/>
    <tag k="local_x" v="-25.8945"/>
    <tag k="local_y" v="15.0267"/>
    <tag k="ele" v="-0.006"/>
  </node>
  <node id="2601" lat="" lon="">
    <tag k="mgrs_code" v="99XXX0-1000"/>
    <tag k="local_x" v="-25.8079"/>
    <tag k="local_y" v="15.3738"/>
    <tag k="ele" v="-0.006"/>
  </node>
  <node id="2602" lat="" lon="">
    <tag k="mgrs_code" v="99XXX0-1000"/>
    <tag k="local_x" v="-25.746"/>
    <tag k="local_y" v="15.7956"/>
    <tag k="ele" v="-0.006"/>
  </node>
  <node id="2603" lat="" lon="">
    <tag k="mgrs_code" v="99XXX0-1000"/>
    <tag k="local_x" v="-28.9783"/>
    <tag k="local_y" v="9.284"/>
    <tag k="ele" v="-0.006"/>
  </node>
  <node id="2604" lat="" lon="">
    <tag k="mgrs_code" v="99XXX0-1000"/>
    <tag k="local_x" v="-28.4175"/>
    <tag k="local_y" v="9.3594"/>
    <tag k="ele" v="-0.006"/>
  </node>
  <node id="2605" lat="" lon="">
    <tag k="mgrs_code" v="99XXX0-1000"/>
    <tag k="local_x" v="-27.7967"/>
    <tag k="local_y" v="9.5003"/>
    <tag k="ele" v="-0.006"/>
  </node>
  <node id="2606" lat="" lon="">
    <tag k="mgrs_code" v="99XXX0-1000"/>
    <tag k="local_x" v="-27.1921"/>
    <tag k="local_y" v="9.6983"/>
    <tag k="ele" v="-0.006"/>
  </node>
  <node id="2607" lat="" lon="">
    <tag k="mgrs_code" v="99XXX0-1000"/>
    <tag k="local_x" v="-26.6089"/>
    <tag k="local_y" v="9.9517"/>
    <tag k="ele" v="-0.006"/>
  </node>
  <node id="2608" lat="" lon="">
    <tag k="mgrs_code" v="99XXX0-1000"/>
    <tag k="local_x" v="-26.0521"/>
    <tag k="local_y" v="10.258"/>
    <tag k="ele" v="-0.006"/>
  </node>
  <node id="2609" lat="" lon="">
    <tag k="mgrs_code" v="99XXX0-1000"/>
    <tag k="local_x" v="-25.5266"/>
    <tag k="local_y" v="10.6147"/>
    <tag k="ele" v="-0.006"/>
  </node>
  <node id="2610" lat="" lon="">
    <tag k="mgrs_code" v="99XXX0-1000"/>
    <tag k="local_x" v="-25.0368"/>
    <tag k="local_y" v="11.0186"/>
    <tag k="ele" v="-0.006"/>
  </node>
  <node id="2611" lat="" lon="">
    <tag k="mgrs_code" v="99XXX0-1000"/>
    <tag k="local_x" v="-24.587"/>
    <tag k="local_y" v="11.4661"/>
    <tag k="ele" v="-0.006"/>
  </node>
  <node id="2612" lat="" lon="">
    <tag k="mgrs_code" v="99XXX0-1000"/>
    <tag k="local_x" v="-24.1811"/>
    <tag k="local_y" v="11.9533"/>
    <tag k="ele" v="-0.006"/>
  </node>
  <node id="2613" lat="" lon="">
    <tag k="mgrs_code" v="99XXX0-1000"/>
    <tag k="local_x" v="-23.8225"/>
    <tag k="local_y" v="12.4759"/>
    <tag k="ele" v="-0.006"/>
  </node>
  <node id="2614" lat="" lon="">
    <tag k="mgrs_code" v="99XXX0-1000"/>
    <tag k="local_x" v="-23.5143"/>
    <tag k="local_y" v="13.0293"/>
    <tag k="ele" v="-0.006"/>
  </node>
  <node id="2615" lat="" lon="">
    <tag k="mgrs_code" v="99XXX0-1000"/>
    <tag k="local_x" v="-23.2591"/>
    <tag k="local_y" v="13.6087"/>
    <tag k="ele" v="-0.006"/>
  </node>
  <node id="2616" lat="" lon="">
    <tag k="mgrs_code" v="99XXX0-1000"/>
    <tag k="local_x" v="-23.0591"/>
    <tag k="local_y" v="14.209"/>
    <tag k="ele" v="-0.006"/>
  </node>
  <node id="2617" lat="" lon="">
    <tag k="mgrs_code" v="99XXX0-1000"/>
    <tag k="local_x" v="-22.916"/>
    <tag k="local_y" v="14.825"/>
    <tag k="ele" v="-0.006"/>
  </node>
  <node id="2618" lat="" lon="">
    <tag k="mgrs_code" v="99XXX0-1000"/>
    <tag k="local_x" v="-22.8389"/>
    <tag k="local_y" v="15.3834"/>
    <tag k="ele" v="-0.006"/>
  </node>
  <node id="2622" lat="" lon="">
    <tag k="mgrs_code" v="99XXX0-1000"/>
    <tag k="local_x" v="-25.6017"/>
    <tag k="local_y" v="8.4475"/>
    <tag k="ele" v="-0.0075"/>
  </node>
  <node id="2623" lat="" lon="">
    <tag k="mgrs_code" v="99XXX0-1000"/>
    <tag k="local_x" v="-25.6516"/>
    <tag k="local_y" v="8.8646"/>
    <tag k="ele" v="-0.0075"/>
  </node>
  <node id="2624" lat="" lon="">
    <tag k="mgrs_code" v="99XXX0-1000"/>
    <tag k="local_x" v="-25.7251"/>
    <tag k="local_y" v="9.2123"/>
    <tag k="ele" v="-0.0075"/>
  </node>
  <node id="2625" lat="" lon="">
    <tag k="mgrs_code" v="99XXX0-1000"/>
    <tag k="local_x" v="-25.8284"/>
    <tag k="local_y" v="9.5526"/>
    <tag k="ele" v="-0.0075"/>
  </node>
  <node id="2626" lat="" lon="">
    <tag k="mgrs_code" v="99XXX0-1000"/>
    <tag k="local_x" v="-25.9608"/>
    <tag k="local_y" v="9.8828"/>
    <tag k="ele" v="-0.0075"/>
  </node>
  <node id="2627" lat="" lon="">
    <tag k="mgrs_code" v="99XXX0-1000"/>
    <tag k="local_x" v="-26.1213"/>
    <tag k="local_y" v="10.2004"/>
    <tag k="ele" v="-0.0075"/>
  </node>
  <node id="2628" lat="" lon="">
    <tag k="mgrs_code" v="99XXX0-1000"/>
    <tag k="local_x" v="-26.3088"/>
    <tag k="local_y" v="10.5032"/>
    <tag k="ele" v="-0.0075"/>
  </node>
  <node id="2629" lat="" lon="">
    <tag k="mgrs_code" v="99XXX0-1000"/>
    <tag k="local_x" v="-26.5218"/>
    <tag k="local_y" v="10.7887"/>
    <tag k="ele" v="-0.0075"/>
  </node>
  <node id="2630" lat="" lon="">
    <tag k="mgrs_code" v="99XXX0-1000"/>
    <tag k="local_x" v="-26.7588"/>
    <tag k="local_y" v="11.0549"/>
    <tag k="ele" v="-0.0075"/>
  </node>
  <node id="2631" lat="" lon="">
    <tag k="mgrs_code" v="99XXX0-1000"/>
    <tag k="local_x" v="-27.0181"/>
    <tag k="local_y" v="11.2997"/>
    <tag k="ele" v="-0.0075"/>
  </node>
  <node id="2632" lat="" lon="">
    <tag k="mgrs_code" v="99XXX0-1000"/>
    <tag k="local_x" v="-27.2977"/>
    <tag k="local_y" v="11.5212"/>
    <tag k="ele" v="-0.0075"/>
  </node>
  <node id="2633" lat="" lon="">
    <tag k="mgrs_code" v="99XXX0-1000"/>
    <tag k="local_x" v="-27.5955"/>
    <tag k="local_y" v="11.7179"/>
    <tag k="ele" v="-0.0075"/>
  </node>
  <node id="2634" lat="" lon="">
    <tag k="mgrs_code" v="99XXX0-1000"/>
    <tag k="local_x" v="-27.9093"/>
    <tag k="local_y" v="11.8882"/>
    <tag k="ele" v="-0.0075"/>
  </node>
  <node id="2635" lat="" lon="">
    <tag k="mgrs_code" v="99XXX0-1000"/>
    <tag k="local_x" v="-28.2369"/>
    <tag k="local_y" v="12.0307"/>
    <tag k="ele" v="-0.0075"/>
  </node>
  <node id="2636" lat="" lon="">
    <tag k="mgrs_code" v="99XXX0-1000"/>
    <tag k="local_x" v="-28.5757"/>
    <tag k="local_y" v="12.1445"/>
    <tag k="ele" v="-0.0075"/>
  </node>
  <node id="2637" lat="" lon="">
    <tag k="mgrs_code" v="99XXX0-1000"/>
    <tag k="local_x" v="-28.9232"/>
    <tag k="local_y" v="12.2285"/>
    <tag k="ele" v="-0.0075"/>
  </node>
  <node id="2638" lat="" lon="">
    <tag k="mgrs_code" v="99XXX0-1000"/>
    <tag k="local_x" v="-29.3398"/>
    <tag k="local_y" v="12.2901"/>
    <tag k="ele" v="-0.0075"/>
  </node>
  <node id="2639" lat="" lon="">
    <tag k="mgrs_code" v="99XXX0-1000"/>
    <tag k="local_x" v="-22.6324"/>
    <tag k="local_y" v="8.8265"/>
    <tag k="ele" v="-0.0075"/>
  </node>
  <node id="2640" lat="" lon="">
    <tag k="mgrs_code" v="99XXX0-1000"/>
    <tag k="local_x" v="-22.7053"/>
    <tag k="local_y" v="9.3711"/>
    <tag k="ele" v="-0.0075"/>
  </node>
  <node id="2641" lat="" lon="">
    <tag k="mgrs_code" v="99XXX0-1000"/>
    <tag k="local_x" v="-22.8372"/>
    <tag k="local_y" v="9.9706"/>
    <tag k="ele" v="-0.0075"/>
  </node>
  <node id="2642" lat="" lon="">
    <tag k="mgrs_code" v="99XXX0-1000"/>
    <tag k="local_x" v="-23.0204"/>
    <tag k="local_y" v="10.5564"/>
    <tag k="ele" v="-0.0075"/>
  </node>
  <node id="2643" lat="" lon="">
    <tag k="mgrs_code" v="99XXX0-1000"/>
    <tag k="local_x" v="-23.2535"/>
    <tag k="local_y" v="11.124"/>
    <tag k="ele" v="-0.0075"/>
  </node>
  <node id="2644" lat="" lon="">
    <tag k="mgrs_code" v="99XXX0-1000"/>
    <tag k="local_x" v="-23.5348"/>
    <tag k="local_y" v="11.6692"/>
    <tag k="ele" v="-0.0075"/>
  </node>
  <node id="2645" lat="" lon="">
    <tag k="mgrs_code" v="99XXX0-1000"/>
    <tag k="local_x" v="-23.862"/>
    <tag k="local_y" v="12.1879"/>
    <tag k="ele" v="-0.0075"/>
  </node>
  <node id="2646" lat="" lon="">
    <tag k="mgrs_code" v="99XXX0-1000"/>
    <tag k="local_x" v="-24.2327"/>
    <tag k="local_y" v="12.6762"/>
    <tag k="ele" v="-0.0075"/>
  </node>
  <node id="2647" lat="" lon="">
    <tag k="mgrs_code" v="99XXX0-1000"/>
    <tag k="local_x" v="-24.6442"/>
    <tag k="local_y" v="13.1306"/>
    <tag k="ele" v="-0.0075"/>
  </node>
  <node id="2648" lat="" lon="">
    <tag k="mgrs_code" v="99XXX0-1000"/>
    <tag k="local_x" v="-25.0932"/>
    <tag k="local_y" v="13.5475"/>
    <tag k="ele" v="-0.0075"/>
  </node>
  <node id="2649" lat="" lon="">
    <tag k="mgrs_code" v="99XXX0-1000"/>
    <tag k="local_x" v="-25.5765"/>
    <tag k="local_y" v="13.924"/>
    <tag k="ele" v="-0.0075"/>
  </node>
  <node id="2650" lat="" lon="">
    <tag k="mgrs_code" v="99XXX0-1000"/>
    <tag k="local_x" v="-26.0904"/>
    <tag k="local_y" v="14.2572"/>
    <tag k="ele" v="-0.0075"/>
  </node>
  <node id="2651" lat="" lon="">
    <tag k="mgrs_code" v="99XXX0-1000"/>
    <tag k="local_x" v="-26.631"/>
    <tag k="local_y" v="14.5447"/>
    <tag k="ele" v="-0.0075"/>
  </node>
  <node id="2652" lat="" lon="">
    <tag k="mgrs_code" v="99XXX0-1000"/>
    <tag k="local_x" v="-27.1944"/>
    <tag k="local_y" v="14.7842"/>
    <tag k="ele" v="-0.0075"/>
  </node>
  <node id="2653" lat="" lon="">
    <tag k="mgrs_code" v="99XXX0-1000"/>
    <tag k="local_x" v="-27.7761"/>
    <tag k="local_y" v="14.9742"/>
    <tag k="ele" v="-0.0075"/>
  </node>
  <node id="2654" lat="" lon="">
    <tag k="mgrs_code" v="99XXX0-1000"/>
    <tag k="local_x" v="-28.3719"/>
    <tag k="local_y" v="15.1131"/>
    <tag k="ele" v="-0.0075"/>
  </node>
  <node id="2655" lat="" lon="">
    <tag k="mgrs_code" v="99XXX0-1000"/>
    <tag k="local_x" v="-28.9144"/>
    <tag k="local_y" v="15.1921"/>
    <tag k="ele" v="-0.0075"/>
  </node>
  <node id="2671" lat="" lon="">
    <tag k="mgrs_code" v="99XXX0-10-1"/>
    <tag k="local_x" v="-2.1297"/>
    <tag k="local_y" v="-14.1117"/>
    <tag k="ele" v="-0.004"/>
  </node>
  <node id="2672" lat="" lon="">
    <tag k="mgrs_code" v="99XXX0-10-1"/>
    <tag k="local_x" v="-2.6906"/>
    <tag k="local_y" v="-13.9615"/>
    <tag k="ele" v="-0.004"/>
  </node>
  <node id="2673" lat="" lon="">
    <tag k="mgrs_code" v="99XXX0-10-1"/>
    <tag k="local_x" v="-3.3371"/>
    <tag k="local_y" v="-13.6662"/>
    <tag k="ele" v="-0.004"/>
  </node>
  <node id="2674" lat="" lon="">
    <tag k="mgrs_code" v="99XXX0-10-1"/>
    <tag k="local_x" v="-3.9223"/>
    <tag k="local_y" v="-13.2622"/>
    <tag k="ele" v="-0.004"/>
  </node>
  <node id="2675" lat="" lon="">
    <tag k="mgrs_code" v="99XXX0-10-1"/>
    <tag k="local_x" v="-4.4282"/>
    <tag k="local_y" v="-12.7618"/>
    <tag k="ele" v="-0.004"/>
  </node>
  <node id="2676" lat="" lon="">
    <tag k="mgrs_code" v="99XXX0-10-1"/>
    <tag k="local_x" v="-4.839"/>
    <tag k="local_y" v="-12.1804"/>
    <tag k="ele" v="-0.004"/>
  </node>
  <node id="2677" lat="" lon="">
    <tag k="mgrs_code" v="99XXX0-10-1"/>
    <tag k="local_x" v="-5.1419"/>
    <tag k="local_y" v="-11.5356"/>
    <tag k="ele" v="-0.004"/>
  </node>
  <node id="2678" lat="" lon="">
    <tag k="mgrs_code" v="99XXX0-10-1"/>
    <tag k="local_x" v="-5.2993"/>
    <tag k="local_y" v="-10.9756"/>
    <tag k="ele" v="-0.004"/>
  </node>
  <node id="2679" lat="" lon="">
    <tag k="mgrs_code" v="99XXX0-10-1"/>
    <tag k="local_x" v="-1.3821"/>
    <tag k="local_y" v="-11.254"/>
    <tag k="ele" v="-0.004"/>
  </node>
  <node id="2680" lat="" lon="">
    <tag k="mgrs_code" v="99XXX0-10-1"/>
    <tag k="local_x" v="-1.6934"/>
    <tag k="local_y" v="-11.176"/>
    <tag k="ele" v="-0.004"/>
  </node>
  <node id="2681" lat="" lon="">
    <tag k="mgrs_code" v="99XXX0-10-1"/>
    <tag k="local_x" v="-1.8659"/>
    <tag k="local_y" v="-11.094"/>
    <tag k="ele" v="-0.004"/>
  </node>
  <node id="2682" lat="" lon="">
    <tag k="mgrs_code" v="99XXX0-10-1"/>
    <tag k="local_x" v="-2.0209"/>
    <tag k="local_y" v="-10.9834"/>
    <tag k="ele" v="-0.004"/>
  </node>
  <node id="2683" lat="" lon="">
    <tag k="mgrs_code" v="99XXX0-10-1"/>
    <tag k="local_x" v="-2.154"/>
    <tag k="local_y" v="-10.8477"/>
    <tag k="ele" v="-0.004"/>
  </node>
  <node id="2684" lat="" lon="">
    <tag k="mgrs_code" v="99XXX0-10-1"/>
    <tag k="local_x" v="-2.261"/>
    <tag k="local_y" v="-10.6911"/>
    <tag k="ele" v="-0.004"/>
  </node>
  <node id="2685" lat="" lon="">
    <tag k="mgrs_code" v="99XXX0-10-1"/>
    <tag k="local_x" v="-2.3388"/>
    <tag k="local_y" v="-10.5185"/>
    <tag k="ele" v="-0.004"/>
  </node>
  <node id="2686" lat="" lon="">
    <tag k="mgrs_code" v="99XXX0-10-1"/>
    <tag k="local_x" v="-2.4133"/>
    <tag k="local_y" v="-10.2073"/>
    <tag k="ele" v="-0.004"/>
  </node>
  <node id="2690" lat="" lon="">
    <tag k="mgrs_code" v="99XXX0-10-1"/>
    <tag k="local_x" v="-5.4714"/>
    <tag k="local_y" v="-10.8898"/>
    <tag k="ele" v="-0.005"/>
  </node>
  <node id="2691" lat="" lon="">
    <tag k="mgrs_code" v="99XXX0-10-1"/>
    <tag k="local_x" v="-5.6314"/>
    <tag k="local_y" v="-11.4399"/>
    <tag k="ele" v="-0.005"/>
  </node>
  <node id="2692" lat="" lon="">
    <tag k="mgrs_code" v="99XXX0-10-1"/>
    <tag k="local_x" v="-5.9326"/>
    <tag k="local_y" v="-12.0722"/>
    <tag k="ele" v="-0.005"/>
  </node>
  <node id="2693" lat="" lon="">
    <tag k="mgrs_code" v="99XXX0-10-1"/>
    <tag k="local_x" v="-6.3378"/>
    <tag k="local_y" v="-12.6424"/>
    <tag k="ele" v="-0.005"/>
  </node>
  <node id="2694" lat="" lon="">
    <tag k="mgrs_code" v="99XXX0-10-1"/>
    <tag k="local_x" v="-6.8345"/>
    <tag k="local_y" v="-13.1335"/>
    <tag k="ele" v="-0.005"/>
  </node>
  <node id="2695" lat="" lon="">
    <tag k="mgrs_code" v="99XXX0-10-1"/>
    <tag k="local_x" v="-7.4076"/>
    <tag k="local_y" v="-13.531"/>
    <tag k="ele" v="-0.005"/>
  </node>
  <node id="2696" lat="" lon="">
    <tag k="mgrs_code" v="99XXX0-10-1"/>
    <tag k="local_x" v="-8.0398"/>
    <tag k="local_y" v="-13.8234"/>
    <tag k="ele" v="-0.005"/>
  </node>
  <node id="2697" lat="" lon="">
    <tag k="mgrs_code" v="99XXX0-10-1"/>
    <tag k="local_x" v="-8.5898"/>
    <tag k="local_y" v="-13.9743"/>
    <tag k="ele" v="-0.005"/>
  </node>
  <node id="2698" lat="" lon="">
    <tag k="mgrs_code" v="99XXX0-10-1"/>
    <tag k="local_x" v="-8.3433"/>
    <tag k="local_y" v="-10.1158"/>
    <tag k="ele" v="-0.005"/>
  </node>
  <node id="2699" lat="" lon="">
    <tag k="mgrs_code" v="99XXX0-10-1"/>
    <tag k="local_x" v="-8.4148"/>
    <tag k="local_y" v="-10.4243"/>
    <tag k="ele" v="-0.005"/>
  </node>
  <node id="2700" lat="" lon="">
    <tag k="mgrs_code" v="99XXX0-10-1"/>
    <tag k="local_x" v="-8.4894"/>
    <tag k="local_y" v="-10.5978"/>
    <tag k="ele" v="-0.005"/>
  </node>
  <node id="2701" lat="" lon="">
    <tag k="mgrs_code" v="99XXX0-10-1"/>
    <tag k="local_x" v="-8.5935"/>
    <tag k="local_y" v="-10.7566"/>
    <tag k="ele" v="-0.005"/>
  </node>
  <node id="2702" lat="" lon="">
    <tag k="mgrs_code" v="99XXX0-10-1"/>
    <tag k="local_x" v="-8.724"/>
    <tag k="local_y" v="-10.8959"/>
    <tag k="ele" v="-0.005"/>
  </node>
  <node id="2703" lat="" lon="">
    <tag k="mgrs_code" v="99XXX0-10-1"/>
    <tag k="local_x" v="-8.8774"/>
    <tag k="local_y" v="-11.0111"/>
    <tag k="ele" v="-0.005"/>
  </node>
  <node id="2704" lat="" lon="">
    <tag k="mgrs_code" v="99XXX0-10-1"/>
    <tag k="local_x" v="-9.0492"/>
    <tag k="local_y" v="-11.0986"/>
    <tag k="ele" v="-0.005"/>
  </node>
  <node id="2705" lat="" lon="">
    <tag k="mgrs_code" v="99XXX0-10-1"/>
    <tag k="local_x" v="-9.3567"/>
    <tag k="local_y" v="-11.1833"/>
    <tag k="ele" v="-0.005"/>
  </node>
  <node id="2709" lat="" lon="">
    <tag k="mgrs_code" v="99XXX0-10-1"/>
    <tag k="local_x" v="-8.8098"/>
    <tag k="local_y" v="-14.1548"/>
    <tag k="ele" v="-0.005"/>
  </node>
  <node id="2710" lat="" lon="">
    <tag k="mgrs_code" v="99XXX0-10-1"/>
    <tag k="local_x" v="-8.2201"/>
    <tag k="local_y" v="-14.3126"/>
    <tag k="ele" v="-0.005"/>
  </node>
  <node id="2711" lat="" lon="">
    <tag k="mgrs_code" v="99XXX0-10-1"/>
    <tag k="local_x" v="-7.5472"/>
    <tag k="local_y" v="-14.6192"/>
    <tag k="ele" v="-0.005"/>
  </node>
  <node id="2712" lat="" lon="">
    <tag k="mgrs_code" v="99XXX0-10-1"/>
    <tag k="local_x" v="-6.9377"/>
    <tag k="local_y" v="-15.0384"/>
    <tag k="ele" v="-0.005"/>
  </node>
  <node id="2713" lat="" lon="">
    <tag k="mgrs_code" v="99XXX0-10-1"/>
    <tag k="local_x" v="-6.4104"/>
    <tag k="local_y" v="-15.5574"/>
    <tag k="ele" v="-0.005"/>
  </node>
  <node id="2714" lat="" lon="">
    <tag k="mgrs_code" v="99XXX0-10-1"/>
    <tag k="local_x" v="-5.9815"/>
    <tag k="local_y" v="-16.1606"/>
    <tag k="ele" v="-0.005"/>
  </node>
  <node id="2715" lat="" lon="">
    <tag k="mgrs_code" v="99XXX0-10-1"/>
    <tag k="local_x" v="-5.664"/>
    <tag k="local_y" v="-16.8294"/>
    <tag k="ele" v="-0.005"/>
  </node>
  <node id="2716" lat="" lon="">
    <tag k="mgrs_code" v="99XXX0-10-1"/>
    <tag k="local_x" v="-5.4964"/>
    <tag k="local_y" v="-17.417"/>
    <tag k="ele" v="-0.005"/>
  </node>
  <node id="2717" lat="" lon="">
    <tag k="mgrs_code" v="99XXX0-10-1"/>
    <tag k="local_x" v="-9.5509"/>
    <tag k="local_y" v="-17.007"/>
    <tag k="ele" v="-0.005"/>
  </node>
  <node id="2718" lat="" lon="">
    <tag k="mgrs_code" v="99XXX0-10-1"/>
    <tag k="local_x" v="-9.2084"/>
    <tag k="local_y" v="-17.0915"/>
    <tag k="ele" v="-0.005"/>
  </node>
  <node id="2719" lat="" lon="">
    <tag k="mgrs_code" v="99XXX0-10-1"/>
    <tag k="local_x" v="-9.0056"/>
    <tag k="local_y" v="-17.1857"/>
    <tag k="ele" v="-0.005"/>
  </node>
  <node id="2720" lat="" lon="">
    <tag k="mgrs_code" v="99XXX0-10-1"/>
    <tag k="local_x" v="-8.8224"/>
    <tag k="local_y" v="-17.3138"/>
    <tag k="ele" v="-0.005"/>
  </node>
  <node id="2721" lat="" lon="">
    <tag k="mgrs_code" v="99XXX0-10-1"/>
    <tag k="local_x" v="-8.6644"/>
    <tag k="local_y" v="-17.4715"/>
    <tag k="ele" v="-0.005"/>
  </node>
  <node id="2722" lat="" lon="">
    <tag k="mgrs_code" v="99XXX0-10-1"/>
    <tag k="local_x" v="-8.5365"/>
    <tag k="local_y" v="-17.6542"/>
    <tag k="ele" v="-0.005"/>
  </node>
  <node id="2723" lat="" lon="">
    <tag k="mgrs_code" v="99XXX0-10-1"/>
    <tag k="local_x" v="-8.4424"/>
    <tag k="local_y" v="-17.8562"/>
    <tag k="ele" v="-0.005"/>
  </node>
  <node id="2724" lat="" lon="">
    <tag k="mgrs_code" v="99XXX0-10-1"/>
    <tag k="local_x" v="-8.3564"/>
    <tag k="local_y" v="-18.1978"/>
    <tag k="ele" v="-0.005"/>
  </node>
  <node id="2728" lat="" lon="">
    <tag k="mgrs_code" v="99XXX0-10-1"/>
    <tag k="local_x" v="-5.3141"/>
    <tag k="local_y" v="-17.5657"/>
    <tag k="ele" v="-0.0064"/>
  </node>
  <node id="2729" lat="" lon="">
    <tag k="mgrs_code" v="99XXX0-10-1"/>
    <tag k="local_x" v="-5.1503"/>
    <tag k="local_y" v="-16.9816"/>
    <tag k="ele" v="-0.0064"/>
  </node>
  <node id="2730" lat="" lon="">
    <tag k="mgrs_code" v="99XXX0-10-1"/>
    <tag k="local_x" v="-4.8378"/>
    <tag k="local_y" v="-16.3121"/>
    <tag k="ele" v="-0.0064"/>
  </node>
  <node id="2731" lat="" lon="">
    <tag k="mgrs_code" v="99XXX0-10-1"/>
    <tag k="local_x" v="-4.4143"/>
    <tag k="local_y" v="-15.7073"/>
    <tag k="ele" v="-0.0064"/>
  </node>
  <node id="2732" lat="" lon="">
    <tag k="mgrs_code" v="99XXX0-10-1"/>
    <tag k="local_x" v="-3.893"/>
    <tag k="local_y" v="-15.1856"/>
    <tag k="ele" v="-0.0064"/>
  </node>
  <node id="2733" lat="" lon="">
    <tag k="mgrs_code" v="99XXX0-10-1"/>
    <tag k="local_x" v="-3.2898"/>
    <tag k="local_y" v="-14.7625"/>
    <tag k="ele" v="-0.0064"/>
  </node>
  <node id="2734" lat="" lon="">
    <tag k="mgrs_code" v="99XXX0-10-1"/>
    <tag k="local_x" v="-2.6231"/>
    <tag k="local_y" v="-14.4506"/>
    <tag k="ele" v="-0.0064"/>
  </node>
  <node id="2735" lat="" lon="">
    <tag k="mgrs_code" v="99XXX0-10-1"/>
    <tag k="local_x" v="-2.0405"/>
    <tag k="local_y" v="-14.2883"/>
    <tag k="ele" v="-0.0064"/>
  </node>
  <node id="2736" lat="" lon="">
    <tag k="mgrs_code" v="99XXX0-10-1"/>
    <tag k="local_x" v="-2.3531"/>
    <tag k="local_y" v="-18.3445"/>
    <tag k="ele" v="-0.0064"/>
  </node>
  <node id="2737" lat="" lon="">
    <tag k="mgrs_code" v="99XXX0-10-1"/>
    <tag k="local_x" v="-2.2759"/>
    <tag k="local_y" v="-18.0122"/>
    <tag k="ele" v="-0.0064"/>
  </node>
  <node id="2738" lat="" lon="">
    <tag k="mgrs_code" v="99XXX0-10-1"/>
    <tag k="local_x" v="-2.1923"/>
    <tag k="local_y" v="-17.821"/>
    <tag k="ele" v="-0.0064"/>
  </node>
  <node id="2739" lat="" lon="">
    <tag k="mgrs_code" v="99XXX0-10-1"/>
    <tag k="local_x" v="-2.0765"/>
    <tag k="local_y" v="-17.6465"/>
    <tag k="ele" v="-0.0064"/>
  </node>
  <node id="2740" lat="" lon="">
    <tag k="mgrs_code" v="99XXX0-10-1"/>
    <tag k="local_x" v="-1.9317"/>
    <tag k="local_y" v="-17.4943"/>
    <tag k="ele" v="-0.0064"/>
  </node>
  <node id="2741" lat="" lon="">
    <tag k="mgrs_code" v="99XXX0-10-1"/>
    <tag k="local_x" v="-1.7622"/>
    <tag k="local_y" v="-17.3691"/>
    <tag k="ele" v="-0.0064"/>
  </node>
  <node id="2742" lat="" lon="">
    <tag k="mgrs_code" v="99XXX0-10-1"/>
    <tag k="local_x" v="-1.5729"/>
    <tag k="local_y" v="-17.2748"/>
    <tag k="ele" v="-0.0064"/>
  </node>
  <node id="2743" lat="" lon="">
    <tag k="mgrs_code" v="99XXX0-10-1"/>
    <tag k="local_x" v="-1.242"/>
    <tag k="local_y" v="-17.1853"/>
    <tag k="ele" v="-0.0064"/>
  </node>
  <node id="2747" lat="" lon="">
    <tag k="mgrs_code" v="99XXX0-10-1"/>
    <tag k="local_x" v="-5.3725"/>
    <tag k="local_y" v="-10.3623"/>
    <tag k="ele" v="-0.005"/>
  </node>
  <node id="2748" lat="" lon="">
    <tag k="mgrs_code" v="99XXX0-10-1"/>
    <tag k="local_x" v="-5.3182"/>
    <tag k="local_y" v="-10.7866"/>
    <tag k="ele" v="-0.005"/>
  </node>
  <node id="2749" lat="" lon="">
    <tag k="mgrs_code" v="99XXX0-10-1"/>
    <tag k="local_x" v="-5.2395"/>
    <tag k="local_y" v="-11.1404"/>
    <tag k="ele" v="-0.005"/>
  </node>
  <node id="2750" lat="" lon="">
    <tag k="mgrs_code" v="99XXX0-10-1"/>
    <tag k="local_x" v="-5.13"/>
    <tag k="local_y" v="-11.4858"/>
    <tag k="ele" v="-0.005"/>
  </node>
  <node id="2751" lat="" lon="">
    <tag k="mgrs_code" v="99XXX0-10-1"/>
    <tag k="local_x" v="-4.9907"/>
    <tag k="local_y" v="-11.8201"/>
    <tag k="ele" v="-0.005"/>
  </node>
  <node id="2752" lat="" lon="">
    <tag k="mgrs_code" v="99XXX0-10-1"/>
    <tag k="local_x" v="-4.8226"/>
    <tag k="local_y" v="-12.1409"/>
    <tag k="ele" v="-0.005"/>
  </node>
  <node id="2753" lat="" lon="">
    <tag k="mgrs_code" v="99XXX0-10-1"/>
    <tag k="local_x" v="-4.6271"/>
    <tag k="local_y" v="-12.4456"/>
    <tag k="ele" v="-0.005"/>
  </node>
  <node id="2754" lat="" lon="">
    <tag k="mgrs_code" v="99XXX0-10-1"/>
    <tag k="local_x" v="-4.4056"/>
    <tag k="local_y" v="-12.7319"/>
    <tag k="ele" v="-0.005"/>
  </node>
  <node id="2755" lat="" lon="">
    <tag k="mgrs_code" v="99XXX0-10-1"/>
    <tag k="local_x" v="-4.1599"/>
    <tag k="local_y" v="-12.9977"/>
    <tag k="ele" v="-0.005"/>
  </node>
  <node id="2756" lat="" lon="">
    <tag k="mgrs_code" v="99XXX0-10-1"/>
    <tag k="local_x" v="-3.8919"/>
    <tag k="local_y" v="-13.2407"/>
    <tag k="ele" v="-0.005"/>
  </node>
  <node id="2757" lat="" lon="">
    <tag k="mgrs_code" v="99XXX0-10-1"/>
    <tag k="local_x" v="-3.6037"/>
    <tag k="local_y" v="-13.4593"/>
    <tag k="ele" v="-0.005"/>
  </node>
  <node id="2758" lat="" lon="">
    <tag k="mgrs_code" v="99XXX0-10-1"/>
    <tag k="local_x" v="-3.2974"/>
    <tag k="local_y" v="-13.6516"/>
    <tag k="ele" v="-0.005"/>
  </node>
  <node id="2759" lat="" lon="">
    <tag k="mgrs_code" v="99XXX0-10-1"/>
    <tag k="local_x" v="-2.9756"/>
    <tag k="local_y" v="-13.8163"/>
    <tag k="ele" v="-0.005"/>
  </node>
  <node id="2760" lat="" lon="">
    <tag k="mgrs_code" v="99XXX0-10-1"/>
    <tag k="local_x" v="-2.6406"/>
    <tag k="local_y" v="-13.9521"/>
    <tag k="ele" v="-0.005"/>
  </node>
  <node id="2761" lat="" lon="">
    <tag k="mgrs_code" v="99XXX0-10-1"/>
    <tag k="local_x" v="-2.295"/>
    <tag k="local_y" v="-14.0579"/>
    <tag k="ele" v="-0.005"/>
  </node>
  <node id="2762" lat="" lon="">
    <tag k="mgrs_code" v="99XXX0-10-1"/>
    <tag k="local_x" v="-1.9416"/>
    <tag k="local_y" v="-14.1329"/>
    <tag k="ele" v="-0.005"/>
  </node>
  <node id="2763" lat="" lon="">
    <tag k="mgrs_code" v="99XXX0-10-1"/>
    <tag k="local_x" v="-1.5174"/>
    <tag k="local_y" v="-14.1834"/>
    <tag k="ele" v="-0.005"/>
  </node>
  <node id="2764" lat="" lon="">
    <tag k="mgrs_code" v="99XXX0-10-1"/>
    <tag k="local_x" v="-8.3223"/>
    <tag k="local_y" v="-10.7432"/>
    <tag k="ele" v="-0.005"/>
  </node>
  <node id="2765" lat="" lon="">
    <tag k="mgrs_code" v="99XXX0-10-1"/>
    <tag k="local_x" v="-8.2503"/>
    <tag k="local_y" v="-11.2971"/>
    <tag k="ele" v="-0.005"/>
  </node>
  <node id="2766" lat="" lon="">
    <tag k="mgrs_code" v="99XXX0-10-1"/>
    <tag k="local_x" v="-8.1173"/>
    <tag k="local_y" v="-11.9067"/>
    <tag k="ele" v="-0.005"/>
  </node>
  <node id="2767" lat="" lon="">
    <tag k="mgrs_code" v="99XXX0-10-1"/>
    <tag k="local_x" v="-7.9313"/>
    <tag k="local_y" v="-12.5024"/>
    <tag k="ele" v="-0.005"/>
  </node>
  <node id="2768" lat="" lon="">
    <tag k="mgrs_code" v="99XXX0-10-1"/>
    <tag k="local_x" v="-7.6937"/>
    <tag k="local_y" v="-13.0796"/>
    <tag k="ele" v="-0.005"/>
  </node>
  <node id="2769" lat="" lon="">
    <tag k="mgrs_code" v="99XXX0-10-1"/>
    <tag k="local_x" v="-7.4063"/>
    <tag k="local_y" v="-13.6337"/>
    <tag k="ele" v="-0.005"/>
  </node>
  <node id="2770" lat="" lon="">
    <tag k="mgrs_code" v="99XXX0-10-1"/>
    <tag k="local_x" v="-7.0713"/>
    <tag k="local_y" v="-14.1606"/>
    <tag k="ele" v="-0.005"/>
  </node>
  <node id="2771" lat="" lon="">
    <tag k="mgrs_code" v="99XXX0-10-1"/>
    <tag k="local_x" v="-6.6914"/>
    <tag k="local_y" v="-14.656"/>
    <tag k="ele" v="-0.005"/>
  </node>
  <node id="2772" lat="" lon="">
    <tag k="mgrs_code" v="99XXX0-10-1"/>
    <tag k="local_x" v="-6.2693"/>
    <tag k="local_y" v="-15.1163"/>
    <tag k="ele" v="-0.005"/>
  </node>
  <node id="2773" lat="" lon="">
    <tag k="mgrs_code" v="99XXX0-10-1"/>
    <tag k="local_x" v="-5.8084"/>
    <tag k="local_y" v="-15.5378"/>
    <tag k="ele" v="-0.005"/>
  </node>
  <node id="2774" lat="" lon="">
    <tag k="mgrs_code" v="99XXX0-10-1"/>
    <tag k="local_x" v="-5.3123"/>
    <tag k="local_y" v="-15.9173"/>
    <tag k="ele" v="-0.005"/>
  </node>
  <node id="2775" lat="" lon="">
    <tag k="mgrs_code" v="99XXX0-10-1"/>
    <tag k="local_x" v="-4.7846"/>
    <tag k="local_y" v="-16.2518"/>
    <tag k="ele" v="-0.005"/>
  </node>
  <node id="2776" lat="" lon="">
    <tag k="mgrs_code" v="99XXX0-10-1"/>
    <tag k="local_x" v="-4.2296"/>
    <tag k="local_y" v="-16.5387"/>
    <tag k="ele" v="-0.005"/>
  </node>
  <node id="2777" lat="" lon="">
    <tag k="mgrs_code" v="99XXX0-10-1"/>
    <tag k="local_x" v="-3.6514"/>
    <tag k="local_y" v="-16.7759"/>
    <tag k="ele" v="-0.005"/>
  </node>
  <node id="2778" lat="" lon="">
    <tag k="mgrs_code" v="99XXX0-10-1"/>
    <tag k="local_x" v="-3.0546"/>
    <tag k="local_y" v="-16.9614"/>
    <tag k="ele" v="-0.005"/>
  </node>
  <node id="2779" lat="" lon="">
    <tag k="mgrs_code" v="99XXX0-10-1"/>
    <tag k="local_x" v="-2.4437"/>
    <tag k="local_y" v="-17.0938"/>
    <tag k="ele" v="-0.005"/>
  </node>
  <node id="2780" lat="" lon="">
    <tag k="mgrs_code" v="99XXX0-10-1"/>
    <tag k="local_x" v="-1.8892"/>
    <tag k="local_y" v="-17.1654"/>
    <tag k="ele" v="-0.005"/>
  </node>
  <node id="2903" lat="" lon="">
    <tag k="mgrs_code" v="99XXX0-10-1"/>
    <tag k="local_x" v="-8.984"/>
    <tag k="local_y" v="-14.0549"/>
    <tag k="ele" v="-0.005"/>
  </node>
  <node id="2904" lat="" lon="">
    <tag k="mgrs_code" v="99XXX0-10-1"/>
    <tag k="local_x" v="-8.5596"/>
    <tag k="local_y" v="-13.9927"/>
    <tag k="ele" v="-0.005"/>
  </node>
  <node id="2905" lat="" lon="">
    <tag k="mgrs_code" v="99XXX0-10-1"/>
    <tag k="local_x" v="-8.2087"/>
    <tag k="local_y" v="-13.9064"/>
    <tag k="ele" v="-0.005"/>
  </node>
  <node id="2906" lat="" lon="">
    <tag k="mgrs_code" v="99XXX0-10-1"/>
    <tag k="local_x" v="-7.8674"/>
    <tag k="local_y" v="-13.7884"/>
    <tag k="ele" v="-0.005"/>
  </node>
  <node id="2907" lat="" lon="">
    <tag k="mgrs_code" v="99XXX0-10-1"/>
    <tag k="local_x" v="-7.5385"/>
    <tag k="local_y" v="-13.6396"/>
    <tag k="ele" v="-0.005"/>
  </node>
  <node id="2908" lat="" lon="">
    <tag k="mgrs_code" v="99XXX0-10-1"/>
    <tag k="local_x" v="-7.2246"/>
    <tag k="local_y" v="-13.4615"/>
    <tag k="ele" v="-0.005"/>
  </node>
  <node id="2909" lat="" lon="">
    <tag k="mgrs_code" v="99XXX0-10-1"/>
    <tag k="local_x" v="-6.9285"/>
    <tag k="local_y" v="-13.2553"/>
    <tag k="ele" v="-0.005"/>
  </node>
  <node id="2910" lat="" lon="">
    <tag k="mgrs_code" v="99XXX0-10-1"/>
    <tag k="local_x" v="-6.6526"/>
    <tag k="local_y" v="-13.023"/>
    <tag k="ele" v="-0.005"/>
  </node>
  <node id="2911" lat="" lon="">
    <tag k="mgrs_code" v="99XXX0-10-1"/>
    <tag k="local_x" v="-6.3992"/>
    <tag k="local_y" v="-12.7666"/>
    <tag k="ele" v="-0.005"/>
  </node>
  <node id="2912" lat="" lon="">
    <tag k="mgrs_code" v="99XXX0-10-1"/>
    <tag k="local_x" v="-6.1704"/>
    <tag k="local_y" v="-12.488"/>
    <tag k="ele" v="-0.005"/>
  </node>
  <node id="2913" lat="" lon="">
    <tag k="mgrs_code" v="99XXX0-10-1"/>
    <tag k="local_x" v="-5.9682"/>
    <tag k="local_y" v="-12.1898"/>
    <tag k="ele" v="-0.005"/>
  </node>
  <node id="2914" lat="" lon="">
    <tag k="mgrs_code" v="99XXX0-10-1"/>
    <tag k="local_x" v="-5.7942"/>
    <tag k="local_y" v="-11.8744"/>
    <tag k="ele" v="-0.005"/>
  </node>
  <node id="2915" lat="" lon="">
    <tag k="mgrs_code" v="99XXX0-10-1"/>
    <tag k="local_x" v="-5.6498"/>
    <tag k="local_y" v="-11.5446"/>
    <tag k="ele" v="-0.005"/>
  </node>
  <node id="2916" lat="" lon="">
    <tag k="mgrs_code" v="99XXX0-10-1"/>
    <tag k="local_x" v="-5.5363"/>
    <tag k="local_y" v="-11.203"/>
    <tag k="ele" v="-0.005"/>
  </node>
  <node id="2917" lat="" lon="">
    <tag k="mgrs_code" v="99XXX0-10-1"/>
    <tag k="local_x" v="-5.4546"/>
    <tag k="local_y" v="-10.8526"/>
    <tag k="ele" v="-0.005"/>
  </node>
  <node id="2918" lat="" lon="">
    <tag k="mgrs_code" v="99XXX0-10-1"/>
    <tag k="local_x" v="-5.3973"/>
    <tag k="local_y" v="-10.4283"/>
    <tag k="ele" v="-0.005"/>
  </node>
  <node id="2919" lat="" lon="">
    <tag k="mgrs_code" v="99XXX0-10-1"/>
    <tag k="local_x" v="-8.5556"/>
    <tag k="local_y" v="-16.9705"/>
    <tag k="ele" v="-0.005"/>
  </node>
  <node id="2920" lat="" lon="">
    <tag k="mgrs_code" v="99XXX0-10-1"/>
    <tag k="local_x" v="-7.9975"/>
    <tag k="local_y" v="-16.8882"/>
    <tag k="ele" v="-0.005"/>
  </node>
  <node id="2921" lat="" lon="">
    <tag k="mgrs_code" v="99XXX0-10-1"/>
    <tag k="local_x" v="-7.3831"/>
    <tag k="local_y" v="-16.7408"/>
    <tag k="ele" v="-0.005"/>
  </node>
  <node id="2922" lat="" lon="">
    <tag k="mgrs_code" v="99XXX0-10-1"/>
    <tag k="local_x" v="-6.7847"/>
    <tag k="local_y" v="-16.5377"/>
    <tag k="ele" v="-0.005"/>
  </node>
  <node id="2923" lat="" lon="">
    <tag k="mgrs_code" v="99XXX0-10-1"/>
    <tag k="local_x" v="-6.2074"/>
    <tag k="local_y" v="-16.2806"/>
    <tag k="ele" v="-0.005"/>
  </node>
  <node id="2924" lat="" lon="">
    <tag k="mgrs_code" v="99XXX0-10-1"/>
    <tag k="local_x" v="-5.6558"/>
    <tag k="local_y" v="-15.9717"/>
    <tag k="ele" v="-0.005"/>
  </node>
  <node id="2925" lat="" lon="">
    <tag k="mgrs_code" v="99XXX0-10-1"/>
    <tag k="local_x" v="-5.1348"/>
    <tag k="local_y" v="-15.6135"/>
    <tag k="ele" v="-0.005"/>
  </node>
  <node id="2926" lat="" lon="">
    <tag k="mgrs_code" v="99XXX0-10-1"/>
    <tag k="local_x" v="-4.6487"/>
    <tag k="local_y" v="-15.209"/>
    <tag k="ele" v="-0.005"/>
  </node>
  <node id="2927" lat="" lon="">
    <tag k="mgrs_code" v="99XXX0-10-1"/>
    <tag k="local_x" v="-4.2016"/>
    <tag k="local_y" v="-14.7616"/>
    <tag k="ele" v="-0.005"/>
  </node>
  <node id="2928" lat="" lon="">
    <tag k="mgrs_code" v="99XXX0-10-1"/>
    <tag k="local_x" v="-3.7973"/>
    <tag k="local_y" v="-14.275"/>
    <tag k="ele" v="-0.005"/>
  </node>
  <node id="2929" lat="" lon="">
    <tag k="mgrs_code" v="99XXX0-10-1"/>
    <tag k="local_x" v="-3.4391"/>
    <tag k="local_y" v="-13.7533"/>
    <tag k="ele" v="-0.005"/>
  </node>
  <node id="2930" lat="" lon="">
    <tag k="mgrs_code" v="99XXX0-10-1"/>
    <tag k="local_x" v="-3.1302"/>
    <tag k="local_y" v="-13.201"/>
    <tag k="ele" v="-0.005"/>
  </node>
  <node id="2931" lat="" lon="">
    <tag k="mgrs_code" v="99XXX0-10-1"/>
    <tag k="local_x" v="-2.8731"/>
    <tag k="local_y" v="-12.6225"/>
    <tag k="ele" v="-0.005"/>
  </node>
  <node id="2932" lat="" lon="">
    <tag k="mgrs_code" v="99XXX0-10-1"/>
    <tag k="local_x" v="-2.67"/>
    <tag k="local_y" v="-12.0229"/>
    <tag k="ele" v="-0.005"/>
  </node>
  <node id="2933" lat="" lon="">
    <tag k="mgrs_code" v="99XXX0-10-1"/>
    <tag k="local_x" v="-2.5227"/>
    <tag k="local_y" v="-11.407"/>
    <tag k="ele" v="-0.005"/>
  </node>
  <node id="2934" lat="" lon="">
    <tag k="mgrs_code" v="99XXX0-10-1"/>
    <tag k="local_x" v="-2.4404"/>
    <tag k="local_y" v="-10.8481"/>
    <tag k="ele" v="-0.005"/>
  </node>
  <node id="2938" lat="" lon="">
    <tag k="mgrs_code" v="99XXX0-10-1"/>
    <tag k="local_x" v="-1.5238"/>
    <tag k="local_y" v="-14.2066"/>
    <tag k="ele" v="-0.004"/>
  </node>
  <node id="2939" lat="" lon="">
    <tag k="mgrs_code" v="99XXX0-10-1"/>
    <tag k="local_x" v="-1.951"/>
    <tag k="local_y" v="-14.265"/>
    <tag k="ele" v="-0.004"/>
  </node>
  <node id="2940" lat="" lon="">
    <tag k="mgrs_code" v="99XXX0-10-1"/>
    <tag k="local_x" v="-2.3086"/>
    <tag k="local_y" v="-14.3474"/>
    <tag k="ele" v="-0.004"/>
  </node>
  <node id="2941" lat="" lon="">
    <tag k="mgrs_code" v="99XXX0-10-1"/>
    <tag k="local_x" v="-2.6576"/>
    <tag k="local_y" v="-14.4605"/>
    <tag k="ele" v="-0.004"/>
  </node>
  <node id="2942" lat="" lon="">
    <tag k="mgrs_code" v="99XXX0-10-1"/>
    <tag k="local_x" v="-2.9954"/>
    <tag k="local_y" v="-14.6035"/>
    <tag k="ele" v="-0.004"/>
  </node>
  <node id="2943" lat="" lon="">
    <tag k="mgrs_code" v="99XXX0-10-1"/>
    <tag k="local_x" v="-3.3195"/>
    <tag k="local_y" v="-14.7753"/>
    <tag k="ele" v="-0.004"/>
  </node>
  <node id="2944" lat="" lon="">
    <tag k="mgrs_code" v="99XXX0-10-1"/>
    <tag k="local_x" v="-3.6274"/>
    <tag k="local_y" v="-14.9747"/>
    <tag k="ele" v="-0.004"/>
  </node>
  <node id="2945" lat="" lon="">
    <tag k="mgrs_code" v="99XXX0-10-1"/>
    <tag k="local_x" v="-3.9168"/>
    <tag k="local_y" v="-15.2"/>
    <tag k="ele" v="-0.004"/>
  </node>
  <node id="2946" lat="" lon="">
    <tag k="mgrs_code" v="99XXX0-10-1"/>
    <tag k="local_x" v="-4.1855"/>
    <tag k="local_y" v="-15.4496"/>
    <tag k="ele" v="-0.004"/>
  </node>
  <node id="2947" lat="" lon="">
    <tag k="mgrs_code" v="99XXX0-10-1"/>
    <tag k="local_x" v="-4.4314"/>
    <tag k="local_y" v="-15.7216"/>
    <tag k="ele" v="-0.004"/>
  </node>
  <node id="2948" lat="" lon="">
    <tag k="mgrs_code" v="99XXX0-10-1"/>
    <tag k="local_x" v="-4.6527"/>
    <tag k="local_y" v="-16.014"/>
    <tag k="ele" v="-0.004"/>
  </node>
  <node id="2949" lat="" lon="">
    <tag k="mgrs_code" v="99XXX0-10-1"/>
    <tag k="local_x" v="-4.8478"/>
    <tag k="local_y" v="-16.3244"/>
    <tag k="ele" v="-0.004"/>
  </node>
  <node id="2950" lat="" lon="">
    <tag k="mgrs_code" v="99XXX0-10-1"/>
    <tag k="local_x" v="-5.0151"/>
    <tag k="local_y" v="-16.6506"/>
    <tag k="ele" v="-0.004"/>
  </node>
  <node id="2951" lat="" lon="">
    <tag k="mgrs_code" v="99XXX0-10-1"/>
    <tag k="local_x" v="-5.1534"/>
    <tag k="local_y" v="-16.9901"/>
    <tag k="ele" v="-0.004"/>
  </node>
  <node id="2952" lat="" lon="">
    <tag k="mgrs_code" v="99XXX0-10-1"/>
    <tag k="local_x" v="-5.2616"/>
    <tag k="local_y" v="-17.3403"/>
    <tag k="ele" v="-0.004"/>
  </node>
  <node id="2953" lat="" lon="">
    <tag k="mgrs_code" v="99XXX0-10-1"/>
    <tag k="local_x" v="-5.339"/>
    <tag k="local_y" v="-17.6986"/>
    <tag k="ele" v="-0.004"/>
  </node>
  <node id="2954" lat="" lon="">
    <tag k="mgrs_code" v="99XXX0-10-1"/>
    <tag k="local_x" v="-5.3917"/>
    <tag k="local_y" v="-18.1264"/>
    <tag k="ele" v="-0.004"/>
  </node>
  <node id="2955" lat="" lon="">
    <tag k="mgrs_code" v="99XXX0-10-1"/>
    <tag k="local_x" v="-1.9313"/>
    <tag k="local_y" v="-11.2809"/>
    <tag k="ele" v="-0.004"/>
  </node>
  <node id="2956" lat="" lon="">
    <tag k="mgrs_code" v="99XXX0-10-1"/>
    <tag k="local_x" v="-2.4855"/>
    <tag k="local_y" v="-11.3592"/>
    <tag k="ele" v="-0.004"/>
  </node>
  <node id="2957" lat="" lon="">
    <tag k="mgrs_code" v="99XXX0-10-1"/>
    <tag k="local_x" v="-3.0939"/>
    <tag k="local_y" v="-11.4984"/>
    <tag k="ele" v="-0.004"/>
  </node>
  <node id="2958" lat="" lon="">
    <tag k="mgrs_code" v="99XXX0-10-1"/>
    <tag k="local_x" v="-3.6879"/>
    <tag k="local_y" v="-11.6899"/>
    <tag k="ele" v="-0.004"/>
  </node>
  <node id="2959" lat="" lon="">
    <tag k="mgrs_code" v="99XXX0-10-1"/>
    <tag k="local_x" v="-4.263"/>
    <tag k="local_y" v="-11.9324"/>
    <tag k="ele" v="-0.004"/>
  </node>
  <node id="2960" lat="" lon="">
    <tag k="mgrs_code" v="99XXX0-10-1"/>
    <tag k="local_x" v="-4.8148"/>
    <tag k="local_y" v="-12.2239"/>
    <tag k="ele" v="-0.004"/>
  </node>
  <node id="2961" lat="" lon="">
    <tag k="mgrs_code" v="99XXX0-10-1"/>
    <tag k="local_x" v="-5.3393"/>
    <tag k="local_y" v="-12.5624"/>
    <tag k="ele" v="-0.004"/>
  </node>
  <node id="2962" lat="" lon="">
    <tag k="mgrs_code" v="99XXX0-10-1"/>
    <tag k="local_x" v="-5.8323"/>
    <tag k="local_y" v="-12.9452"/>
    <tag k="ele" v="-0.004"/>
  </node>
  <node id="2963" lat="" lon="">
    <tag k="mgrs_code" v="99XXX0-10-1"/>
    <tag k="local_x" v="-6.2903"/>
    <tag k="local_y" v="-13.3694"/>
    <tag k="ele" v="-0.004"/>
  </node>
  <node id="2964" lat="" lon="">
    <tag k="mgrs_code" v="99XXX0-10-1"/>
    <tag k="local_x" v="-6.7096"/>
    <tag k="local_y" v="-13.8319"/>
    <tag k="ele" v="-0.004"/>
  </node>
  <node id="2965" lat="" lon="">
    <tag k="mgrs_code" v="99XXX0-10-1"/>
    <tag k="local_x" v="-7.0872"/>
    <tag k="local_y" v="-14.3291"/>
    <tag k="ele" v="-0.004"/>
  </node>
  <node id="2966" lat="" lon="">
    <tag k="mgrs_code" v="99XXX0-10-1"/>
    <tag k="local_x" v="-7.4201"/>
    <tag k="local_y" v="-14.8572"/>
    <tag k="ele" v="-0.004"/>
  </node>
  <node id="2967" lat="" lon="">
    <tag k="mgrs_code" v="99XXX0-10-1"/>
    <tag k="local_x" v="-7.7058"/>
    <tag k="local_y" v="-15.4124"/>
    <tag k="ele" v="-0.004"/>
  </node>
  <node id="2968" lat="" lon="">
    <tag k="mgrs_code" v="99XXX0-10-1"/>
    <tag k="local_x" v="-7.9422"/>
    <tag k="local_y" v="-15.9903"/>
    <tag k="ele" v="-0.004"/>
  </node>
  <node id="2969" lat="" lon="">
    <tag k="mgrs_code" v="99XXX0-10-1"/>
    <tag k="local_x" v="-8.1275"/>
    <tag k="local_y" v="-16.5866"/>
    <tag k="ele" v="-0.004"/>
  </node>
  <node id="2970" lat="" lon="">
    <tag k="mgrs_code" v="99XXX0-10-1"/>
    <tag k="local_x" v="-8.2602"/>
    <tag k="local_y" v="-17.1967"/>
    <tag k="ele" v="-0.004"/>
  </node>
  <node id="2971" lat="" lon="">
    <tag k="mgrs_code" v="99XXX0-10-1"/>
    <tag k="local_x" v="-8.3327"/>
    <tag k="local_y" v="-17.752"/>
    <tag k="ele" v="-0.004"/>
  </node>
  <node id="2975" lat="" lon="">
    <tag k="mgrs_code" v="99XXX0-10-1"/>
    <tag k="local_x" v="-5.4141"/>
    <tag k="local_y" v="-18.0107"/>
    <tag k="ele" v="-0.0064"/>
  </node>
  <node id="2976" lat="" lon="">
    <tag k="mgrs_code" v="99XXX0-10-1"/>
    <tag k="local_x" v="-5.4657"/>
    <tag k="local_y" v="-17.5816"/>
    <tag k="ele" v="-0.0064"/>
  </node>
  <node id="2977" lat="" lon="">
    <tag k="mgrs_code" v="99XXX0-10-1"/>
    <tag k="local_x" v="-5.5414"/>
    <tag k="local_y" v="-17.2238"/>
    <tag k="ele" v="-0.0064"/>
  </node>
  <node id="2978" lat="" lon="">
    <tag k="mgrs_code" v="99XXX0-10-1"/>
    <tag k="local_x" v="-5.6482"/>
    <tag k="local_y" v="-16.8736"/>
    <tag k="ele" v="-0.0064"/>
  </node>
  <node id="2979" lat="" lon="">
    <tag k="mgrs_code" v="99XXX0-10-1"/>
    <tag k="local_x" v="-5.7854"/>
    <tag k="local_y" v="-16.5336"/>
    <tag k="ele" v="-0.0064"/>
  </node>
  <node id="2980" lat="" lon="">
    <tag k="mgrs_code" v="99XXX0-10-1"/>
    <tag k="local_x" v="-5.952"/>
    <tag k="local_y" v="-16.2066"/>
    <tag k="ele" v="-0.0064"/>
  </node>
  <node id="2981" lat="" lon="">
    <tag k="mgrs_code" v="99XXX0-10-1"/>
    <tag k="local_x" v="-6.1467"/>
    <tag k="local_y" v="-15.8949"/>
    <tag k="ele" v="-0.0064"/>
  </node>
  <node id="2982" lat="" lon="">
    <tag k="mgrs_code" v="99XXX0-10-1"/>
    <tag k="local_x" v="-6.3683"/>
    <tag k="local_y" v="-15.6011"/>
    <tag k="ele" v="-0.0064"/>
  </node>
  <node id="2983" lat="" lon="">
    <tag k="mgrs_code" v="99XXX0-10-1"/>
    <tag k="local_x" v="-6.615"/>
    <tag k="local_y" v="-15.3274"/>
    <tag k="ele" v="-0.0064"/>
  </node>
  <node id="2984" lat="" lon="">
    <tag k="mgrs_code" v="99XXX0-10-1"/>
    <tag k="local_x" v="-6.885"/>
    <tag k="local_y" v="-15.0761"/>
    <tag k="ele" v="-0.0064"/>
  </node>
  <node id="2985" lat="" lon="">
    <tag k="mgrs_code" v="99XXX0-10-1"/>
    <tag k="local_x" v="-7.1763"/>
    <tag k="local_y" v="-14.849"/>
    <tag k="ele" v="-0.0064"/>
  </node>
  <node id="2986" lat="" lon="">
    <tag k="mgrs_code" v="99XXX0-10-1"/>
    <tag k="local_x" v="-7.4867"/>
    <tag k="local_y" v="-14.648"/>
    <tag k="ele" v="-0.0064"/>
  </node>
  <node id="2987" lat="" lon="">
    <tag k="mgrs_code" v="99XXX0-10-1"/>
    <tag k="local_x" v="-7.8139"/>
    <tag k="local_y" v="-14.4747"/>
    <tag k="ele" v="-0.0064"/>
  </node>
  <node id="2988" lat="" lon="">
    <tag k="mgrs_code" v="99XXX0-10-1"/>
    <tag k="local_x" v="-8.1554"/>
    <tag k="local_y" v="-14.3305"/>
    <tag k="ele" v="-0.0064"/>
  </node>
  <node id="2989" lat="" lon="">
    <tag k="mgrs_code" v="99XXX0-10-1"/>
    <tag k="local_x" v="-8.5086"/>
    <tag k="local_y" v="-14.2166"/>
    <tag k="ele" v="-0.0064"/>
  </node>
  <node id="2990" lat="" lon="">
    <tag k="mgrs_code" v="99XXX0-10-1"/>
    <tag k="local_x" v="-8.8709"/>
    <tag k="local_y" v="-14.1338"/>
    <tag k="ele" v="-0.0064"/>
  </node>
  <node id="2991" lat="" lon="">
    <tag k="mgrs_code" v="99XXX0-10-1"/>
    <tag k="local_x" v="-9.3025"/>
    <tag k="local_y" v="-14.0766"/>
    <tag k="ele" v="-0.0064"/>
  </node>
  <node id="2992" lat="" lon="">
    <tag k="mgrs_code" v="99XXX0-10-1"/>
    <tag k="local_x" v="-2.3804"/>
    <tag k="local_y" v="-17.5979"/>
    <tag k="ele" v="-0.0064"/>
  </node>
  <node id="2993" lat="" lon="">
    <tag k="mgrs_code" v="99XXX0-10-1"/>
    <tag k="local_x" v="-2.4632"/>
    <tag k="local_y" v="-17.0384"/>
    <tag k="ele" v="-0.0064"/>
  </node>
  <node id="2994" lat="" lon="">
    <tag k="mgrs_code" v="99XXX0-10-1"/>
    <tag k="local_x" v="-2.608"/>
    <tag k="local_y" v="-16.423"/>
    <tag k="ele" v="-0.0064"/>
  </node>
  <node id="2995" lat="" lon="">
    <tag k="mgrs_code" v="99XXX0-10-1"/>
    <tag k="local_x" v="-2.8058"/>
    <tag k="local_y" v="-15.8231"/>
    <tag k="ele" v="-0.0064"/>
  </node>
  <node id="2996" lat="" lon="">
    <tag k="mgrs_code" v="99XXX0-10-1"/>
    <tag k="local_x" v="-3.0551"/>
    <tag k="local_y" v="-15.2432"/>
    <tag k="ele" v="-0.0064"/>
  </node>
  <node id="2997" lat="" lon="">
    <tag k="mgrs_code" v="99XXX0-10-1"/>
    <tag k="local_x" v="-3.3539"/>
    <tag k="local_y" v="-14.6877"/>
    <tag k="ele" v="-0.0064"/>
  </node>
  <node id="2998" lat="" lon="">
    <tag k="mgrs_code" v="99XXX0-10-1"/>
    <tag k="local_x" v="-3.6999"/>
    <tag k="local_y" v="-14.1609"/>
    <tag k="ele" v="-0.0064"/>
  </node>
  <node id="2999" lat="" lon="">
    <tag k="mgrs_code" v="99XXX0-10-1"/>
    <tag k="local_x" v="-4.0903"/>
    <tag k="local_y" v="-13.6666"/>
    <tag k="ele" v="-0.0064"/>
  </node>
  <node id="3000" lat="" lon="">
    <tag k="mgrs_code" v="99XXX0-10-1"/>
    <tag k="local_x" v="-4.5222"/>
    <tag k="local_y" v="-13.2087"/>
    <tag k="ele" v="-0.0064"/>
  </node>
  <node id="3001" lat="" lon="">
    <tag k="mgrs_code" v="99XXX0-10-1"/>
    <tag k="local_x" v="-4.992"/>
    <tag k="local_y" v="-12.7906"/>
    <tag k="ele" v="-0.0064"/>
  </node>
  <node id="3002" lat="" lon="">
    <tag k="mgrs_code" v="99XXX0-10-1"/>
    <tag k="local_x" v="-5.4962"/>
    <tag k="local_y" v="-12.4155"/>
    <tag k="ele" v="-0.0064"/>
  </node>
  <node id="3003" lat="" lon="">
    <tag k="mgrs_code" v="99XXX0-10-1"/>
    <tag k="local_x" v="-6.0309"/>
    <tag k="local_y" v="-12.086"/>
    <tag k="ele" v="-0.0064"/>
  </node>
  <node id="3004" lat="" lon="">
    <tag k="mgrs_code" v="99XXX0-10-1"/>
    <tag k="local_x" v="-6.5919"/>
    <tag k="local_y" v="-11.8048"/>
    <tag k="ele" v="-0.0064"/>
  </node>
  <node id="3005" lat="" lon="">
    <tag k="mgrs_code" v="99XXX0-10-1"/>
    <tag k="local_x" v="-7.175"/>
    <tag k="local_y" v="-11.5739"/>
    <tag k="ele" v="-0.0064"/>
  </node>
  <node id="3006" lat="" lon="">
    <tag k="mgrs_code" v="99XXX0-10-1"/>
    <tag k="local_x" v="-7.7755"/>
    <tag k="local_y" v="-11.3949"/>
    <tag k="ele" v="-0.0064"/>
  </node>
  <node id="3007" lat="" lon="">
    <tag k="mgrs_code" v="99XXX0-10-1"/>
    <tag k="local_x" v="-8.389"/>
    <tag k="local_y" v="-11.2692"/>
    <tag k="ele" v="-0.0064"/>
  </node>
  <node id="3008" lat="" lon="">
    <tag k="mgrs_code" v="99XXX0-10-1"/>
    <tag k="local_x" v="-8.9476"/>
    <tag k="local_y" v="-11.2041"/>
    <tag k="ele" v="-0.0064"/>
  </node>
  <node id="3018" lat="" lon="">
    <tag k="mgrs_code" v="99XXX0-10-1"/>
    <tag k="local_x" v="-5.426"/>
    <tag k="local_y" v="-12.7893"/>
    <tag k="ele" v="-0.0077"/>
  </node>
  <node id="3019" lat="" lon="">
    <tag k="mgrs_code" v="99XXX0-10-1"/>
    <tag k="local_x" v="-5.4195"/>
    <tag k="local_y" v="-12.3479"/>
    <tag k="ele" v="-0.0077"/>
  </node>
  <node id="3020" lat="" lon="">
    <tag k="mgrs_code" v="99XXX0-10-1"/>
    <tag k="local_x" v="-5.4126"/>
    <tag k="local_y" v="-11.9057"/>
    <tag k="ele" v="-0.0077"/>
  </node>
  <node id="3021" lat="" lon="">
    <tag k="mgrs_code" v="99XXX0-10-1"/>
    <tag k="local_x" v="-5.4051"/>
    <tag k="local_y" v="-11.4635"/>
    <tag k="ele" v="-0.0077"/>
  </node>
  <node id="3022" lat="" lon="">
    <tag k="mgrs_code" v="99XXX0-10-1"/>
    <tag k="local_x" v="-5.3973"/>
    <tag k="local_y" v="-11.0214"/>
    <tag k="ele" v="-0.0077"/>
  </node>
  <node id="3023" lat="" lon="">
    <tag k="mgrs_code" v="99XXX0-10-1"/>
    <tag k="local_x" v="-5.3889"/>
    <tag k="local_y" v="-10.58"/>
    <tag k="ele" v="-0.0077"/>
  </node>
  <node id="3024" lat="" lon="">
    <tag k="mgrs_code" v="99XXX0-10-1"/>
    <tag k="local_x" v="-2.3643"/>
    <tag k="local_y" v="-12.782"/>
    <tag k="ele" v="-0.0077"/>
  </node>
  <node id="3025" lat="" lon="">
    <tag k="mgrs_code" v="99XXX0-10-1"/>
    <tag k="local_x" v="-2.3728"/>
    <tag k="local_y" v="-12.3423"/>
    <tag k="ele" v="-0.0077"/>
  </node>
  <node id="3026" lat="" lon="">
    <tag k="mgrs_code" v="99XXX0-10-1"/>
    <tag k="local_x" v="-2.3809"/>
    <tag k="local_y" v="-11.9034"/>
    <tag k="ele" v="-0.0077"/>
  </node>
  <node id="3027" lat="" lon="">
    <tag k="mgrs_code" v="99XXX0-10-1"/>
    <tag k="local_x" v="-2.3885"/>
    <tag k="local_y" v="-11.4644"/>
    <tag k="ele" v="-0.0077"/>
  </node>
  <node id="3028" lat="" lon="">
    <tag k="mgrs_code" v="99XXX0-10-1"/>
    <tag k="local_x" v="-2.3957"/>
    <tag k="local_y" v="-11.0254"/>
    <tag k="ele" v="-0.0077"/>
  </node>
  <node id="3029" lat="" lon="">
    <tag k="mgrs_code" v="99XXX0-10-1"/>
    <tag k="local_x" v="-2.4024"/>
    <tag k="local_y" v="-10.5856"/>
    <tag k="ele" v="-0.0077"/>
  </node>
  <node id="3033" lat="" lon="">
    <tag k="mgrs_code" v="99XXX0-10-1"/>
    <tag k="local_x" v="-5.3967"/>
    <tag k="local_y" v="-14.9338"/>
    <tag k="ele" v="-0.0047"/>
  </node>
  <node id="3034" lat="" lon="">
    <tag k="mgrs_code" v="99XXX0-10-1"/>
    <tag k="local_x" v="-5.3983"/>
    <tag k="local_y" v="-15.3864"/>
    <tag k="ele" v="-0.0047"/>
  </node>
  <node id="3035" lat="" lon="">
    <tag k="mgrs_code" v="99XXX0-10-1"/>
    <tag k="local_x" v="-5.3996"/>
    <tag k="local_y" v="-15.8384"/>
    <tag k="ele" v="-0.0047"/>
  </node>
  <node id="3036" lat="" lon="">
    <tag k="mgrs_code" v="99XXX0-10-1"/>
    <tag k="local_x" v="-5.4006"/>
    <tag k="local_y" v="-16.2904"/>
    <tag k="ele" v="-0.0047"/>
  </node>
  <node id="3037" lat="" lon="">
    <tag k="mgrs_code" v="99XXX0-10-1"/>
    <tag k="local_x" v="-5.4011"/>
    <tag k="local_y" v="-16.7424"/>
    <tag k="ele" v="-0.0047"/>
  </node>
  <node id="3038" lat="" lon="">
    <tag k="mgrs_code" v="99XXX0-10-1"/>
    <tag k="local_x" v="-5.4013"/>
    <tag k="local_y" v="-17.1944"/>
    <tag k="ele" v="-0.0047"/>
  </node>
  <node id="3039" lat="" lon="">
    <tag k="mgrs_code" v="99XXX0-10-1"/>
    <tag k="local_x" v="-5.4011"/>
    <tag k="local_y" v="-17.6464"/>
    <tag k="ele" v="-0.0047"/>
  </node>
  <node id="3040" lat="" lon="">
    <tag k="mgrs_code" v="99XXX0-10-1"/>
    <tag k="local_x" v="-5.4006"/>
    <tag k="local_y" v="-18.099"/>
    <tag k="ele" v="-0.0047"/>
  </node>
  <node id="3041" lat="" lon="">
    <tag k="mgrs_code" v="99XXX0-10-1"/>
    <tag k="local_x" v="-8.371"/>
    <tag k="local_y" v="-14.9274"/>
    <tag k="ele" v="-0.0047"/>
  </node>
  <node id="3042" lat="" lon="">
    <tag k="mgrs_code" v="99XXX0-10-1"/>
    <tag k="local_x" v="-8.3713"/>
    <tag k="local_y" v="-15.3812"/>
    <tag k="ele" v="-0.0047"/>
  </node>
  <node id="3043" lat="" lon="">
    <tag k="mgrs_code" v="99XXX0-10-1"/>
    <tag k="local_x" v="-8.3712"/>
    <tag k="local_y" v="-15.8356"/>
    <tag k="ele" v="-0.0047"/>
  </node>
  <node id="3044" lat="" lon="">
    <tag k="mgrs_code" v="99XXX0-10-1"/>
    <tag k="local_x" v="-8.3708"/>
    <tag k="local_y" v="-16.2901"/>
    <tag k="ele" v="-0.0047"/>
  </node>
  <node id="3045" lat="" lon="">
    <tag k="mgrs_code" v="99XXX0-10-1"/>
    <tag k="local_x" v="-8.3699"/>
    <tag k="local_y" v="-16.7445"/>
    <tag k="ele" v="-0.0047"/>
  </node>
  <node id="3046" lat="" lon="">
    <tag k="mgrs_code" v="99XXX0-10-1"/>
    <tag k="local_x" v="-8.3687"/>
    <tag k="local_y" v="-17.1989"/>
    <tag k="ele" v="-0.0047"/>
  </node>
  <node id="3047" lat="" lon="">
    <tag k="mgrs_code" v="99XXX0-10-1"/>
    <tag k="local_x" v="-8.3672"/>
    <tag k="local_y" v="-17.6533"/>
    <tag k="ele" v="-0.0047"/>
  </node>
  <node id="3048" lat="" lon="">
    <tag k="mgrs_code" v="99XXX0-10-1"/>
    <tag k="local_x" v="-8.3652"/>
    <tag k="local_y" v="-18.1072"/>
    <tag k="ele" v="-0.0047"/>
  </node>
  <node id="3115" lat="" lon="">
    <tag k="mgrs_code" v="99XXX000000"/>
    <tag k="local_x" v="3.6028"/>
    <tag k="local_y" v="16.6972"/>
    <tag k="ele" v="-0.01"/>
  </node>
  <node id="3118" lat="" lon="">
    <tag k="mgrs_code" v="99XXX0-1000"/>
    <tag k="local_x" v="-1.657"/>
    <tag k="local_y" v="14.0958"/>
    <tag k="ele" v="-0.01"/>
  </node>
  <node id="3410" lat="" lon="">
    <tag k="mgrs_code" v="99XXX0-1000"/>
    <tag k="local_x" v="-1.9407"/>
    <tag k="local_y" v="14.6451"/>
    <tag k="ele" v="-0.01"/>
  </node>
  <node id="3411" lat="" lon="">
    <tag k="mgrs_code" v="99XXX0-1000"/>
    <tag k="local_x" v="-2.0898"/>
    <tag k="local_y" v="14.9194"/>
    <tag k="ele" v="-0.01"/>
  </node>
  <node id="3412" lat="" lon="">
    <tag k="mgrs_code" v="99XXX0-1000"/>
    <tag k="local_x" v="-2.2105"/>
    <tag k="local_y" v="15.141"/>
    <tag k="ele" v="-0.01"/>
  </node>
  <node id="3413" lat="" lon="">
    <tag k="mgrs_code" v="99XXX0-1000"/>
    <tag k="local_x" v="-2.3734"/>
    <tag k="local_y" v="15.3507"/>
    <tag k="ele" v="-0.01"/>
  </node>
  <node id="3414" lat="" lon="">
    <tag k="mgrs_code" v="99XXX0-1000"/>
    <tag k="local_x" v="-2.5514"/>
    <tag k="local_y" v="15.5472"/>
    <tag k="ele" v="-0.01"/>
  </node>
  <node id="3415" lat="" lon="">
    <tag k="mgrs_code" v="99XXX0-1000"/>
    <tag k="local_x" v="-2.7436"/>
    <tag k="local_y" v="15.7296"/>
    <tag k="ele" v="-0.01"/>
  </node>
  <node id="3416" lat="" lon="">
    <tag k="mgrs_code" v="99XXX0-1000"/>
    <tag k="local_x" v="-2.9488"/>
    <tag k="local_y" v="15.8968"/>
    <tag k="ele" v="-0.01"/>
  </node>
  <node id="3417" lat="" lon="">
    <tag k="mgrs_code" v="99XXX0-1000"/>
    <tag k="local_x" v="-3.1659"/>
    <tag k="local_y" v="16.0479"/>
    <tag k="ele" v="-0.01"/>
  </node>
  <node id="3418" lat="" lon="">
    <tag k="mgrs_code" v="99XXX0-1000"/>
    <tag k="local_x" v="-3.3934"/>
    <tag k="local_y" v="16.1821"/>
    <tag k="ele" v="-0.01"/>
  </node>
  <node id="3433" lat="" lon="">
    <tag k="mgrs_code" v="99XXX000000"/>
    <tag k="local_x" v="3.3103"/>
    <tag k="local_y" v="17.4047"/>
    <tag k="ele" v="-0.01"/>
  </node>
  <node id="3434" lat="" lon="">
    <tag k="mgrs_code" v="99XXX000000"/>
    <tag k="local_x" v="3.025"/>
    <tag k="local_y" v="17.9332"/>
    <tag k="ele" v="-0.01"/>
  </node>
  <node id="3435" lat="" lon="">
    <tag k="mgrs_code" v="99XXX000000"/>
    <tag k="local_x" v="2.6421"/>
    <tag k="local_y" v="18.5338"/>
    <tag k="ele" v="-0.01"/>
  </node>
  <node id="3436" lat="" lon="">
    <tag k="mgrs_code" v="99XXX000000"/>
    <tag k="local_x" v="2.2147"/>
    <tag k="local_y" v="19.1039"/>
    <tag k="ele" v="-0.01"/>
  </node>
  <node id="3437" lat="" lon="">
    <tag k="mgrs_code" v="99XXX000000"/>
    <tag k="local_x" v="1.7454"/>
    <tag k="local_y" v="19.6404"/>
    <tag k="ele" v="-0.01"/>
  </node>
  <node id="3438" lat="" lon="">
    <tag k="mgrs_code" v="99XXX000000"/>
    <tag k="local_x" v="1.2368"/>
    <tag k="local_y" v="20.1402"/>
    <tag k="ele" v="-0.01"/>
  </node>
  <node id="3439" lat="" lon="">
    <tag k="mgrs_code" v="99XXX000000"/>
    <tag k="local_x" v="0.6918"/>
    <tag k="local_y" v="20.6004"/>
    <tag k="ele" v="-0.01"/>
  </node>
  <node id="3440" lat="" lon="">
    <tag k="mgrs_code" v="99XXX000000"/>
    <tag k="local_x" v="0.1134"/>
    <tag k="local_y" v="21.0182"/>
    <tag k="ele" v="-0.01"/>
  </node>
  <node id="3441" lat="" lon="">
    <tag k="mgrs_code" v="99XXX0-1000"/>
    <tag k="local_x" v="-0.495"/>
    <tag k="local_y" v="21.3914"/>
    <tag k="ele" v="-0.01"/>
  </node>
  <node id="3503" lat="" lon="">
    <tag k="mgrs_code" v="99XXX0-1000"/>
    <tag k="local_x" v="-2.9179"/>
    <tag k="local_y" v="8.7881"/>
    <tag k="ele" v="-0.0034"/>
  </node>
  <node id="3504" lat="" lon="">
    <tag k="mgrs_code" v="99XXX0-1000"/>
    <tag k="local_x" v="-3.274"/>
    <tag k="local_y" v="8.5805"/>
    <tag k="ele" v="-0.0036"/>
  </node>
  <node id="3505" lat="" lon="">
    <tag k="mgrs_code" v="99XXX0-1000"/>
    <tag k="local_x" v="-3.6987"/>
    <tag k="local_y" v="8.3186"/>
    <tag k="ele" v="-0.0037"/>
  </node>
  <node id="3506" lat="" lon="">
    <tag k="mgrs_code" v="99XXX0-1000"/>
    <tag k="local_x" v="-4.2674"/>
    <tag k="local_y" v="8.1048"/>
    <tag k="ele" v="-0.0037"/>
  </node>
  <node id="3514" lat="" lon="">
    <tag k="mgrs_code" v="99XXX0-1000"/>
    <tag k="local_x" v="-2.5882"/>
    <tag k="local_y" v="9.0146"/>
    <tag k="ele" v="-0.0032"/>
  </node>
  <node id="3515" lat="" lon="">
    <tag k="mgrs_code" v="99XXX0-1000"/>
    <tag k="local_x" v="-2.3303"/>
    <tag k="local_y" v="9.3164"/>
    <tag k="ele" v="-0.0031"/>
  </node>
  <node id="3516" lat="" lon="">
    <tag k="mgrs_code" v="99XXX0-1000"/>
    <tag k="local_x" v="-2.0472"/>
    <tag k="local_y" v="9.656"/>
    <tag k="ele" v="-0.003"/>
  </node>
  <node id="3517" lat="" lon="">
    <tag k="mgrs_code" v="99XXX0-1000"/>
    <tag k="local_x" v="-1.8113"/>
    <tag k="local_y" v="10.0659"/>
    <tag k="ele" v="-0.003"/>
  </node>
  <node id="3518" lat="" lon="">
    <tag k="mgrs_code" v="99XXX0-1000"/>
    <tag k="local_x" v="-1.626"/>
    <tag k="local_y" v="10.5241"/>
    <tag k="ele" v="-0.003"/>
  </node>
  <node id="3520" lat="" lon="">
    <tag k="mgrs_code" v="99XXX0-1000"/>
    <tag k="local_x" v="-1.4536"/>
    <tag k="local_y" v="10.9466"/>
    <tag k="ele" v="-0.003"/>
  </node>
  <node id="3522" lat="" lon="">
    <tag k="mgrs_code" v="99XXX0-1000"/>
    <tag k="local_x" v="-1.3769"/>
    <tag k="local_y" v="11.3452"/>
    <tag k="ele" v="-0.003"/>
  </node>
  <node id="3525" lat="" lon="">
    <tag k="mgrs_code" v="99XXX0-1000"/>
    <tag k="local_x" v="-1.5638"/>
    <tag k="local_y" v="2.8041"/>
    <tag k="ele" v="-0.0067"/>
  </node>
  <node id="3526" lat="" lon="">
    <tag k="mgrs_code" v="99XXX0-1000"/>
    <tag k="local_x" v="-0.8358"/>
    <tag k="local_y" v="3.1128"/>
    <tag k="ele" v="-0.0083"/>
  </node>
  <node id="3528" lat="" lon="">
    <tag k="mgrs_code" v="99XXX0-1000"/>
    <tag k="local_x" v="-0.0871"/>
    <tag k="local_y" v="3.5369"/>
    <tag k="ele" v="-0.0086"/>
  </node>
  <node id="3529" lat="" lon="">
    <tag k="mgrs_code" v="99XXX000000"/>
    <tag k="local_x" v="0.4983"/>
    <tag k="local_y" v="3.9416"/>
    <tag k="ele" v="-0.0086"/>
  </node>
  <node id="3530" lat="" lon="">
    <tag k="mgrs_code" v="99XXX000000"/>
    <tag k="local_x" v="1.1172"/>
    <tag k="local_y" v="4.4215"/>
    <tag k="ele" v="-0.0075"/>
  </node>
  <node id="3531" lat="" lon="">
    <tag k="mgrs_code" v="99XXX000000"/>
    <tag k="local_x" v="1.6966"/>
    <tag k="local_y" v="4.9757"/>
    <tag k="ele" v="-0.0075"/>
  </node>
  <node id="3532" lat="" lon="">
    <tag k="mgrs_code" v="99XXX000000"/>
    <tag k="local_x" v="2.2613"/>
    <tag k="local_y" v="5.6083"/>
    <tag k="ele" v="-0.0067"/>
  </node>
  <node id="3533" lat="" lon="">
    <tag k="mgrs_code" v="99XXX000000"/>
    <tag k="local_x" v="2.7092"/>
    <tag k="local_y" v="6.1726"/>
    <tag k="ele" v="-0.01"/>
  </node>
  <node id="3534" lat="" lon="">
    <tag k="mgrs_code" v="99XXX000000"/>
    <tag k="local_x" v="3.1087"/>
    <tag k="local_y" v="6.7374"/>
    <tag k="ele" v="-0.0075"/>
  </node>
  <node id="3535" lat="" lon="">
    <tag k="mgrs_code" v="99XXX000000"/>
    <tag k="local_x" v="3.3765"/>
    <tag k="local_y" v="7.2516"/>
    <tag k="ele" v="-0.0067"/>
  </node>
  <node id="3536" lat="" lon="">
    <tag k="mgrs_code" v="99XXX000000"/>
    <tag k="local_x" v="3.6701"/>
    <tag k="local_y" v="7.8062"/>
    <tag k="ele" v="-0.0067"/>
  </node>
  <node id="3537" lat="" lon="">
    <tag k="mgrs_code" v="99XXX000000"/>
    <tag k="local_x" v="3.9009"/>
    <tag k="local_y" v="8.5215"/>
    <tag k="ele" v="-0.0067"/>
  </node>
  <node id="3539" lat="" lon="">
    <tag k="mgrs_code" v="99XXX0-1000"/>
    <tag k="local_x" v="-5.092"/>
    <tag k="local_y" v="5.1911"/>
    <tag k="ele" v="-0.0062"/>
  </node>
  <node id="3540" lat="" lon="">
    <tag k="mgrs_code" v="99XXX0-1000"/>
    <tag k="local_x" v="-5.0681"/>
    <tag k="local_y" v="6.1399"/>
    <tag k="ele" v="-0.0062"/>
  </node>
  <node id="3541" lat="" lon="">
    <tag k="mgrs_code" v="99XXX0-1000"/>
    <tag k="local_x" v="-4.9586"/>
    <tag k="local_y" v="7.0774"/>
    <tag k="ele" v="-0.0062"/>
  </node>
  <node id="3542" lat="" lon="">
    <tag k="mgrs_code" v="99XXX0-1000"/>
    <tag k="local_x" v="-2.4105"/>
    <tag k="local_y" v="1.9072"/>
    <tag k="ele" v="-0.0062"/>
  </node>
  <node id="3543" lat="" lon="">
    <tag k="mgrs_code" v="99XXX0-1000"/>
    <tag k="local_x" v="-2.2995"/>
    <tag k="local_y" v="2.3075"/>
    <tag k="ele" v="-0.0062"/>
  </node>
  <node id="3544" lat="" lon="">
    <tag k="mgrs_code" v="99XXX0-1000"/>
    <tag k="local_x" v="-2.0143"/>
    <tag k="local_y" v="2.6351"/>
    <tag k="ele" v="-0.0062"/>
  </node>
  <node id="3548" lat="" lon="">
    <tag k="mgrs_code" v="99XXX0-1000"/>
    <tag k="local_x" v="-0.7252"/>
    <tag k="local_y" v="11.9603"/>
    <tag k="ele" v="-0.0048"/>
  </node>
  <node id="3549" lat="" lon="">
    <tag k="mgrs_code" v="99XXX000000"/>
    <tag k="local_x" v="0.1859"/>
    <tag k="local_y" v="12.1521"/>
    <tag k="ele" v="-0.0048"/>
  </node>
  <node id="3550" lat="" lon="">
    <tag k="mgrs_code" v="99XXX000000"/>
    <tag k="local_x" v="3.9869"/>
    <tag k="local_y" v="8.9887"/>
    <tag k="ele" v="-0.0048"/>
  </node>
  <node id="3551" lat="" lon="">
    <tag k="mgrs_code" v="99XXX000000"/>
    <tag k="local_x" v="4.4123"/>
    <tag k="local_y" v="9.3077"/>
    <tag k="ele" v="-0.0048"/>
  </node>
  <node id="3555" lat="" lon="">
    <tag k="mgrs_code" v="99XXX0-1000"/>
    <tag k="local_x" v="-3.606"/>
    <tag k="local_y" v="16.2866"/>
    <tag k="ele" v="-0.01"/>
  </node>
  <node id="3563" lat="" lon="">
    <tag k="mgrs_code" v="99XXX0-1000"/>
    <tag k="local_x" v="-1.3075"/>
    <tag k="local_y" v="11.5662"/>
    <tag k="ele" v="-0.0048"/>
  </node>
  <node id="3564" lat="" lon="">
    <tag k="mgrs_code" v="99XXX0-1000"/>
    <tag k="local_x" v="-1.2949"/>
    <tag k="local_y" v="11.777"/>
    <tag k="ele" v="-0.0048"/>
  </node>
  <node id="3565" lat="" lon="">
    <tag k="mgrs_code" v="99XXX0-1000"/>
    <tag k="local_x" v="-1.3173"/>
    <tag k="local_y" v="12.069"/>
    <tag k="ele" v="-0.0048"/>
  </node>
  <node id="3566" lat="" lon="">
    <tag k="mgrs_code" v="99XXX0-1000"/>
    <tag k="local_x" v="-1.3084"/>
    <tag k="local_y" v="12.3686"/>
    <tag k="ele" v="-0.0048"/>
  </node>
  <node id="3567" lat="" lon="">
    <tag k="mgrs_code" v="99XXX0-1000"/>
    <tag k="local_x" v="-1.3193"/>
    <tag k="local_y" v="12.6684"/>
    <tag k="ele" v="-0.0048"/>
  </node>
  <node id="3568" lat="" lon="">
    <tag k="mgrs_code" v="99XXX0-1000"/>
    <tag k="local_x" v="-1.3499"/>
    <tag k="local_y" v="12.9673"/>
    <tag k="ele" v="-0.0048"/>
  </node>
  <node id="3569" lat="" lon="">
    <tag k="mgrs_code" v="99XXX0-1000"/>
    <tag k="local_x" v="-1.4002"/>
    <tag k="local_y" v="13.2639"/>
    <tag k="ele" v="-0.0048"/>
  </node>
  <node id="3570" lat="" lon="">
    <tag k="mgrs_code" v="99XXX0-1000"/>
    <tag k="local_x" v="-1.4701"/>
    <tag k="local_y" v="13.557"/>
    <tag k="ele" v="-0.0048"/>
  </node>
  <node id="3571" lat="" lon="">
    <tag k="mgrs_code" v="99XXX0-1000"/>
    <tag k="local_x" v="-1.5911"/>
    <tag k="local_y" v="13.9364"/>
    <tag k="ele" v="-0.0048"/>
  </node>
  <node id="3572" lat="" lon="">
    <tag k="mgrs_code" v="99XXX000000"/>
    <tag k="local_x" v="4.3594"/>
    <tag k="local_y" v="9.8544"/>
    <tag k="ele" v="-0.0048"/>
  </node>
  <node id="3573" lat="" lon="">
    <tag k="mgrs_code" v="99XXX000000"/>
    <tag k="local_x" v="4.4749"/>
    <tag k="local_y" v="10.4365"/>
    <tag k="ele" v="-0.0048"/>
  </node>
  <node id="3574" lat="" lon="">
    <tag k="mgrs_code" v="99XXX000000"/>
    <tag k="local_x" v="4.5673"/>
    <tag k="local_y" v="11.1217"/>
    <tag k="ele" v="-0.0048"/>
  </node>
  <node id="3575" lat="" lon="">
    <tag k="mgrs_code" v="99XXX000000"/>
    <tag k="local_x" v="4.6143"/>
    <tag k="local_y" v="11.8111"/>
    <tag k="ele" v="-0.0048"/>
  </node>
  <node id="3576" lat="" lon="">
    <tag k="mgrs_code" v="99XXX000000"/>
    <tag k="local_x" v="4.6157"/>
    <tag k="local_y" v="12.5017"/>
    <tag k="ele" v="-0.0048"/>
  </node>
  <node id="3577" lat="" lon="">
    <tag k="mgrs_code" v="99XXX000000"/>
    <tag k="local_x" v="4.5717"/>
    <tag k="local_y" v="13.1906"/>
    <tag k="ele" v="-0.0048"/>
  </node>
  <node id="3578" lat="" lon="">
    <tag k="mgrs_code" v="99XXX000000"/>
    <tag k="local_x" v="4.4825"/>
    <tag k="local_y" v="13.8746"/>
    <tag k="ele" v="-0.0048"/>
  </node>
  <node id="3579" lat="" lon="">
    <tag k="mgrs_code" v="99XXX000000"/>
    <tag k="local_x" v="4.3485"/>
    <tag k="local_y" v="14.551"/>
    <tag k="ele" v="-0.0048"/>
  </node>
  <node id="3580" lat="" lon="">
    <tag k="mgrs_code" v="99XXX000000"/>
    <tag k="local_x" v="4.1703"/>
    <tag k="local_y" v="15.2167"/>
    <tag k="ele" v="-0.0048"/>
  </node>
  <node id="3581" lat="" lon="">
    <tag k="mgrs_code" v="99XXX000000"/>
    <tag k="local_x" v="3.9805"/>
    <tag k="local_y" v="15.7775"/>
    <tag k="ele" v="-0.0048"/>
  </node>
  <node id="3585" lat="" lon="">
    <tag k="mgrs_code" v="99XXX000000"/>
    <tag k="local_x" v="2.8756"/>
    <tag k="local_y" v="12.1915"/>
    <tag k="ele" v="-0.0072"/>
  </node>
  <node id="3586" lat="" lon="">
    <tag k="mgrs_code" v="99XXX000000"/>
    <tag k="local_x" v="2.1167"/>
    <tag k="local_y" v="12.1563"/>
    <tag k="ele" v="-0.0072"/>
  </node>
  <node id="3587" lat="" lon="">
    <tag k="mgrs_code" v="99XXX000000"/>
    <tag k="local_x" v="1.3225"/>
    <tag k="local_y" v="12.1351"/>
    <tag k="ele" v="-0.0072"/>
  </node>
  <node id="3588" lat="" lon="">
    <tag k="mgrs_code" v="99XXX000000"/>
    <tag k="local_x" v="0.4429"/>
    <tag k="local_y" v="12.3639"/>
    <tag k="ele" v="-0.0072"/>
  </node>
  <node id="3589" lat="" lon="">
    <tag k="mgrs_code" v="99XXX0-1000"/>
    <tag k="local_x" v="-0.4217"/>
    <tag k="local_y" v="12.7669"/>
    <tag k="ele" v="-0.0072"/>
  </node>
  <node id="3590" lat="" lon="">
    <tag k="mgrs_code" v="99XXX0-1000"/>
    <tag k="local_x" v="-1.0938"/>
    <tag k="local_y" v="13.1468"/>
    <tag k="ele" v="-0.0072"/>
  </node>
  <node id="3592" lat="" lon="">
    <tag k="mgrs_code" v="99XXX000000"/>
    <tag k="local_x" v="4.3565"/>
    <tag k="local_y" v="15.3285"/>
    <tag k="ele" v="-0.0072"/>
  </node>
  <node id="3593" lat="" lon="">
    <tag k="mgrs_code" v="99XXX000000"/>
    <tag k="local_x" v="4.083"/>
    <tag k="local_y" v="15.5719"/>
    <tag k="ele" v="-0.0072"/>
  </node>
  <node id="3594" lat="" lon="">
    <tag k="mgrs_code" v="99XXX000000"/>
    <tag k="local_x" v="3.8706"/>
    <tag k="local_y" v="15.9896"/>
    <tag k="ele" v="-0.0072"/>
  </node>
  <node id="3595" lat="" lon="">
    <tag k="mgrs_code" v="99XXX000000"/>
    <tag k="local_x" v="3.7769"/>
    <tag k="local_y" v="16.348"/>
    <tag k="ele" v="-0.0072"/>
  </node>
  <node id="3634" lat="" lon="">
    <tag k="mgrs_code" v="99XXX0-1000"/>
    <tag k="local_x" v="-8.9098"/>
    <tag k="local_y" v="21.7792"/>
    <tag k="ele" v="-0.005"/>
  </node>
  <node id="3637" lat="" lon="">
    <tag k="mgrs_code" v="99XXX0-1000"/>
    <tag k="local_x" v="-6.5437"/>
    <tag k="local_y" v="16.279"/>
    <tag k="ele" v="-0.0045"/>
  </node>
  <node id="3641" lat="" lon="">
    <tag k="mgrs_code" v="99XXX0-1000"/>
    <tag k="local_x" v="-14.9236"/>
    <tag k="local_y" v="15.633"/>
    <tag k="ele" v="-0.0067"/>
  </node>
  <node id="3644" lat="" lon="">
    <tag k="mgrs_code" v="99XXX0-1000"/>
    <tag k="local_x" v="-9.3102"/>
    <tag k="local_y" v="13.6393"/>
    <tag k="ele" v="-0.0043"/>
  </node>
  <node id="3648" lat="" lon="">
    <tag k="mgrs_code" v="99XXX0-1000"/>
    <tag k="local_x" v="-6.9314"/>
    <tag k="local_y" v="16.1298"/>
    <tag k="ele" v="-0.0047"/>
  </node>
  <node id="3649" lat="" lon="">
    <tag k="mgrs_code" v="99XXX0-1000"/>
    <tag k="local_x" v="-7.3277"/>
    <tag k="local_y" v="15.9274"/>
    <tag k="ele" v="-0.0047"/>
  </node>
  <node id="3650" lat="" lon="">
    <tag k="mgrs_code" v="99XXX0-1000"/>
    <tag k="local_x" v="-7.5778"/>
    <tag k="local_y" v="15.7668"/>
    <tag k="ele" v="-0.0047"/>
  </node>
  <node id="3651" lat="" lon="">
    <tag k="mgrs_code" v="99XXX0-1000"/>
    <tag k="local_x" v="-7.8176"/>
    <tag k="local_y" v="15.591"/>
    <tag k="ele" v="-0.0047"/>
  </node>
  <node id="3652" lat="" lon="">
    <tag k="mgrs_code" v="99XXX0-1000"/>
    <tag k="local_x" v="-8.0462"/>
    <tag k="local_y" v="15.4008"/>
    <tag k="ele" v="-0.0047"/>
  </node>
  <node id="3653" lat="" lon="">
    <tag k="mgrs_code" v="99XXX0-1000"/>
    <tag k="local_x" v="-8.2626"/>
    <tag k="local_y" v="15.1968"/>
    <tag k="ele" v="-0.0047"/>
  </node>
  <node id="3654" lat="" lon="">
    <tag k="mgrs_code" v="99XXX0-1000"/>
    <tag k="local_x" v="-8.466"/>
    <tag k="local_y" v="14.9798"/>
    <tag k="ele" v="-0.0047"/>
  </node>
  <node id="3655" lat="" lon="">
    <tag k="mgrs_code" v="99XXX0-1000"/>
    <tag k="local_x" v="-8.6558"/>
    <tag k="local_y" v="14.7506"/>
    <tag k="ele" v="-0.0048"/>
  </node>
  <node id="3656" lat="" lon="">
    <tag k="mgrs_code" v="99XXX0-1000"/>
    <tag k="local_x" v="-8.831"/>
    <tag k="local_y" v="14.5101"/>
    <tag k="ele" v="-0.0048"/>
  </node>
  <node id="3657" lat="" lon="">
    <tag k="mgrs_code" v="99XXX0-1000"/>
    <tag k="local_x" v="-8.9911"/>
    <tag k="local_y" v="14.2593"/>
    <tag k="ele" v="-0.0048"/>
  </node>
  <node id="3658" lat="" lon="">
    <tag k="mgrs_code" v="99XXX0-1000"/>
    <tag k="local_x" v="-9.1786"/>
    <tag k="local_y" v="13.9178"/>
    <tag k="ele" v="-0.0048"/>
  </node>
  <node id="3659" lat="" lon="">
    <tag k="mgrs_code" v="99XXX0-1000"/>
    <tag k="local_x" v="-9.9122"/>
    <tag k="local_y" v="21.324"/>
    <tag k="ele" v="-0.0047"/>
  </node>
  <node id="3660" lat="" lon="">
    <tag k="mgrs_code" v="99XXX0-1000"/>
    <tag k="local_x" v="-10.4112"/>
    <tag k="local_y" v="21.0412"/>
    <tag k="ele" v="-0.0047"/>
  </node>
  <node id="3661" lat="" lon="">
    <tag k="mgrs_code" v="99XXX0-1000"/>
    <tag k="local_x" v="-10.9699"/>
    <tag k="local_y" v="20.6793"/>
    <tag k="ele" v="-0.0047"/>
  </node>
  <node id="3662" lat="" lon="">
    <tag k="mgrs_code" v="99XXX0-1000"/>
    <tag k="local_x" v="-11.5052"/>
    <tag k="local_y" v="20.2838"/>
    <tag k="ele" v="-0.0047"/>
  </node>
  <node id="3663" lat="" lon="">
    <tag k="mgrs_code" v="99XXX0-1000"/>
    <tag k="local_x" v="-12.0151"/>
    <tag k="local_y" v="19.856"/>
    <tag k="ele" v="-0.0047"/>
  </node>
  <node id="3664" lat="" lon="">
    <tag k="mgrs_code" v="99XXX0-1000"/>
    <tag k="local_x" v="-12.4976"/>
    <tag k="local_y" v="19.3976"/>
    <tag k="ele" v="-0.0047"/>
  </node>
  <node id="3665" lat="" lon="">
    <tag k="mgrs_code" v="99XXX0-1000"/>
    <tag k="local_x" v="-12.9508"/>
    <tag k="local_y" v="18.9103"/>
    <tag k="ele" v="-0.0047"/>
  </node>
  <node id="3666" lat="" lon="">
    <tag k="mgrs_code" v="99XXX0-1000"/>
    <tag k="local_x" v="-13.3731"/>
    <tag k="local_y" v="18.3961"/>
    <tag k="ele" v="-0.0048"/>
  </node>
  <node id="3667" lat="" lon="">
    <tag k="mgrs_code" v="99XXX0-1000"/>
    <tag k="local_x" v="-13.7629"/>
    <tag k="local_y" v="17.8568"/>
    <tag k="ele" v="-0.0048"/>
  </node>
  <node id="3668" lat="" lon="">
    <tag k="mgrs_code" v="99XXX0-1000"/>
    <tag k="local_x" v="-14.1186"/>
    <tag k="local_y" v="17.2946"/>
    <tag k="ele" v="-0.0048"/>
  </node>
  <node id="3669" lat="" lon="">
    <tag k="mgrs_code" v="99XXX0-1000"/>
    <tag k="local_x" v="-14.3959"/>
    <tag k="local_y" v="16.7927"/>
    <tag k="ele" v="-0.0048"/>
  </node>
  <node id="3673" lat="" lon="">
    <tag k="mgrs_code" v="99XXX0-1000"/>
    <tag k="local_x" v="-5.4888"/>
    <tag k="local_y" v="19.8728"/>
    <tag k="ele" v="-0.0069"/>
  </node>
  <node id="3674" lat="" lon="">
    <tag k="mgrs_code" v="99XXX0-1000"/>
    <tag k="local_x" v="-5.4866"/>
    <tag k="local_y" v="19.0673"/>
    <tag k="ele" v="-0.0069"/>
  </node>
  <node id="3675" lat="" lon="">
    <tag k="mgrs_code" v="99XXX0-1000"/>
    <tag k="local_x" v="-5.5452"/>
    <tag k="local_y" v="17.9994"/>
    <tag k="ele" v="-0.0069"/>
  </node>
  <node id="3676" lat="" lon="">
    <tag k="mgrs_code" v="99XXX0-1000"/>
    <tag k="local_x" v="-6.0378"/>
    <tag k="local_y" v="16.8533"/>
    <tag k="ele" v="-0.0069"/>
  </node>
  <node id="3678" lat="" lon="">
    <tag k="mgrs_code" v="99XXX0-1000"/>
    <tag k="local_x" v="-8.3756"/>
    <tag k="local_y" v="22.1896"/>
    <tag k="ele" v="-0.0069"/>
  </node>
  <node id="3680" lat="" lon="">
    <tag k="mgrs_code" v="99XXX0-1000"/>
    <tag k="local_x" v="-8.6411"/>
    <tag k="local_y" v="21.8678"/>
    <tag k="ele" v="-0.0069"/>
  </node>
  <node id="3699" lat="" lon="">
    <tag k="mgrs_code" v="99XXX0-1000"/>
    <tag k="local_x" v="-4.4236"/>
    <tag k="local_y" v="16.8584"/>
    <tag k="ele" v="-0.01"/>
  </node>
  <node id="3700" lat="" lon="">
    <tag k="mgrs_code" v="99XXX0-1000"/>
    <tag k="local_x" v="-4.7594"/>
    <tag k="local_y" v="17.4886"/>
    <tag k="ele" v="-0.01"/>
  </node>
  <node id="3701" lat="" lon="">
    <tag k="mgrs_code" v="99XXX0-1000"/>
    <tag k="local_x" v="-5.1228"/>
    <tag k="local_y" v="18.2773"/>
    <tag k="ele" v="-0.01"/>
  </node>
  <node id="3702" lat="" lon="">
    <tag k="mgrs_code" v="99XXX0-1000"/>
    <tag k="local_x" v="-5.3608"/>
    <tag k="local_y" v="19.0798"/>
    <tag k="ele" v="-0.01"/>
  </node>
  <node id="3703" lat="" lon="">
    <tag k="mgrs_code" v="99XXX0-1000"/>
    <tag k="local_x" v="-5.4765"/>
    <tag k="local_y" v="19.8773"/>
    <tag k="ele" v="-0.01"/>
  </node>
  <node id="3704" lat="" lon="">
    <tag k="mgrs_code" v="99XXX0-1000"/>
    <tag k="local_x" v="-5.4756"/>
    <tag k="local_y" v="20.6522"/>
    <tag k="ele" v="-0.01"/>
  </node>
  <node id="3705" lat="" lon="">
    <tag k="mgrs_code" v="99XXX0-1000"/>
    <tag k="local_x" v="-5.4092"/>
    <tag k="local_y" v="21.2957"/>
    <tag k="ele" v="-0.01"/>
  </node>
  <node id="3707" lat="" lon="">
    <tag k="mgrs_code" v="99XXX0-1000"/>
    <tag k="local_x" v="-0.8665"/>
    <tag k="local_y" v="21.591"/>
    <tag k="ele" v="-0.01"/>
  </node>
  <node id="3710" lat="" lon="">
    <tag k="mgrs_code" v="99XXX0-1000"/>
    <tag k="local_x" v="-1.6682"/>
    <tag k="local_y" v="21.9386"/>
    <tag k="ele" v="-0.01"/>
  </node>
  <node id="3711" lat="" lon="">
    <tag k="mgrs_code" v="99XXX0-1000"/>
    <tag k="local_x" v="-2.1012"/>
    <tag k="local_y" v="22.1543"/>
    <tag k="ele" v="-0.01"/>
  </node>
  <node id="3712" lat="" lon="">
    <tag k="mgrs_code" v="99XXX0-1000"/>
    <tag k="local_x" v="-2.3651"/>
    <tag k="local_y" v="22.2156"/>
    <tag k="ele" v="-0.01"/>
  </node>
  <node id="3716" lat="" lon="">
    <tag k="mgrs_code" v="99XXX0-1000"/>
    <tag k="local_x" v="-3.6466"/>
    <tag k="local_y" v="16.311"/>
    <tag k="ele" v="-0.01"/>
  </node>
  <node id="3717" lat="" lon="">
    <tag k="mgrs_code" v="99XXX0-1000"/>
    <tag k="local_x" v="-3.9858"/>
    <tag k="local_y" v="16.4563"/>
    <tag k="ele" v="-0.01"/>
  </node>
  <node id="3718" lat="" lon="">
    <tag k="mgrs_code" v="99XXX0-1000"/>
    <tag k="local_x" v="-4.2219"/>
    <tag k="local_y" v="16.5336"/>
    <tag k="ele" v="-0.01"/>
  </node>
  <node id="3719" lat="" lon="">
    <tag k="mgrs_code" v="99XXX0-1000"/>
    <tag k="local_x" v="-4.4633"/>
    <tag k="local_y" v="16.5917"/>
    <tag k="ele" v="-0.01"/>
  </node>
  <node id="3720" lat="" lon="">
    <tag k="mgrs_code" v="99XXX0-1000"/>
    <tag k="local_x" v="-4.7087"/>
    <tag k="local_y" v="16.6302"/>
    <tag k="ele" v="-0.01"/>
  </node>
  <node id="3721" lat="" lon="">
    <tag k="mgrs_code" v="99XXX0-1000"/>
    <tag k="local_x" v="-4.9563"/>
    <tag k="local_y" v="16.6487"/>
    <tag k="ele" v="-0.01"/>
  </node>
  <node id="3722" lat="" lon="">
    <tag k="mgrs_code" v="99XXX0-1000"/>
    <tag k="local_x" v="-5.2045"/>
    <tag k="local_y" v="16.6472"/>
    <tag k="ele" v="-0.01"/>
  </node>
  <node id="3723" lat="" lon="">
    <tag k="mgrs_code" v="99XXX0-1000"/>
    <tag k="local_x" v="-5.4518"/>
    <tag k="local_y" v="16.6258"/>
    <tag k="ele" v="-0.01"/>
  </node>
  <node id="3724" lat="" lon="">
    <tag k="mgrs_code" v="99XXX0-1000"/>
    <tag k="local_x" v="-5.6965"/>
    <tag k="local_y" v="16.5845"/>
    <tag k="ele" v="-0.01"/>
  </node>
  <node id="3725" lat="" lon="">
    <tag k="mgrs_code" v="99XXX0-1000"/>
    <tag k="local_x" v="-5.9371"/>
    <tag k="local_y" v="16.5236"/>
    <tag k="ele" v="-0.01"/>
  </node>
  <node id="3726" lat="" lon="">
    <tag k="mgrs_code" v="99XXX0-1000"/>
    <tag k="local_x" v="-6.2855"/>
    <tag k="local_y" v="16.4025"/>
    <tag k="ele" v="-0.01"/>
  </node>
  <node id="3727" lat="" lon="">
    <tag k="mgrs_code" v="99XXX0-1000"/>
    <tag k="local_x" v="-1.3227"/>
    <tag k="local_y" v="21.8189"/>
    <tag k="ele" v="-0.01"/>
  </node>
  <node id="3728" lat="" lon="">
    <tag k="mgrs_code" v="99XXX0-1000"/>
    <tag k="local_x" v="-1.8855"/>
    <tag k="local_y" v="22.0543"/>
    <tag k="ele" v="-0.01"/>
  </node>
  <node id="3729" lat="" lon="">
    <tag k="mgrs_code" v="99XXX0-1000"/>
    <tag k="local_x" v="-2.5791"/>
    <tag k="local_y" v="22.2835"/>
    <tag k="ele" v="-0.01"/>
  </node>
  <node id="3730" lat="" lon="">
    <tag k="mgrs_code" v="99XXX0-1000"/>
    <tag k="local_x" v="-3.289"/>
    <tag k="local_y" v="22.4562"/>
    <tag k="ele" v="-0.01"/>
  </node>
  <node id="3731" lat="" lon="">
    <tag k="mgrs_code" v="99XXX0-1000"/>
    <tag k="local_x" v="-4.0105"/>
    <tag k="local_y" v="22.5711"/>
    <tag k="ele" v="-0.01"/>
  </node>
  <node id="3732" lat="" lon="">
    <tag k="mgrs_code" v="99XXX0-1000"/>
    <tag k="local_x" v="-4.739"/>
    <tag k="local_y" v="22.6276"/>
    <tag k="ele" v="-0.01"/>
  </node>
  <node id="3733" lat="" lon="">
    <tag k="mgrs_code" v="99XXX0-1000"/>
    <tag k="local_x" v="-5.4697"/>
    <tag k="local_y" v="22.6251"/>
    <tag k="ele" v="-0.01"/>
  </node>
  <node id="3734" lat="" lon="">
    <tag k="mgrs_code" v="99XXX0-1000"/>
    <tag k="local_x" v="-6.1978"/>
    <tag k="local_y" v="22.5638"/>
    <tag k="ele" v="-0.01"/>
  </node>
  <node id="3735" lat="" lon="">
    <tag k="mgrs_code" v="99XXX0-1000"/>
    <tag k="local_x" v="-6.9187"/>
    <tag k="local_y" v="22.444"/>
    <tag k="ele" v="-0.01"/>
  </node>
  <node id="3736" lat="" lon="">
    <tag k="mgrs_code" v="99XXX0-1000"/>
    <tag k="local_x" v="-7.6276"/>
    <tag k="local_y" v="22.2665"/>
    <tag k="ele" v="-0.01"/>
  </node>
  <node id="3737" lat="" lon="">
    <tag k="mgrs_code" v="99XXX0-1000"/>
    <tag k="local_x" v="-8.2064"/>
    <tag k="local_y" v="22.0735"/>
    <tag k="ele" v="-0.01"/>
  </node>
  <node id="3742" lat="" lon="">
    <tag k="mgrs_code" v="99XXX0-1000"/>
    <tag k="local_x" v="-14.9489"/>
    <tag k="local_y" v="8.7905"/>
    <tag k="ele" v="-0.0067"/>
  </node>
  <node id="3745" lat="" lon="">
    <tag k="mgrs_code" v="99XXX0-1000"/>
    <tag k="local_x" v="-9.4486"/>
    <tag k="local_y" v="11.1305"/>
    <tag k="ele" v="-0.0038"/>
  </node>
  <node id="3749" lat="" lon="">
    <tag k="mgrs_code" v="99XXX0-1000"/>
    <tag k="local_x" v="-8.793"/>
    <tag k="local_y" v="2.5035"/>
    <tag k="ele" v="-0.005"/>
  </node>
  <node id="3752" lat="" lon="">
    <tag k="mgrs_code" v="99XXX0-1000"/>
    <tag k="local_x" v="-6.4589"/>
    <tag k="local_y" v="8.1207"/>
    <tag k="ele" v="-0.0044"/>
  </node>
  <node id="3755" lat="" lon="">
    <tag k="mgrs_code" v="99XXX0-1000"/>
    <tag k="local_x" v="-8.994"/>
    <tag k="local_y" v="10.3305"/>
    <tag k="ele" v="-0.0052"/>
  </node>
  <node id="3756" lat="" lon="">
    <tag k="mgrs_code" v="99XXX0-1000"/>
    <tag k="local_x" v="-8.7755"/>
    <tag k="local_y" v="10.0045"/>
    <tag k="ele" v="-0.0052"/>
  </node>
  <node id="3757" lat="" lon="">
    <tag k="mgrs_code" v="99XXX0-1000"/>
    <tag k="local_x" v="-8.587"/>
    <tag k="local_y" v="9.7574"/>
    <tag k="ele" v="-0.0052"/>
  </node>
  <node id="3758" lat="" lon="">
    <tag k="mgrs_code" v="99XXX0-1000"/>
    <tag k="local_x" v="-8.3855"/>
    <tag k="local_y" v="9.5212"/>
    <tag k="ele" v="-0.0052"/>
  </node>
  <node id="3759" lat="" lon="">
    <tag k="mgrs_code" v="99XXX0-1000"/>
    <tag k="local_x" v="-8.1717"/>
    <tag k="local_y" v="9.2965"/>
    <tag k="ele" v="-0.0052"/>
  </node>
  <node id="3760" lat="" lon="">
    <tag k="mgrs_code" v="99XXX0-1000"/>
    <tag k="local_x" v="-7.9461"/>
    <tag k="local_y" v="9.084"/>
    <tag k="ele" v="-0.0052"/>
  </node>
  <node id="3761" lat="" lon="">
    <tag k="mgrs_code" v="99XXX0-1000"/>
    <tag k="local_x" v="-7.7096"/>
    <tag k="local_y" v="8.8842"/>
    <tag k="ele" v="-0.0052"/>
  </node>
  <node id="3762" lat="" lon="">
    <tag k="mgrs_code" v="99XXX0-1000"/>
    <tag k="local_x" v="-7.4627"/>
    <tag k="local_y" v="8.6978"/>
    <tag k="ele" v="-0.0052"/>
  </node>
  <node id="3763" lat="" lon="">
    <tag k="mgrs_code" v="99XXX0-1000"/>
    <tag k="local_x" v="-7.2063"/>
    <tag k="local_y" v="8.5253"/>
    <tag k="ele" v="-0.0052"/>
  </node>
  <node id="3764" lat="" lon="">
    <tag k="mgrs_code" v="99XXX0-1000"/>
    <tag k="local_x" v="-6.9411"/>
    <tag k="local_y" v="8.3672"/>
    <tag k="ele" v="-0.0052"/>
  </node>
  <node id="3765" lat="" lon="">
    <tag k="mgrs_code" v="99XXX0-1000"/>
    <tag k="local_x" v="-6.7098"/>
    <tag k="local_y" v="8.2257"/>
    <tag k="ele" v="-0.0052"/>
  </node>
  <node id="3766" lat="" lon="">
    <tag k="mgrs_code" v="99XXX0-1000"/>
    <tag k="local_x" v="-13.9933"/>
    <tag k="local_y" v="7.0538"/>
    <tag k="ele" v="-0.0052"/>
  </node>
  <node id="3767" lat="" lon="">
    <tag k="mgrs_code" v="99XXX0-1000"/>
    <tag k="local_x" v="-13.6923"/>
    <tag k="local_y" v="6.5869"/>
    <tag k="ele" v="-0.0052"/>
  </node>
  <node id="3768" lat="" lon="">
    <tag k="mgrs_code" v="99XXX0-1000"/>
    <tag k="local_x" v="-13.3187"/>
    <tag k="local_y" v="6.0707"/>
    <tag k="ele" v="-0.0052"/>
  </node>
  <node id="3769" lat="" lon="">
    <tag k="mgrs_code" v="99XXX0-1000"/>
    <tag k="local_x" v="-12.9174"/>
    <tag k="local_y" v="5.5753"/>
    <tag k="ele" v="-0.0052"/>
  </node>
  <node id="3770" lat="" lon="">
    <tag k="mgrs_code" v="99XXX0-1000"/>
    <tag k="local_x" v="-12.4896"/>
    <tag k="local_y" v="5.1023"/>
    <tag k="ele" v="-0.0052"/>
  </node>
  <node id="3771" lat="" lon="">
    <tag k="mgrs_code" v="99XXX0-1000"/>
    <tag k="local_x" v="-12.0364"/>
    <tag k="local_y" v="4.6532"/>
    <tag k="ele" v="-0.0052"/>
  </node>
  <node id="3772" lat="" lon="">
    <tag k="mgrs_code" v="99XXX0-1000"/>
    <tag k="local_x" v="-11.5592"/>
    <tag k="local_y" v="4.2291"/>
    <tag k="ele" v="-0.0052"/>
  </node>
  <node id="3773" lat="" lon="">
    <tag k="mgrs_code" v="99XXX0-1000"/>
    <tag k="local_x" v="-11.0594"/>
    <tag k="local_y" v="3.8315"/>
    <tag k="ele" v="-0.0052"/>
  </node>
  <node id="3774" lat="" lon="">
    <tag k="mgrs_code" v="99XXX0-1000"/>
    <tag k="local_x" v="-10.5384"/>
    <tag k="local_y" v="3.4616"/>
    <tag k="ele" v="-0.0052"/>
  </node>
  <node id="3775" lat="" lon="">
    <tag k="mgrs_code" v="99XXX0-1000"/>
    <tag k="local_x" v="-9.9979"/>
    <tag k="local_y" v="3.1204"/>
    <tag k="ele" v="-0.0052"/>
  </node>
  <node id="3776" lat="" lon="">
    <tag k="mgrs_code" v="99XXX0-1000"/>
    <tag k="local_x" v="-9.5125"/>
    <tag k="local_y" v="2.8478"/>
    <tag k="ele" v="-0.0052"/>
  </node>
  <node id="3780" lat="" lon="">
    <tag k="mgrs_code" v="99XXX0-1000"/>
    <tag k="local_x" v="-12.542"/>
    <tag k="local_y" v="11.9481"/>
    <tag k="ele" v="-0.0064"/>
  </node>
  <node id="3781" lat="" lon="">
    <tag k="mgrs_code" v="99XXX0-1000"/>
    <tag k="local_x" v="-11.3906"/>
    <tag k="local_y" v="11.9269"/>
    <tag k="ele" v="-0.0064"/>
  </node>
  <node id="3782" lat="" lon="">
    <tag k="mgrs_code" v="99XXX0-1000"/>
    <tag k="local_x" v="-10.2119"/>
    <tag k="local_y" v="11.6685"/>
    <tag k="ele" v="-0.0064"/>
  </node>
  <node id="3785" lat="" lon="">
    <tag k="mgrs_code" v="99XXX0-1000"/>
    <tag k="local_x" v="-15.3446"/>
    <tag k="local_y" v="9.2027"/>
    <tag k="ele" v="-0.0064"/>
  </node>
  <node id="3789" lat="" lon="">
    <tag k="mgrs_code" v="99XXX0-1000"/>
    <tag k="local_x" v="-9.7315"/>
    <tag k="local_y" v="12.8972"/>
    <tag k="ele" v="-0.0055"/>
  </node>
  <node id="3790" lat="" lon="">
    <tag k="mgrs_code" v="99XXX0-1000"/>
    <tag k="local_x" v="-10.5918"/>
    <tag k="local_y" v="12.1381"/>
    <tag k="ele" v="-0.0055"/>
  </node>
  <node id="3791" lat="" lon="">
    <tag k="mgrs_code" v="99XXX0-1000"/>
    <tag k="local_x" v="-12.0958"/>
    <tag k="local_y" v="11.9919"/>
    <tag k="ele" v="-0.0055"/>
  </node>
  <node id="3792" lat="" lon="">
    <tag k="mgrs_code" v="99XXX0-1000"/>
    <tag k="local_x" v="-13.0025"/>
    <tag k="local_y" v="11.9803"/>
    <tag k="ele" v="-0.0055"/>
  </node>
  <node id="3795" lat="" lon="">
    <tag k="mgrs_code" v="99XXX0-1000"/>
    <tag k="local_x" v="-15.1248"/>
    <tag k="local_y" v="15.342"/>
    <tag k="ele" v="-0.0055"/>
  </node>
  <node id="3796" lat="" lon="">
    <tag k="mgrs_code" v="99XXX0-1000"/>
    <tag k="local_x" v="-15.4166"/>
    <tag k="local_y" v="15.1015"/>
    <tag k="ele" v="-0.0055"/>
  </node>
  <node id="3800" lat="" lon="">
    <tag k="mgrs_code" v="99XXX0-1000"/>
    <tag k="local_x" v="-9.6676"/>
    <tag k="local_y" v="12.8614"/>
    <tag k="ele" v="-0.0058"/>
  </node>
  <node id="3801" lat="" lon="">
    <tag k="mgrs_code" v="99XXX0-1000"/>
    <tag k="local_x" v="-9.758"/>
    <tag k="local_y" v="12.5504"/>
    <tag k="ele" v="-0.0058"/>
  </node>
  <node id="3802" lat="" lon="">
    <tag k="mgrs_code" v="99XXX0-1000"/>
    <tag k="local_x" v="-9.7852"/>
    <tag k="local_y" v="12.3843"/>
    <tag k="ele" v="-0.0058"/>
  </node>
  <node id="3803" lat="" lon="">
    <tag k="mgrs_code" v="99XXX0-1000"/>
    <tag k="local_x" v="-9.7948"/>
    <tag k="local_y" v="12.2164"/>
    <tag k="ele" v="-0.0058"/>
  </node>
  <node id="3804" lat="" lon="">
    <tag k="mgrs_code" v="99XXX0-1000"/>
    <tag k="local_x" v="-9.787"/>
    <tag k="local_y" v="12.0485"/>
    <tag k="ele" v="-0.0058"/>
  </node>
  <node id="3805" lat="" lon="">
    <tag k="mgrs_code" v="99XXX0-1000"/>
    <tag k="local_x" v="-9.7617"/>
    <tag k="local_y" v="11.8825"/>
    <tag k="ele" v="-0.0058"/>
  </node>
  <node id="3806" lat="" lon="">
    <tag k="mgrs_code" v="99XXX0-1000"/>
    <tag k="local_x" v="-9.7194"/>
    <tag k="local_y" v="11.7202"/>
    <tag k="ele" v="-0.0058"/>
  </node>
  <node id="3807" lat="" lon="">
    <tag k="mgrs_code" v="99XXX0-1000"/>
    <tag k="local_x" v="-9.603"/>
    <tag k="local_y" v="11.4185"/>
    <tag k="ele" v="-0.0058"/>
  </node>
  <node id="3808" lat="" lon="">
    <tag k="mgrs_code" v="99XXX0-1000"/>
    <tag k="local_x" v="-15.4007"/>
    <tag k="local_y" v="14.4788"/>
    <tag k="ele" v="-0.0058"/>
  </node>
  <node id="3809" lat="" lon="">
    <tag k="mgrs_code" v="99XXX0-1000"/>
    <tag k="local_x" v="-15.5705"/>
    <tag k="local_y" v="13.8674"/>
    <tag k="ele" v="-0.0058"/>
  </node>
  <node id="3810" lat="" lon="">
    <tag k="mgrs_code" v="99XXX0-1000"/>
    <tag k="local_x" v="-15.7061"/>
    <tag k="local_y" v="13.0891"/>
    <tag k="ele" v="-0.0058"/>
  </node>
  <node id="3811" lat="" lon="">
    <tag k="mgrs_code" v="99XXX0-1000"/>
    <tag k="local_x" v="-15.7599"/>
    <tag k="local_y" v="12.3008"/>
    <tag k="ele" v="-0.0058"/>
  </node>
  <node id="3812" lat="" lon="">
    <tag k="mgrs_code" v="99XXX0-1000"/>
    <tag k="local_x" v="-15.7314"/>
    <tag k="local_y" v="11.511"/>
    <tag k="ele" v="-0.0058"/>
  </node>
  <node id="3813" lat="" lon="">
    <tag k="mgrs_code" v="99XXX0-1000"/>
    <tag k="local_x" v="-15.6207"/>
    <tag k="local_y" v="10.7284"/>
    <tag k="ele" v="-0.0058"/>
  </node>
  <node id="3814" lat="" lon="">
    <tag k="mgrs_code" v="99XXX0-1000"/>
    <tag k="local_x" v="-15.4291"/>
    <tag k="local_y" v="9.9614"/>
    <tag k="ele" v="-0.0058"/>
  </node>
  <node id="3815" lat="" lon="">
    <tag k="mgrs_code" v="99XXX0-1000"/>
    <tag k="local_x" v="-15.2159"/>
    <tag k="local_y" v="9.3632"/>
    <tag k="ele" v="-0.0058"/>
  </node>
  <node id="3819" lat="" lon="">
    <tag k="mgrs_code" v="99XXX0-1000"/>
    <tag k="local_x" v="-4.9658"/>
    <tag k="local_y" v="7.0466"/>
    <tag k="ele" v="-0.0047"/>
  </node>
  <node id="3820" lat="" lon="">
    <tag k="mgrs_code" v="99XXX0-1000"/>
    <tag k="local_x" v="-5.1075"/>
    <tag k="local_y" v="5.9888"/>
    <tag k="ele" v="-0.0047"/>
  </node>
  <node id="3821" lat="" lon="">
    <tag k="mgrs_code" v="99XXX0-1000"/>
    <tag k="local_x" v="-5.1072"/>
    <tag k="local_y" v="5.2765"/>
    <tag k="ele" v="-0.0047"/>
  </node>
  <node id="3823" lat="" lon="">
    <tag k="mgrs_code" v="99XXX0-1000"/>
    <tag k="local_x" v="-8.5521"/>
    <tag k="local_y" v="2.2376"/>
    <tag k="ele" v="-0.0047"/>
  </node>
  <node id="3824" lat="" lon="">
    <tag k="mgrs_code" v="99XXX0-1000"/>
    <tag k="local_x" v="-8.35"/>
    <tag k="local_y" v="1.9076"/>
    <tag k="ele" v="-0.0047"/>
  </node>
  <node id="3828" lat="" lon="">
    <tag k="mgrs_code" v="99XXX0-1000"/>
    <tag k="local_x" v="-6.2396"/>
    <tag k="local_y" v="8.0713"/>
    <tag k="ele" v="-0.0047"/>
  </node>
  <node id="3830" lat="" lon="">
    <tag k="mgrs_code" v="99XXX0-1000"/>
    <tag k="local_x" v="-5.8912"/>
    <tag k="local_y" v="7.9848"/>
    <tag k="ele" v="-0.0047"/>
  </node>
  <node id="3831" lat="" lon="">
    <tag k="mgrs_code" v="99XXX0-1000"/>
    <tag k="local_x" v="-5.6794"/>
    <tag k="local_y" v="7.9544"/>
    <tag k="ele" v="-0.0047"/>
  </node>
  <node id="3833" lat="" lon="">
    <tag k="mgrs_code" v="99XXX0-1000"/>
    <tag k="local_x" v="-5.3422"/>
    <tag k="local_y" v="7.9502"/>
    <tag k="ele" v="-0.0047"/>
  </node>
  <node id="3834" lat="" lon="">
    <tag k="mgrs_code" v="99XXX0-1000"/>
    <tag k="local_x" v="-4.962"/>
    <tag k="local_y" v="7.9591"/>
    <tag k="ele" v="-0.0047"/>
  </node>
  <node id="3835" lat="" lon="">
    <tag k="mgrs_code" v="99XXX0-1000"/>
    <tag k="local_x" v="-8.0733"/>
    <tag k="local_y" v="2.2167"/>
    <tag k="ele" v="-0.0047"/>
  </node>
  <node id="3836" lat="" lon="">
    <tag k="mgrs_code" v="99XXX0-1000"/>
    <tag k="local_x" v="-7.4622"/>
    <tag k="local_y" v="2.036"/>
    <tag k="ele" v="-0.0047"/>
  </node>
  <node id="3837" lat="" lon="">
    <tag k="mgrs_code" v="99XXX0-1000"/>
    <tag k="local_x" v="-6.6854"/>
    <tag k="local_y" v="1.8843"/>
    <tag k="ele" v="-0.0047"/>
  </node>
  <node id="3838" lat="" lon="">
    <tag k="mgrs_code" v="99XXX0-1000"/>
    <tag k="local_x" v="-5.8974"/>
    <tag k="local_y" v="1.8122"/>
    <tag k="ele" v="-0.0047"/>
  </node>
  <node id="3839" lat="" lon="">
    <tag k="mgrs_code" v="99XXX0-1000"/>
    <tag k="local_x" v="-5.1065"/>
    <tag k="local_y" v="1.8204"/>
    <tag k="ele" v="-0.0047"/>
  </node>
  <node id="3840" lat="" lon="">
    <tag k="mgrs_code" v="99XXX0-1000"/>
    <tag k="local_x" v="-4.3207"/>
    <tag k="local_y" v="1.9088"/>
    <tag k="ele" v="-0.0047"/>
  </node>
  <node id="3841" lat="" lon="">
    <tag k="mgrs_code" v="99XXX0-1000"/>
    <tag k="local_x" v="-3.6978"/>
    <tag k="local_y" v="2.0405"/>
    <tag k="ele" v="-0.0047"/>
  </node>
  <node id="3857" lat="" lon="">
    <tag k="mgrs_code" v="99XXX0000-1"/>
    <tag k="local_x" v="27.3152"/>
    <tag k="local_y" v="-1.0159"/>
    <tag k="ele" v="-0.01"/>
  </node>
  <node id="3858" lat="" lon="">
    <tag k="mgrs_code" v="99XXX0000-1"/>
    <tag k="local_x" v="41.986"/>
    <tag k="local_y" v="-0.861"/>
    <tag k="ele" v="-0.01"/>
  </node>
  <node id="3860" lat="" lon="">
    <tag k="mgrs_code" v="99XXX0000-1"/>
    <tag k="local_x" v="42.0378"/>
    <tag k="local_y" v="-26.7121"/>
    <tag k="ele" v="-0.01"/>
  </node>
  <node id="3861" lat="" lon="">
    <tag k="mgrs_code" v="99XXX0000-1"/>
    <tag k="local_x" v="27.2967"/>
    <tag k="local_y" v="-1.0339"/>
    <tag k="ele" v="-0.01"/>
  </node>
  <node id="3862" lat="" lon="">
    <tag k="mgrs_code" v="99XXX0000-1"/>
    <tag k="local_x" v="27.7367"/>
    <tag k="local_y" v="-26.6004"/>
    <tag k="ele" v="-0.0075"/>
  </node>
  <node id="3866" lat="" lon="">
    <tag k="mgrs_code" v="99XXX0-10-1"/>
    <tag k="local_x" v="-15.2365"/>
    <tag k="local_y" v="-33.6642"/>
    <tag k="ele" v="-0.01"/>
  </node>
  <node id="3867" lat="" lon="">
    <tag k="mgrs_code" v="99XXX0-10-1"/>
    <tag k="local_x" v="-15.2636"/>
    <tag k="local_y" v="-26.4975"/>
    <tag k="ele" v="-0.0063"/>
  </node>
  <node id="3869" lat="" lon="">
    <tag k="mgrs_code" v="99XXX0-10-1"/>
    <tag k="local_x" v="-15.2534"/>
    <tag k="local_y" v="-26.6855"/>
    <tag k="ele" v="-0.0063"/>
  </node>
  <node id="3870" lat="" lon="">
    <tag k="mgrs_code" v="99XXX0-10-1"/>
    <tag k="local_x" v="-12.6384"/>
    <tag k="local_y" v="-26.6326"/>
    <tag k="ele" v="-0.0067"/>
  </node>
  <node id="3872" lat="" lon="">
    <tag k="mgrs_code" v="99XXX0-10-1"/>
    <tag k="local_x" v="-12.6115"/>
    <tag k="local_y" v="-29.5051"/>
    <tag k="ele" v="-0.005"/>
  </node>
  <node id="3873" lat="" lon="">
    <tag k="mgrs_code" v="99XXX0-10-1"/>
    <tag k="local_x" v="-15.2314"/>
    <tag k="local_y" v="-29.5493"/>
    <tag k="ele" v="-0.0057"/>
  </node>
  <node id="3875" lat="" lon="">
    <tag k="mgrs_code" v="99XXX0-10-1"/>
    <tag k="local_x" v="-17.894"/>
    <tag k="local_y" v="-29.6246"/>
    <tag k="ele" v="-0.0063"/>
  </node>
  <node id="3876" lat="" lon="">
    <tag k="mgrs_code" v="99XXX0-10-1"/>
    <tag k="local_x" v="-15.279"/>
    <tag k="local_y" v="-29.5717"/>
    <tag k="ele" v="-0.0067"/>
  </node>
  <node id="3877" lat="" lon="">
    <tag k="mgrs_code" v="99XXX0-10-1"/>
    <tag k="local_x" v="-15.2521"/>
    <tag k="local_y" v="-32.4442"/>
    <tag k="ele" v="-0.005"/>
  </node>
  <node id="3878" lat="" lon="">
    <tag k="mgrs_code" v="99XXX0-10-1"/>
    <tag k="local_x" v="-17.872"/>
    <tag k="local_y" v="-32.4884"/>
    <tag k="ele" v="-0.0057"/>
  </node>
  <node id="3894" lat="" lon="">
    <tag k="mgrs_code" v="99XXX0-1000"/>
    <tag k="local_x" v="-43.3995"/>
    <tag k="local_y" v="0.5451"/>
    <tag k="ele" v="-0.01"/>
  </node>
  <node id="3895" lat="" lon="">
    <tag k="mgrs_code" v="99XXX0-1000"/>
    <tag k="local_x" v="-47.2298"/>
    <tag k="local_y" v="4.1832"/>
    <tag k="ele" v="-0.01"/>
  </node>
  <node id="3897" lat="" lon="">
    <tag k="mgrs_code" v="99XXX0-1000"/>
    <tag k="local_x" v="-47.2758"/>
    <tag k="local_y" v="13.2613"/>
    <tag k="ele" v="-0.01"/>
  </node>
  <node id="3898" lat="" lon="">
    <tag k="mgrs_code" v="99XXX0-1000"/>
    <tag k="local_x" v="-43.3196"/>
    <tag k="local_y" v="15.7463"/>
    <tag k="ele" v="-0.01"/>
  </node>
  <node id="3899" lat="" lon="">
    <tag k="mgrs_code" v="99XXX0-1000"/>
    <tag k="local_x" v="-43.2963"/>
    <tag k="local_y" v="19.8994"/>
    <tag k="ele" v="-0.01"/>
  </node>
  <node id="3900" lat="" lon="">
    <tag k="mgrs_code" v="99XXX0-1000"/>
    <tag k="local_x" v="-40.2898"/>
    <tag k="local_y" v="20.0777"/>
    <tag k="ele" v="-0.004"/>
  </node>
  <node id="3901" lat="" lon="">
    <tag k="mgrs_code" v="99XXX0-10-1"/>
    <tag k="local_x" v="-40.404"/>
    <tag k="local_y" v="-4.1851"/>
    <tag k="ele" v="-0.0067"/>
  </node>
  <node id="3902" lat="" lon="">
    <tag k="mgrs_code" v="99XXX0-10-1"/>
    <tag k="local_x" v="-43.4413"/>
    <tag k="local_y" v="-4.1061"/>
    <tag k="ele" v="-0.01"/>
  </node>
  <node id="3903" lat="" lon="">
    <tag k="mgrs_code" v="99XXX0-1000"/>
    <tag k="local_x" v="-43.4144"/>
    <tag k="local_y" v="0.5427"/>
    <tag k="ele" v="-0.01"/>
  </node>
  <node id="3919" lat="" lon="">
    <tag k="mgrs_code" v="99XXX0-1000"/>
    <tag k="local_x" v="-34.6299"/>
    <tag k="local_y" v="31.8974"/>
    <tag k="ele" v="-0.01"/>
  </node>
  <node id="3920" lat="" lon="">
    <tag k="mgrs_code" v="99XXX0-1000"/>
    <tag k="local_x" v="-32.3531"/>
    <tag k="local_y" v="32.2818"/>
    <tag k="ele" v="-0.01"/>
  </node>
  <node id="3922" lat="" lon="">
    <tag k="mgrs_code" v="99XXX0-1000"/>
    <tag k="local_x" v="-29.5132"/>
    <tag k="local_y" v="36.3506"/>
    <tag k="ele" v="-0.01"/>
  </node>
  <node id="3923" lat="" lon="">
    <tag k="mgrs_code" v="99XXX0-1000"/>
    <tag k="local_x" v="-21.0072"/>
    <tag k="local_y" v="36.4747"/>
    <tag k="ele" v="-0.01"/>
  </node>
  <node id="3924" lat="" lon="">
    <tag k="mgrs_code" v="99XXX0-1000"/>
    <tag k="local_x" v="-17.1121"/>
    <tag k="local_y" v="32.4833"/>
    <tag k="ele" v="-0.01"/>
  </node>
  <node id="3925" lat="" lon="">
    <tag k="mgrs_code" v="99XXX0-1000"/>
    <tag k="local_x" v="-13.0325"/>
    <tag k="local_y" v="32.5291"/>
    <tag k="ele" v="-0.01"/>
  </node>
  <node id="3926" lat="" lon="">
    <tag k="mgrs_code" v="99XXX0-1000"/>
    <tag k="local_x" v="-12.8105"/>
    <tag k="local_y" v="29.7548"/>
    <tag k="ele" v="-0.0057"/>
  </node>
  <node id="3927" lat="" lon="">
    <tag k="mgrs_code" v="99XXX0-1000"/>
    <tag k="local_x" v="-34.5809"/>
    <tag k="local_y" v="29.3727"/>
    <tag k="ele" v="-0.01"/>
  </node>
  <node id="3929" lat="" lon="">
    <tag k="mgrs_code" v="99XXX0-1000"/>
    <tag k="local_x" v="-14.9838"/>
    <tag k="local_y" v="30.9415"/>
    <tag k="ele" v="-0.01"/>
  </node>
  <node id="3930" lat="" lon="">
    <tag k="mgrs_code" v="99XXX0-1000"/>
    <tag k="local_x" v="-16.5367"/>
    <tag k="local_y" v="30.9106"/>
    <tag k="ele" v="-0.01"/>
  </node>
  <node id="3932" lat="" lon="">
    <tag k="mgrs_code" v="99XXX0-1000"/>
    <tag k="local_x" v="-20.8659"/>
    <tag k="local_y" v="30.915"/>
    <tag k="ele" v="-0.01"/>
  </node>
  <node id="3933" lat="" lon="">
    <tag k="mgrs_code" v="99XXX0-1000"/>
    <tag k="local_x" v="-20.9312"/>
    <tag k="local_y" v="32.7405"/>
    <tag k="ele" v="-0.01"/>
  </node>
  <node id="3934" lat="" lon="">
    <tag k="mgrs_code" v="99XXX0-1000"/>
    <tag k="local_x" v="-20.98"/>
    <tag k="local_y" v="34.573"/>
    <tag k="ele" v="-0.01"/>
  </node>
  <node id="3935" lat="" lon="">
    <tag k="mgrs_code" v="99XXX0-1000"/>
    <tag k="local_x" v="-25.4013"/>
    <tag k="local_y" v="34.5898"/>
    <tag k="ele" v="-0.01"/>
  </node>
  <node id="3936" lat="" lon="">
    <tag k="mgrs_code" v="99XXX0-1000"/>
    <tag k="local_x" v="-29.1095"/>
    <tag k="local_y" v="34.5214"/>
    <tag k="ele" v="-0.01"/>
  </node>
  <node id="3937" lat="" lon="">
    <tag k="mgrs_code" v="99XXX0-1000"/>
    <tag k="local_x" v="-29.1361"/>
    <tag k="local_y" v="32.4999"/>
    <tag k="ele" v="-0.01"/>
  </node>
  <node id="3938" lat="" lon="">
    <tag k="mgrs_code" v="99XXX0-1000"/>
    <tag k="local_x" v="-29.1688"/>
    <tag k="local_y" v="30.5942"/>
    <tag k="ele" v="-0.01"/>
  </node>
  <node id="3939" lat="" lon="">
    <tag k="mgrs_code" v="99XXX0-1000"/>
    <tag k="local_x" v="-32.5113"/>
    <tag k="local_y" v="30.5612"/>
    <tag k="ele" v="-0.01"/>
  </node>
  <node id="3940" lat="" lon="">
    <tag k="mgrs_code" v="99XXX0-1000"/>
    <tag k="local_x" v="-34.4888"/>
    <tag k="local_y" v="30.5175"/>
    <tag k="ele" v="-0.01"/>
  </node>
  <node id="3942" lat="" lon="">
    <tag k="mgrs_code" v="99XXX0-1000"/>
    <tag k="local_x" v="-41.6244"/>
    <tag k="local_y" v="18.6908"/>
    <tag k="ele" v="-0.01"/>
  </node>
  <node id="3943" lat="" lon="">
    <tag k="mgrs_code" v="99XXX0-1000"/>
    <tag k="local_x" v="-41.6308"/>
    <tag k="local_y" v="17.5875"/>
    <tag k="ele" v="-0.01"/>
  </node>
  <node id="3945" lat="" lon="">
    <tag k="mgrs_code" v="99XXX0-1000"/>
    <tag k="local_x" v="-41.8785"/>
    <tag k="local_y" v="13.2764"/>
    <tag k="ele" v="-0.01"/>
  </node>
  <node id="3946" lat="" lon="">
    <tag k="mgrs_code" v="99XXX0-1000"/>
    <tag k="local_x" v="-43.4896"/>
    <tag k="local_y" v="13.2251"/>
    <tag k="ele" v="-0.01"/>
  </node>
  <node id="3947" lat="" lon="">
    <tag k="mgrs_code" v="99XXX0-1000"/>
    <tag k="local_x" v="-45.2685"/>
    <tag k="local_y" v="13.1847"/>
    <tag k="ele" v="-0.01"/>
  </node>
  <node id="3948" lat="" lon="">
    <tag k="mgrs_code" v="99XXX0-1000"/>
    <tag k="local_x" v="-45.2348"/>
    <tag k="local_y" v="8.9676"/>
    <tag k="ele" v="-0.01"/>
  </node>
  <node id="3949" lat="" lon="">
    <tag k="mgrs_code" v="99XXX0-1000"/>
    <tag k="local_x" v="-45.2941"/>
    <tag k="local_y" v="4.1505"/>
    <tag k="ele" v="-0.01"/>
  </node>
  <node id="3950" lat="" lon="">
    <tag k="mgrs_code" v="99XXX0-1000"/>
    <tag k="local_x" v="-43.5372"/>
    <tag k="local_y" v="4.1347"/>
    <tag k="ele" v="-0.01"/>
  </node>
  <node id="3951" lat="" lon="">
    <tag k="mgrs_code" v="99XXX0-1000"/>
    <tag k="local_x" v="-42.1636"/>
    <tag k="local_y" v="4.1322"/>
    <tag k="ele" v="-0.01"/>
  </node>
  <node id="3952" lat="" lon="">
    <tag k="mgrs_code" v="99XXX0-10-1"/>
    <tag k="local_x" v="-42.1171"/>
    <tag k="local_y" v="-1.3737"/>
    <tag k="ele" v="-0.01"/>
  </node>
  <node id="3953" lat="" lon="">
    <tag k="mgrs_code" v="99XXX0-10-1"/>
    <tag k="local_x" v="-42.1233"/>
    <tag k="local_y" v="-3.9094"/>
    <tag k="ele" v="-0.01"/>
  </node>
  <node id="3955" lat="" lon="">
    <tag k="mgrs_code" v="99XXX0-1000"/>
    <tag k="local_x" v="-4.8644"/>
    <tag k="local_y" v="5.2576"/>
    <tag k="ele" v="-0.0005"/>
  </node>
  <node id="3956" lat="" lon="">
    <tag k="mgrs_code" v="99XXX0-1000"/>
    <tag k="local_x" v="-8.0918"/>
    <tag k="local_y" v="5.1642"/>
    <tag k="ele" v="-0.005"/>
  </node>
  <node id="3958" lat="" lon="">
    <tag k="mgrs_code" v="99XXX0-1000"/>
    <tag k="local_x" v="-8.3223"/>
    <tag k="local_y" v="1.4958"/>
    <tag k="ele" v="-0.0045"/>
  </node>
  <node id="3959" lat="" lon="">
    <tag k="mgrs_code" v="99XXX0-10-1"/>
    <tag k="local_x" v="-12.1524"/>
    <tag k="local_y" v="-0.4005"/>
    <tag k="ele" v="-0.0043"/>
  </node>
  <node id="3960" lat="" lon="">
    <tag k="mgrs_code" v="99XXX0-10-1"/>
    <tag k="local_x" v="-12.2907"/>
    <tag k="local_y" v="-6.8937"/>
    <tag k="ele" v="-0.004"/>
  </node>
  <node id="3961" lat="" lon="">
    <tag k="mgrs_code" v="99XXX0-10-1"/>
    <tag k="local_x" v="-8.3045"/>
    <tag k="local_y" v="-9.6484"/>
    <tag k="ele" v="-0.0057"/>
  </node>
  <node id="3962" lat="" lon="">
    <tag k="mgrs_code" v="99XXX0-10-1"/>
    <tag k="local_x" v="-8.3663"/>
    <tag k="local_y" v="-11.6997"/>
    <tag k="ele" v="-0.0044"/>
  </node>
  <node id="3963" lat="" lon="">
    <tag k="mgrs_code" v="99XXX0-10-1"/>
    <tag k="local_x" v="-5.3708"/>
    <tag k="local_y" v="-11.3017"/>
    <tag k="ele" v="-0.01"/>
  </node>
  <node id="3974" lat="" lon="">
    <tag k="mgrs_code" v="99XXX0-1000"/>
    <tag k="local_x" v="-7.1663"/>
    <tag k="local_y" v="3.3074"/>
    <tag k="ele" v="-0.01"/>
  </node>
  <node id="3975" lat="" lon="">
    <tag k="mgrs_code" v="99XXX0-1000"/>
    <tag k="local_x" v="-7.1263"/>
    <tag k="local_y" v="2.3834"/>
    <tag k="ele" v="-0.01"/>
  </node>
  <node id="3976" lat="" lon="">
    <tag k="mgrs_code" v="99XXX0-10-1"/>
    <tag k="local_x" v="-7.1211"/>
    <tag k="local_y" v="-0.6934"/>
    <tag k="ele" v="-0.0073"/>
  </node>
  <node id="3977" lat="" lon="">
    <tag k="mgrs_code" v="99XXX0-10-1"/>
    <tag k="local_x" v="-9.0116"/>
    <tag k="local_y" v="-0.6431"/>
    <tag k="ele" v="-0.0073"/>
  </node>
  <node id="3978" lat="" lon="">
    <tag k="mgrs_code" v="99XXX0-10-1"/>
    <tag k="local_x" v="-10.5316"/>
    <tag k="local_y" v="-0.6699"/>
    <tag k="ele" v="-0.0033"/>
  </node>
  <node id="3979" lat="" lon="">
    <tag k="mgrs_code" v="99XXX0-10-1"/>
    <tag k="local_x" v="-10.4816"/>
    <tag k="local_y" v="-3.8897"/>
    <tag k="ele" v="-0.001"/>
  </node>
  <node id="3980" lat="" lon="">
    <tag k="mgrs_code" v="99XXX0-10-1"/>
    <tag k="local_x" v="-10.4446"/>
    <tag k="local_y" v="-7.1159"/>
    <tag k="ele" v="-0.005"/>
  </node>
  <node id="3981" lat="" lon="">
    <tag k="mgrs_code" v="99XXX0-10-1"/>
    <tag k="local_x" v="-8.8118"/>
    <tag k="local_y" v="-7.1503"/>
    <tag k="ele" v="-0.0045"/>
  </node>
  <node id="3982" lat="" lon="">
    <tag k="mgrs_code" v="99XXX0-10-1"/>
    <tag k="local_x" v="-6.902"/>
    <tag k="local_y" v="-7.1882"/>
    <tag k="ele" v="-0.004"/>
  </node>
  <node id="3983" lat="" lon="">
    <tag k="mgrs_code" v="99XXX0-10-1"/>
    <tag k="local_x" v="-6.919"/>
    <tag k="local_y" v="-9.8958"/>
    <tag k="ele" v="-0.0033"/>
  </node>
  <node id="3984" lat="" lon="">
    <tag k="mgrs_code" v="99XXX0-10-1"/>
    <tag k="local_x" v="-6.8903"/>
    <tag k="local_y" v="-10.8404"/>
    <tag k="ele" v="-0.0045"/>
  </node>
  <node id="3985" lat="" lon="">
    <tag k="mgrs_code" v="99XXX0000-1"/>
    <tag k="local_x" v="28.6151"/>
    <tag k="local_y" v="-5.6953"/>
    <tag k="ele" v="-0.01"/>
  </node>
  <node id="3986" lat="" lon="">
    <tag k="mgrs_code" v="99XXX0000-1"/>
    <tag k="local_x" v="36.3172"/>
    <tag k="local_y" v="-5.678"/>
    <tag k="ele" v="-0.01"/>
  </node>
  <node id="3988" lat="" lon="">
    <tag k="mgrs_code" v="99XXX0000-1"/>
    <tag k="local_x" v="36.2166"/>
    <tag k="local_y" v="-7.9717"/>
    <tag k="ele" v="-0.01"/>
  </node>
  <node id="3989" lat="" lon="">
    <tag k="mgrs_code" v="99XXX0000-1"/>
    <tag k="local_x" v="36.1515"/>
    <tag k="local_y" v="-9.8545"/>
    <tag k="ele" v="-0.01"/>
  </node>
  <node id="3990" lat="" lon="">
    <tag k="mgrs_code" v="99XXX0000-1"/>
    <tag k="local_x" v="40.8935"/>
    <tag k="local_y" v="-9.938"/>
    <tag k="ele" v="-0.01"/>
  </node>
  <way id="3">
    <nd ref="2"/>
    <nd ref="4"/>
    <tag k="type" v="line_thin"/>
    <tag k="subtype" v="solid"/>
  </way>
  <way id="8">
    <nd ref="5"/>
    <nd ref="6"/>
    <nd ref="7"/>
    <tag k="type" v="line_thin"/>
    <tag k="subtype" v="solid"/>
  </way>
  <way id="50">
    <nd ref="47"/>
    <nd ref="48"/>
    <nd ref="49"/>
    <tag k="type" v="line_thin"/>
    <tag k="subtype" v="solid"/>
  </way>
  <way id="84">
    <nd ref="75"/>
    <nd ref="76"/>
    <nd ref="77"/>
    <tag k="type" v="line_thin"/>
    <tag k="subtype" v="solid"/>
  </way>
  <way id="85">
    <nd ref="78"/>
    <nd ref="79"/>
    <nd ref="80"/>
    <tag k="type" v="line_thin"/>
    <tag k="subtype" v="solid"/>
  </way>
  <way id="86">
    <nd ref="81"/>
    <nd ref="82"/>
    <nd ref="83"/>
    <tag k="type" v="line_thin"/>
    <tag k="subtype" v="solid"/>
  </way>
  <way id="123">
    <nd ref="117"/>
    <nd ref="118"/>
    <tag k="type" v="line_thin"/>
    <tag k="subtype" v="solid"/>
  </way>
  <way id="124">
    <nd ref="119"/>
    <nd ref="120"/>
    <tag k="type" v="line_thin"/>
    <tag k="subtype" v="solid"/>
  </way>
  <way id="125">
    <nd ref="121"/>
    <nd ref="122"/>
    <tag k="type" v="line_thin"/>
    <tag k="subtype" v="solid"/>
  </way>
  <way id="130">
    <nd ref="128"/>
    <nd ref="129"/>
    <tag k="type" v="line_thin"/>
    <tag k="subtype" v="solid"/>
  </way>
  <way id="145">
    <nd ref="143"/>
    <nd ref="144"/>
    <tag k="type" v="line_thin"/>
    <tag k="subtype" v="solid"/>
  </way>
  <way id="148">
    <nd ref="146"/>
    <nd ref="147"/>
    <tag k="type" v="line_thin"/>
    <tag k="subtype" v="solid"/>
  </way>
  <way id="160">
    <nd ref="154"/>
    <nd ref="155"/>
    <tag k="type" v="line_thin"/>
    <tag k="subtype" v="solid"/>
  </way>
  <way id="161">
    <nd ref="156"/>
    <nd ref="157"/>
    <tag k="type" v="line_thin"/>
    <tag k="subtype" v="solid"/>
  </way>
  <way id="162">
    <nd ref="158"/>
    <nd ref="159"/>
    <tag k="type" v="line_thin"/>
    <tag k="subtype" v="solid"/>
  </way>
  <way id="171">
    <nd ref="165"/>
    <nd ref="166"/>
    <tag k="type" v="line_thin"/>
    <tag k="subtype" v="solid"/>
  </way>
  <way id="172">
    <nd ref="167"/>
    <nd ref="168"/>
    <tag k="type" v="line_thin"/>
    <tag k="subtype" v="solid"/>
  </way>
  <way id="173">
    <nd ref="169"/>
    <nd ref="170"/>
    <tag k="type" v="line_thin"/>
    <tag k="subtype" v="solid"/>
  </way>
  <way id="178">
    <nd ref="176"/>
    <nd ref="177"/>
    <tag k="type" v="line_thin"/>
    <tag k="subtype" v="solid"/>
  </way>
  <way id="181">
    <nd ref="179"/>
    <nd ref="180"/>
    <tag k="type" v="line_thin"/>
    <tag k="subtype" v="solid"/>
  </way>
  <way id="184">
    <nd ref="182"/>
    <nd ref="183"/>
    <tag k="type" v="line_thin"/>
    <tag k="subtype" v="solid"/>
  </way>
  <way id="193">
    <nd ref="187"/>
    <nd ref="188"/>
    <tag k="type" v="line_thin"/>
    <tag k="subtype" v="solid"/>
  </way>
  <way id="194">
    <nd ref="189"/>
    <nd ref="190"/>
    <tag k="type" v="line_thin"/>
    <tag k="subtype" v="solid"/>
  </way>
  <way id="195">
    <nd ref="191"/>
    <nd ref="192"/>
    <tag k="type" v="line_thin"/>
    <tag k="subtype" v="solid"/>
  </way>
  <way id="200">
    <nd ref="198"/>
    <nd ref="199"/>
    <tag k="type" v="line_thin"/>
    <tag k="subtype" v="solid"/>
  </way>
  <way id="203">
    <nd ref="201"/>
    <nd ref="202"/>
    <tag k="type" v="line_thin"/>
    <tag k="subtype" v="solid"/>
  </way>
  <way id="206">
    <nd ref="204"/>
    <nd ref="205"/>
    <tag k="type" v="line_thin"/>
    <tag k="subtype" v="solid"/>
  </way>
  <way id="229">
    <nd ref="223"/>
    <nd ref="224"/>
    <tag k="type" v="line_thin"/>
    <tag k="subtype" v="solid"/>
  </way>
  <way id="230">
    <nd ref="225"/>
    <nd ref="226"/>
    <tag k="type" v="line_thin"/>
    <tag k="subtype" v="solid"/>
  </way>
  <way id="231">
    <nd ref="227"/>
    <nd ref="228"/>
    <tag k="type" v="line_thin"/>
    <tag k="subtype" v="solid"/>
  </way>
  <way id="240">
    <nd ref="234"/>
    <nd ref="235"/>
    <tag k="type" v="line_thin"/>
    <tag k="subtype" v="solid"/>
  </way>
  <way id="241">
    <nd ref="236"/>
    <nd ref="237"/>
    <tag k="type" v="line_thin"/>
    <tag k="subtype" v="solid"/>
  </way>
  <way id="242">
    <nd ref="238"/>
    <nd ref="239"/>
    <tag k="type" v="line_thin"/>
    <tag k="subtype" v="solid"/>
  </way>
  <way id="247">
    <nd ref="245"/>
    <nd ref="246"/>
    <tag k="type" v="line_thin"/>
    <tag k="subtype" v="solid"/>
  </way>
  <way id="250">
    <nd ref="248"/>
    <nd ref="249"/>
    <tag k="type" v="line_thin"/>
    <tag k="subtype" v="solid"/>
  </way>
  <way id="253">
    <nd ref="251"/>
    <nd ref="252"/>
    <tag k="type" v="line_thin"/>
    <tag k="subtype" v="solid"/>
  </way>
  <way id="258">
    <nd ref="256"/>
    <nd ref="257"/>
    <tag k="type" v="line_thin"/>
    <tag k="subtype" v="solid"/>
  </way>
  <way id="261">
    <nd ref="259"/>
    <nd ref="260"/>
    <tag k="type" v="line_thin"/>
    <tag k="subtype" v="solid"/>
  </way>
  <way id="264">
    <nd ref="262"/>
    <nd ref="263"/>
    <tag k="type" v="line_thin"/>
    <tag k="subtype" v="solid"/>
  </way>
  <way id="269">
    <nd ref="267"/>
    <nd ref="268"/>
    <tag k="type" v="line_thin"/>
    <tag k="subtype" v="solid"/>
  </way>
  <way id="275">
    <nd ref="273"/>
    <nd ref="274"/>
    <tag k="type" v="line_thin"/>
    <tag k="subtype" v="solid"/>
  </way>
  <way id="278">
    <nd ref="276"/>
    <nd ref="277"/>
    <tag k="type" v="line_thin"/>
    <tag k="subtype" v="solid"/>
  </way>
  <way id="283">
    <nd ref="281"/>
    <nd ref="282"/>
    <tag k="type" v="line_thin"/>
    <tag k="subtype" v="solid"/>
  </way>
  <way id="286">
    <nd ref="284"/>
    <nd ref="285"/>
    <tag k="type" v="line_thin"/>
    <tag k="subtype" v="solid"/>
  </way>
  <way id="289">
    <nd ref="287"/>
    <nd ref="288"/>
    <tag k="type" v="line_thin"/>
    <tag k="subtype" v="solid"/>
  </way>
  <way id="313">
    <nd ref="311"/>
    <nd ref="312"/>
    <tag k="type" v="line_thin"/>
    <tag k="subtype" v="solid"/>
  </way>
  <way id="316">
    <nd ref="314"/>
    <nd ref="315"/>
    <tag k="type" v="line_thin"/>
    <tag k="subtype" v="solid"/>
  </way>
  <way id="319">
    <nd ref="317"/>
    <nd ref="318"/>
    <tag k="type" v="line_thin"/>
    <tag k="subtype" v="solid"/>
  </way>
  <way id="325">
    <nd ref="322"/>
    <nd ref="93"/>
    <nd ref="94"/>
    <tag k="type" v="line_thin"/>
    <tag k="subtype" v="solid"/>
  </way>
  <way id="327">
    <nd ref="323"/>
    <nd ref="90"/>
    <nd ref="91"/>
    <tag k="type" v="line_thin"/>
    <tag k="subtype" v="solid"/>
  </way>
  <way id="338">
    <nd ref="336"/>
    <nd ref="337"/>
    <tag k="type" v="line_thin"/>
    <tag k="subtype" v="solid"/>
  </way>
  <way id="342">
    <nd ref="340"/>
    <nd ref="341"/>
    <tag k="type" v="line_thin"/>
    <tag k="subtype" v="solid"/>
  </way>
  <way id="345">
    <nd ref="343"/>
    <nd ref="344"/>
    <tag k="type" v="line_thin"/>
    <tag k="subtype" v="solid"/>
  </way>
  <way id="348">
    <nd ref="346"/>
    <nd ref="347"/>
    <tag k="type" v="line_thin"/>
    <tag k="subtype" v="solid"/>
  </way>
  <way id="353">
    <nd ref="351"/>
    <nd ref="352"/>
    <tag k="type" v="line_thin"/>
    <tag k="subtype" v="solid"/>
  </way>
  <way id="356">
    <nd ref="354"/>
    <nd ref="355"/>
    <tag k="type" v="line_thin"/>
    <tag k="subtype" v="solid"/>
  </way>
  <way id="359">
    <nd ref="357"/>
    <nd ref="358"/>
    <tag k="type" v="line_thin"/>
    <tag k="subtype" v="solid"/>
  </way>
  <way id="364">
    <nd ref="362"/>
    <nd ref="363"/>
    <tag k="type" v="line_thin"/>
    <tag k="subtype" v="solid"/>
  </way>
  <way id="367">
    <nd ref="365"/>
    <nd ref="366"/>
    <tag k="type" v="line_thin"/>
    <tag k="subtype" v="solid"/>
  </way>
  <way id="370">
    <nd ref="368"/>
    <nd ref="369"/>
    <tag k="type" v="line_thin"/>
    <tag k="subtype" v="solid"/>
  </way>
  <way id="375">
    <nd ref="373"/>
    <nd ref="374"/>
    <tag k="type" v="line_thin"/>
    <tag k="subtype" v="solid"/>
  </way>
  <way id="378">
    <nd ref="376"/>
    <nd ref="377"/>
    <tag k="type" v="line_thin"/>
    <tag k="subtype" v="solid"/>
  </way>
  <way id="381">
    <nd ref="379"/>
    <nd ref="380"/>
    <tag k="type" v="line_thin"/>
    <tag k="subtype" v="solid"/>
  </way>
  <way id="397">
    <nd ref="395"/>
    <nd ref="396"/>
    <tag k="type" v="line_thin"/>
    <tag k="subtype" v="solid"/>
  </way>
  <way id="400">
    <nd ref="398"/>
    <nd ref="399"/>
    <tag k="type" v="line_thin"/>
    <tag k="subtype" v="solid"/>
  </way>
  <way id="403">
    <nd ref="401"/>
    <nd ref="402"/>
    <tag k="type" v="line_thin"/>
    <tag k="subtype" v="solid"/>
  </way>
  <way id="494">
    <nd ref="399"/>
    <nd ref="410"/>
    <nd ref="411"/>
    <nd ref="412"/>
    <nd ref="413"/>
    <nd ref="414"/>
    <nd ref="415"/>
    <nd ref="416"/>
    <nd ref="417"/>
    <nd ref="418"/>
    <nd ref="419"/>
    <nd ref="420"/>
    <nd ref="421"/>
    <nd ref="422"/>
    <nd ref="423"/>
    <nd ref="424"/>
    <nd ref="425"/>
    <nd ref="426"/>
    <nd ref="427"/>
    <nd ref="428"/>
    <nd ref="429"/>
    <nd ref="430"/>
    <nd ref="431"/>
    <nd ref="432"/>
    <nd ref="433"/>
    <nd ref="434"/>
    <nd ref="435"/>
    <nd ref="436"/>
    <nd ref="437"/>
    <nd ref="438"/>
    <nd ref="439"/>
    <nd ref="440"/>
    <nd ref="441"/>
    <nd ref="442"/>
    <nd ref="443"/>
    <nd ref="444"/>
    <nd ref="445"/>
    <nd ref="446"/>
    <nd ref="447"/>
    <nd ref="448"/>
    <nd ref="449"/>
    <nd ref="450"/>
    <nd ref="451"/>
    <nd ref="377"/>
    <tag k="type" v="line_thin"/>
    <tag k="subtype" v="solid"/>
  </way>
  <way id="495">
    <nd ref="402"/>
    <nd ref="452"/>
    <nd ref="453"/>
    <nd ref="454"/>
    <nd ref="455"/>
    <nd ref="456"/>
    <nd ref="457"/>
    <nd ref="458"/>
    <nd ref="459"/>
    <nd ref="460"/>
    <nd ref="461"/>
    <nd ref="462"/>
    <nd ref="463"/>
    <nd ref="464"/>
    <nd ref="465"/>
    <nd ref="466"/>
    <nd ref="467"/>
    <nd ref="468"/>
    <nd ref="469"/>
    <nd ref="470"/>
    <nd ref="471"/>
    <nd ref="472"/>
    <nd ref="473"/>
    <nd ref="474"/>
    <nd ref="475"/>
    <nd ref="476"/>
    <nd ref="477"/>
    <nd ref="478"/>
    <nd ref="479"/>
    <nd ref="480"/>
    <nd ref="481"/>
    <nd ref="482"/>
    <nd ref="483"/>
    <nd ref="484"/>
    <nd ref="485"/>
    <nd ref="486"/>
    <nd ref="487"/>
    <nd ref="488"/>
    <nd ref="489"/>
    <nd ref="490"/>
    <nd ref="491"/>
    <nd ref="492"/>
    <nd ref="493"/>
    <nd ref="380"/>
    <tag k="type" v="line_thin"/>
    <tag k="subtype" v="solid"/>
  </way>
  <way id="563">
    <nd ref="377"/>
    <nd ref="497"/>
    <nd ref="498"/>
    <nd ref="499"/>
    <nd ref="500"/>
    <nd ref="501"/>
    <nd ref="502"/>
    <nd ref="503"/>
    <nd ref="504"/>
    <nd ref="505"/>
    <nd ref="506"/>
    <nd ref="507"/>
    <nd ref="508"/>
    <nd ref="509"/>
    <nd ref="510"/>
    <nd ref="511"/>
    <nd ref="512"/>
    <nd ref="513"/>
    <nd ref="514"/>
    <nd ref="515"/>
    <nd ref="516"/>
    <nd ref="517"/>
    <nd ref="518"/>
    <nd ref="519"/>
    <nd ref="520"/>
    <nd ref="521"/>
    <nd ref="522"/>
    <nd ref="523"/>
    <nd ref="524"/>
    <nd ref="525"/>
    <nd ref="526"/>
    <nd ref="527"/>
    <nd ref="528"/>
    <nd ref="529"/>
    <nd ref="399"/>
    <tag k="type" v="line_thin"/>
    <tag k="subtype" v="solid"/>
  </way>
  <way id="564">
    <nd ref="374"/>
    <nd ref="530"/>
    <nd ref="531"/>
    <nd ref="532"/>
    <nd ref="533"/>
    <nd ref="534"/>
    <nd ref="535"/>
    <nd ref="536"/>
    <nd ref="537"/>
    <nd ref="538"/>
    <nd ref="539"/>
    <nd ref="540"/>
    <nd ref="541"/>
    <nd ref="542"/>
    <nd ref="543"/>
    <nd ref="544"/>
    <nd ref="545"/>
    <nd ref="546"/>
    <nd ref="547"/>
    <nd ref="548"/>
    <nd ref="549"/>
    <nd ref="550"/>
    <nd ref="551"/>
    <nd ref="552"/>
    <nd ref="553"/>
    <nd ref="554"/>
    <nd ref="555"/>
    <nd ref="556"/>
    <nd ref="557"/>
    <nd ref="558"/>
    <nd ref="559"/>
    <nd ref="560"/>
    <nd ref="561"/>
    <nd ref="562"/>
    <nd ref="396"/>
    <tag k="type" v="line_thin"/>
    <tag k="subtype" v="solid"/>
  </way>
  <way id="568">
    <nd ref="566"/>
    <nd ref="567"/>
    <tag k="type" v="line_thin"/>
    <tag k="subtype" v="solid"/>
  </way>
  <way id="571">
    <nd ref="569"/>
    <nd ref="570"/>
    <tag k="type" v="line_thin"/>
    <tag k="subtype" v="solid"/>
  </way>
  <way id="574">
    <nd ref="572"/>
    <nd ref="573"/>
    <tag k="type" v="line_thin"/>
    <tag k="subtype" v="solid"/>
  </way>
  <way id="579">
    <nd ref="577"/>
    <nd ref="578"/>
    <tag k="type" v="line_thin"/>
    <tag k="subtype" v="solid"/>
  </way>
  <way id="582">
    <nd ref="580"/>
    <nd ref="581"/>
    <tag k="type" v="line_thin"/>
    <tag k="subtype" v="solid"/>
  </way>
  <way id="585">
    <nd ref="583"/>
    <nd ref="584"/>
    <tag k="type" v="line_thin"/>
    <tag k="subtype" v="solid"/>
  </way>
  <way id="652">
    <nd ref="580"/>
    <nd ref="588"/>
    <nd ref="589"/>
    <nd ref="590"/>
    <nd ref="591"/>
    <nd ref="592"/>
    <nd ref="593"/>
    <nd ref="594"/>
    <nd ref="595"/>
    <nd ref="596"/>
    <nd ref="597"/>
    <nd ref="598"/>
    <nd ref="599"/>
    <nd ref="600"/>
    <nd ref="601"/>
    <nd ref="602"/>
    <nd ref="603"/>
    <nd ref="604"/>
    <nd ref="605"/>
    <nd ref="606"/>
    <nd ref="607"/>
    <nd ref="608"/>
    <nd ref="609"/>
    <nd ref="610"/>
    <nd ref="611"/>
    <nd ref="612"/>
    <nd ref="613"/>
    <nd ref="614"/>
    <nd ref="615"/>
    <nd ref="616"/>
    <nd ref="617"/>
    <nd ref="618"/>
    <nd ref="619"/>
    <nd ref="570"/>
    <tag k="type" v="line_thin"/>
    <tag k="subtype" v="solid"/>
  </way>
  <way id="653">
    <nd ref="584"/>
    <nd ref="620"/>
    <nd ref="621"/>
    <nd ref="622"/>
    <nd ref="623"/>
    <nd ref="624"/>
    <nd ref="625"/>
    <nd ref="626"/>
    <nd ref="627"/>
    <nd ref="628"/>
    <nd ref="629"/>
    <nd ref="630"/>
    <nd ref="631"/>
    <nd ref="632"/>
    <nd ref="633"/>
    <nd ref="634"/>
    <nd ref="635"/>
    <nd ref="636"/>
    <nd ref="637"/>
    <nd ref="638"/>
    <nd ref="639"/>
    <nd ref="640"/>
    <nd ref="641"/>
    <nd ref="642"/>
    <nd ref="643"/>
    <nd ref="644"/>
    <nd ref="645"/>
    <nd ref="646"/>
    <nd ref="647"/>
    <nd ref="648"/>
    <nd ref="649"/>
    <nd ref="650"/>
    <nd ref="651"/>
    <nd ref="573"/>
    <tag k="type" v="line_thin"/>
    <tag k="subtype" v="solid"/>
  </way>
  <way id="701">
    <nd ref="570"/>
    <nd ref="655"/>
    <nd ref="656"/>
    <nd ref="657"/>
    <nd ref="658"/>
    <nd ref="659"/>
    <nd ref="660"/>
    <nd ref="661"/>
    <nd ref="662"/>
    <nd ref="663"/>
    <nd ref="664"/>
    <nd ref="665"/>
    <nd ref="666"/>
    <nd ref="667"/>
    <nd ref="668"/>
    <nd ref="669"/>
    <nd ref="670"/>
    <nd ref="671"/>
    <nd ref="672"/>
    <nd ref="673"/>
    <nd ref="674"/>
    <nd ref="675"/>
    <nd ref="676"/>
    <nd ref="677"/>
    <nd ref="580"/>
    <tag k="type" v="line_thin"/>
    <tag k="subtype" v="solid"/>
  </way>
  <way id="702">
    <nd ref="567"/>
    <nd ref="678"/>
    <nd ref="679"/>
    <nd ref="680"/>
    <nd ref="681"/>
    <nd ref="682"/>
    <nd ref="683"/>
    <nd ref="684"/>
    <nd ref="685"/>
    <nd ref="686"/>
    <nd ref="687"/>
    <nd ref="688"/>
    <nd ref="689"/>
    <nd ref="690"/>
    <nd ref="691"/>
    <nd ref="692"/>
    <nd ref="693"/>
    <nd ref="694"/>
    <nd ref="695"/>
    <nd ref="696"/>
    <nd ref="697"/>
    <nd ref="698"/>
    <nd ref="699"/>
    <nd ref="700"/>
    <nd ref="577"/>
    <tag k="type" v="line_thin"/>
    <tag k="subtype" v="solid"/>
  </way>
  <way id="706">
    <nd ref="704"/>
    <nd ref="705"/>
    <tag k="type" v="line_thin"/>
    <tag k="subtype" v="solid"/>
  </way>
  <way id="709">
    <nd ref="707"/>
    <nd ref="708"/>
    <tag k="type" v="line_thin"/>
    <tag k="subtype" v="solid"/>
  </way>
  <way id="712">
    <nd ref="710"/>
    <nd ref="711"/>
    <tag k="type" v="line_thin"/>
    <tag k="subtype" v="solid"/>
  </way>
  <way id="717">
    <nd ref="715"/>
    <nd ref="716"/>
    <tag k="type" v="line_thin"/>
    <tag k="subtype" v="solid"/>
  </way>
  <way id="720">
    <nd ref="718"/>
    <nd ref="719"/>
    <tag k="type" v="line_thin"/>
    <tag k="subtype" v="solid"/>
  </way>
  <way id="723">
    <nd ref="721"/>
    <nd ref="722"/>
    <tag k="type" v="line_thin"/>
    <tag k="subtype" v="solid"/>
  </way>
  <way id="758">
    <nd ref="718"/>
    <nd ref="726"/>
    <nd ref="727"/>
    <nd ref="728"/>
    <nd ref="729"/>
    <nd ref="730"/>
    <nd ref="731"/>
    <nd ref="732"/>
    <nd ref="733"/>
    <nd ref="734"/>
    <nd ref="735"/>
    <nd ref="736"/>
    <nd ref="737"/>
    <nd ref="738"/>
    <nd ref="739"/>
    <nd ref="740"/>
    <nd ref="741"/>
    <nd ref="708"/>
    <tag k="type" v="line_thin"/>
    <tag k="subtype" v="solid"/>
  </way>
  <way id="759">
    <nd ref="715"/>
    <nd ref="742"/>
    <nd ref="743"/>
    <nd ref="744"/>
    <nd ref="745"/>
    <nd ref="746"/>
    <nd ref="747"/>
    <nd ref="748"/>
    <nd ref="749"/>
    <nd ref="750"/>
    <nd ref="751"/>
    <nd ref="752"/>
    <nd ref="753"/>
    <nd ref="754"/>
    <nd ref="755"/>
    <nd ref="756"/>
    <nd ref="757"/>
    <nd ref="705"/>
    <tag k="type" v="line_thin"/>
    <tag k="subtype" v="solid"/>
  </way>
  <way id="811">
    <nd ref="708"/>
    <nd ref="761"/>
    <nd ref="762"/>
    <nd ref="763"/>
    <nd ref="764"/>
    <nd ref="765"/>
    <nd ref="766"/>
    <nd ref="767"/>
    <nd ref="768"/>
    <nd ref="769"/>
    <nd ref="770"/>
    <nd ref="771"/>
    <nd ref="772"/>
    <nd ref="773"/>
    <nd ref="774"/>
    <nd ref="775"/>
    <nd ref="776"/>
    <nd ref="777"/>
    <nd ref="778"/>
    <nd ref="779"/>
    <nd ref="780"/>
    <nd ref="781"/>
    <nd ref="782"/>
    <nd ref="783"/>
    <nd ref="784"/>
    <nd ref="785"/>
    <nd ref="718"/>
    <tag k="type" v="line_thin"/>
    <tag k="subtype" v="solid"/>
  </way>
  <way id="812">
    <nd ref="711"/>
    <nd ref="786"/>
    <nd ref="787"/>
    <nd ref="788"/>
    <nd ref="789"/>
    <nd ref="790"/>
    <nd ref="791"/>
    <nd ref="792"/>
    <nd ref="793"/>
    <nd ref="794"/>
    <nd ref="795"/>
    <nd ref="796"/>
    <nd ref="797"/>
    <nd ref="798"/>
    <nd ref="799"/>
    <nd ref="800"/>
    <nd ref="801"/>
    <nd ref="802"/>
    <nd ref="803"/>
    <nd ref="804"/>
    <nd ref="805"/>
    <nd ref="806"/>
    <nd ref="807"/>
    <nd ref="808"/>
    <nd ref="809"/>
    <nd ref="810"/>
    <nd ref="721"/>
    <tag k="type" v="line_thin"/>
    <tag k="subtype" v="solid"/>
  </way>
  <way id="829">
    <nd ref="707"/>
    <nd ref="47"/>
    <tag k="type" v="line_thin"/>
    <tag k="subtype" v="solid"/>
  </way>
  <way id="865">
    <nd ref="47"/>
    <nd ref="707"/>
    <tag k="type" v="line_thin"/>
    <tag k="subtype" v="solid"/>
  </way>
  <way id="866">
    <nd ref="5"/>
    <nd ref="710"/>
    <tag k="type" v="line_thin"/>
    <tag k="subtype" v="solid"/>
  </way>
  <way id="932">
    <nd ref="49"/>
    <nd ref="918"/>
    <nd ref="919"/>
    <nd ref="920"/>
    <nd ref="921"/>
    <nd ref="922"/>
    <nd ref="923"/>
    <nd ref="924"/>
    <nd ref="119"/>
    <tag k="type" v="line_thin"/>
    <tag k="subtype" v="solid"/>
  </way>
  <way id="933">
    <nd ref="4"/>
    <nd ref="925"/>
    <nd ref="926"/>
    <nd ref="927"/>
    <nd ref="928"/>
    <nd ref="929"/>
    <nd ref="930"/>
    <nd ref="931"/>
    <nd ref="121"/>
    <tag k="type" v="line_thin"/>
    <tag k="subtype" v="solid"/>
  </way>
  <way id="935">
    <nd ref="49"/>
    <nd ref="569"/>
    <tag k="type" v="line_thin"/>
    <tag k="subtype" v="solid"/>
  </way>
  <way id="936">
    <nd ref="4"/>
    <nd ref="566"/>
    <tag k="type" v="line_thin"/>
    <tag k="subtype" v="solid"/>
  </way>
  <way id="952">
    <nd ref="119"/>
    <nd ref="938"/>
    <nd ref="939"/>
    <nd ref="940"/>
    <nd ref="941"/>
    <nd ref="942"/>
    <nd ref="943"/>
    <nd ref="944"/>
    <nd ref="569"/>
    <tag k="type" v="line_thin"/>
    <tag k="subtype" v="solid"/>
  </way>
  <way id="953">
    <nd ref="117"/>
    <nd ref="945"/>
    <nd ref="946"/>
    <nd ref="947"/>
    <nd ref="948"/>
    <nd ref="949"/>
    <nd ref="950"/>
    <nd ref="951"/>
    <nd ref="566"/>
    <tag k="type" v="line_thin"/>
    <tag k="subtype" v="solid"/>
  </way>
  <way id="987">
    <nd ref="119"/>
    <nd ref="955"/>
    <nd ref="956"/>
    <nd ref="957"/>
    <nd ref="958"/>
    <nd ref="959"/>
    <nd ref="960"/>
    <nd ref="961"/>
    <nd ref="962"/>
    <nd ref="963"/>
    <nd ref="964"/>
    <nd ref="965"/>
    <nd ref="966"/>
    <nd ref="967"/>
    <nd ref="968"/>
    <nd ref="969"/>
    <nd ref="970"/>
    <nd ref="49"/>
    <tag k="type" v="line_thin"/>
    <tag k="subtype" v="solid"/>
  </way>
  <way id="988">
    <nd ref="117"/>
    <nd ref="971"/>
    <nd ref="972"/>
    <nd ref="973"/>
    <nd ref="974"/>
    <nd ref="975"/>
    <nd ref="976"/>
    <nd ref="977"/>
    <nd ref="978"/>
    <nd ref="979"/>
    <nd ref="980"/>
    <nd ref="981"/>
    <nd ref="982"/>
    <nd ref="983"/>
    <nd ref="984"/>
    <nd ref="985"/>
    <nd ref="986"/>
    <nd ref="7"/>
    <tag k="type" v="line_thin"/>
    <tag k="subtype" v="solid"/>
  </way>
  <way id="1022">
    <nd ref="569"/>
    <nd ref="990"/>
    <nd ref="991"/>
    <nd ref="992"/>
    <nd ref="993"/>
    <nd ref="994"/>
    <nd ref="995"/>
    <nd ref="996"/>
    <nd ref="997"/>
    <nd ref="998"/>
    <nd ref="999"/>
    <nd ref="1000"/>
    <nd ref="1001"/>
    <nd ref="1002"/>
    <nd ref="1003"/>
    <nd ref="1004"/>
    <nd ref="1005"/>
    <nd ref="119"/>
    <tag k="type" v="line_thin"/>
    <tag k="subtype" v="solid"/>
  </way>
  <way id="1023">
    <nd ref="572"/>
    <nd ref="1006"/>
    <nd ref="1007"/>
    <nd ref="1008"/>
    <nd ref="1009"/>
    <nd ref="1010"/>
    <nd ref="1011"/>
    <nd ref="1012"/>
    <nd ref="1013"/>
    <nd ref="1014"/>
    <nd ref="1015"/>
    <nd ref="1016"/>
    <nd ref="1017"/>
    <nd ref="1018"/>
    <nd ref="1019"/>
    <nd ref="1020"/>
    <nd ref="1021"/>
    <nd ref="121"/>
    <tag k="type" v="line_thin"/>
    <tag k="subtype" v="solid"/>
  </way>
  <way id="1025">
    <nd ref="569"/>
    <nd ref="49"/>
    <tag k="type" v="line_thin"/>
    <tag k="subtype" v="solid"/>
  </way>
  <way id="1026">
    <nd ref="572"/>
    <nd ref="7"/>
    <tag k="type" v="line_thin"/>
    <tag k="subtype" v="solid"/>
  </way>
  <way id="1059">
    <nd ref="581"/>
    <nd ref="1045"/>
    <nd ref="1046"/>
    <nd ref="1047"/>
    <nd ref="1048"/>
    <nd ref="1049"/>
    <nd ref="1050"/>
    <nd ref="1051"/>
    <nd ref="248"/>
    <tag k="type" v="line_thin"/>
    <tag k="subtype" v="solid"/>
  </way>
  <way id="1060">
    <nd ref="578"/>
    <nd ref="1052"/>
    <nd ref="1053"/>
    <nd ref="1054"/>
    <nd ref="1055"/>
    <nd ref="1056"/>
    <nd ref="1057"/>
    <nd ref="1058"/>
    <nd ref="245"/>
    <tag k="type" v="line_thin"/>
    <tag k="subtype" v="solid"/>
  </way>
  <way id="1062">
    <nd ref="581"/>
    <nd ref="167"/>
    <tag k="type" v="line_thin"/>
    <tag k="subtype" v="solid"/>
  </way>
  <way id="1063">
    <nd ref="578"/>
    <nd ref="169"/>
    <tag k="type" v="line_thin"/>
    <tag k="subtype" v="solid"/>
  </way>
  <way id="1079">
    <nd ref="248"/>
    <nd ref="1065"/>
    <nd ref="1066"/>
    <nd ref="1067"/>
    <nd ref="1068"/>
    <nd ref="1069"/>
    <nd ref="1070"/>
    <nd ref="1071"/>
    <nd ref="167"/>
    <tag k="type" v="line_thin"/>
    <tag k="subtype" v="solid"/>
  </way>
  <way id="1080">
    <nd ref="251"/>
    <nd ref="1072"/>
    <nd ref="1073"/>
    <nd ref="1074"/>
    <nd ref="1075"/>
    <nd ref="1076"/>
    <nd ref="1077"/>
    <nd ref="1078"/>
    <nd ref="169"/>
    <tag k="type" v="line_thin"/>
    <tag k="subtype" v="solid"/>
  </way>
  <way id="1116">
    <nd ref="248"/>
    <nd ref="1082"/>
    <nd ref="1083"/>
    <nd ref="1084"/>
    <nd ref="1085"/>
    <nd ref="1086"/>
    <nd ref="1087"/>
    <nd ref="1088"/>
    <nd ref="1089"/>
    <nd ref="1090"/>
    <nd ref="1091"/>
    <nd ref="1092"/>
    <nd ref="1093"/>
    <nd ref="1094"/>
    <nd ref="1095"/>
    <nd ref="1096"/>
    <nd ref="1097"/>
    <nd ref="1098"/>
    <nd ref="581"/>
    <tag k="type" v="line_thin"/>
    <tag k="subtype" v="solid"/>
  </way>
  <way id="1117">
    <nd ref="251"/>
    <nd ref="1099"/>
    <nd ref="1100"/>
    <nd ref="1101"/>
    <nd ref="1102"/>
    <nd ref="1103"/>
    <nd ref="1104"/>
    <nd ref="1105"/>
    <nd ref="1106"/>
    <nd ref="1107"/>
    <nd ref="1108"/>
    <nd ref="1109"/>
    <nd ref="1110"/>
    <nd ref="1111"/>
    <nd ref="1112"/>
    <nd ref="1113"/>
    <nd ref="1114"/>
    <nd ref="1115"/>
    <nd ref="583"/>
    <tag k="type" v="line_thin"/>
    <tag k="subtype" v="solid"/>
  </way>
  <way id="1151">
    <nd ref="167"/>
    <nd ref="1119"/>
    <nd ref="1120"/>
    <nd ref="1121"/>
    <nd ref="1122"/>
    <nd ref="1123"/>
    <nd ref="1124"/>
    <nd ref="1125"/>
    <nd ref="1126"/>
    <nd ref="1127"/>
    <nd ref="1128"/>
    <nd ref="1129"/>
    <nd ref="1130"/>
    <nd ref="1131"/>
    <nd ref="1132"/>
    <nd ref="1133"/>
    <nd ref="1134"/>
    <nd ref="248"/>
    <tag k="type" v="line_thin"/>
    <tag k="subtype" v="solid"/>
  </way>
  <way id="1152">
    <nd ref="165"/>
    <nd ref="1135"/>
    <nd ref="1136"/>
    <nd ref="1137"/>
    <nd ref="1138"/>
    <nd ref="1139"/>
    <nd ref="1140"/>
    <nd ref="1141"/>
    <nd ref="1142"/>
    <nd ref="1143"/>
    <nd ref="1144"/>
    <nd ref="1145"/>
    <nd ref="1146"/>
    <nd ref="1147"/>
    <nd ref="1148"/>
    <nd ref="1149"/>
    <nd ref="1150"/>
    <nd ref="245"/>
    <tag k="type" v="line_thin"/>
    <tag k="subtype" v="solid"/>
  </way>
  <way id="1154">
    <nd ref="167"/>
    <nd ref="581"/>
    <tag k="type" v="line_thin"/>
    <tag k="subtype" v="solid"/>
  </way>
  <way id="1155">
    <nd ref="165"/>
    <nd ref="583"/>
    <tag k="type" v="line_thin"/>
    <tag k="subtype" v="solid"/>
  </way>
  <way id="1171">
    <nd ref="168"/>
    <nd ref="1157"/>
    <nd ref="1158"/>
    <nd ref="1159"/>
    <nd ref="1160"/>
    <nd ref="1161"/>
    <nd ref="1162"/>
    <nd ref="1163"/>
    <nd ref="273"/>
    <tag k="type" v="line_thin"/>
    <tag k="subtype" v="solid"/>
  </way>
  <way id="1172">
    <nd ref="170"/>
    <nd ref="1164"/>
    <nd ref="1165"/>
    <nd ref="1166"/>
    <nd ref="1167"/>
    <nd ref="1168"/>
    <nd ref="1169"/>
    <nd ref="1170"/>
    <nd ref="267"/>
    <tag k="type" v="line_thin"/>
    <tag k="subtype" v="solid"/>
  </way>
  <way id="1174">
    <nd ref="168"/>
    <nd ref="376"/>
    <tag k="type" v="line_thin"/>
    <tag k="subtype" v="solid"/>
  </way>
  <way id="1175">
    <nd ref="170"/>
    <nd ref="373"/>
    <tag k="type" v="line_thin"/>
    <tag k="subtype" v="solid"/>
  </way>
  <way id="1191">
    <nd ref="273"/>
    <nd ref="1177"/>
    <nd ref="1178"/>
    <nd ref="1179"/>
    <nd ref="1180"/>
    <nd ref="1181"/>
    <nd ref="1182"/>
    <nd ref="1183"/>
    <nd ref="376"/>
    <tag k="type" v="line_thin"/>
    <tag k="subtype" v="solid"/>
  </way>
  <way id="1192">
    <nd ref="276"/>
    <nd ref="1184"/>
    <nd ref="1185"/>
    <nd ref="1186"/>
    <nd ref="1187"/>
    <nd ref="1188"/>
    <nd ref="1189"/>
    <nd ref="1190"/>
    <nd ref="373"/>
    <tag k="type" v="line_thin"/>
    <tag k="subtype" v="solid"/>
  </way>
  <way id="1228">
    <nd ref="273"/>
    <nd ref="1194"/>
    <nd ref="1195"/>
    <nd ref="1196"/>
    <nd ref="1197"/>
    <nd ref="1198"/>
    <nd ref="1199"/>
    <nd ref="1200"/>
    <nd ref="1201"/>
    <nd ref="1202"/>
    <nd ref="1203"/>
    <nd ref="1204"/>
    <nd ref="1205"/>
    <nd ref="1206"/>
    <nd ref="1207"/>
    <nd ref="1208"/>
    <nd ref="1209"/>
    <nd ref="1210"/>
    <nd ref="168"/>
    <tag k="type" v="line_thin"/>
    <tag k="subtype" v="solid"/>
  </way>
  <way id="1229">
    <nd ref="276"/>
    <nd ref="1211"/>
    <nd ref="1212"/>
    <nd ref="1213"/>
    <nd ref="1214"/>
    <nd ref="1215"/>
    <nd ref="1216"/>
    <nd ref="1217"/>
    <nd ref="1218"/>
    <nd ref="1219"/>
    <nd ref="1220"/>
    <nd ref="1221"/>
    <nd ref="1222"/>
    <nd ref="1223"/>
    <nd ref="1224"/>
    <nd ref="1225"/>
    <nd ref="1226"/>
    <nd ref="1227"/>
    <nd ref="166"/>
    <tag k="type" v="line_thin"/>
    <tag k="subtype" v="solid"/>
  </way>
  <way id="1263">
    <nd ref="376"/>
    <nd ref="1231"/>
    <nd ref="1232"/>
    <nd ref="1233"/>
    <nd ref="1234"/>
    <nd ref="1235"/>
    <nd ref="1236"/>
    <nd ref="1237"/>
    <nd ref="1238"/>
    <nd ref="1239"/>
    <nd ref="1240"/>
    <nd ref="1241"/>
    <nd ref="1242"/>
    <nd ref="1243"/>
    <nd ref="1244"/>
    <nd ref="1245"/>
    <nd ref="1246"/>
    <nd ref="273"/>
    <tag k="type" v="line_thin"/>
    <tag k="subtype" v="solid"/>
  </way>
  <way id="1264">
    <nd ref="379"/>
    <nd ref="1247"/>
    <nd ref="1248"/>
    <nd ref="1249"/>
    <nd ref="1250"/>
    <nd ref="1251"/>
    <nd ref="1252"/>
    <nd ref="1253"/>
    <nd ref="1254"/>
    <nd ref="1255"/>
    <nd ref="1256"/>
    <nd ref="1257"/>
    <nd ref="1258"/>
    <nd ref="1259"/>
    <nd ref="1260"/>
    <nd ref="1261"/>
    <nd ref="1262"/>
    <nd ref="267"/>
    <tag k="type" v="line_thin"/>
    <tag k="subtype" v="solid"/>
  </way>
  <way id="1300">
    <nd ref="376"/>
    <nd ref="1266"/>
    <nd ref="1267"/>
    <nd ref="1268"/>
    <nd ref="1269"/>
    <nd ref="1270"/>
    <nd ref="1271"/>
    <nd ref="1272"/>
    <nd ref="1273"/>
    <nd ref="1274"/>
    <nd ref="1275"/>
    <nd ref="1276"/>
    <nd ref="1277"/>
    <nd ref="1278"/>
    <nd ref="1279"/>
    <nd ref="1280"/>
    <nd ref="1281"/>
    <nd ref="1282"/>
    <nd ref="168"/>
    <tag k="type" v="line_thin"/>
    <tag k="subtype" v="solid"/>
  </way>
  <way id="1301">
    <nd ref="379"/>
    <nd ref="1283"/>
    <nd ref="1284"/>
    <nd ref="1285"/>
    <nd ref="1286"/>
    <nd ref="1287"/>
    <nd ref="1288"/>
    <nd ref="1289"/>
    <nd ref="1290"/>
    <nd ref="1291"/>
    <nd ref="1292"/>
    <nd ref="1293"/>
    <nd ref="1294"/>
    <nd ref="1295"/>
    <nd ref="1296"/>
    <nd ref="1297"/>
    <nd ref="1298"/>
    <nd ref="1299"/>
    <nd ref="166"/>
    <tag k="type" v="line_thin"/>
    <tag k="subtype" v="solid"/>
  </way>
  <way id="1317">
    <nd ref="398"/>
    <nd ref="1303"/>
    <nd ref="1304"/>
    <nd ref="1305"/>
    <nd ref="1306"/>
    <nd ref="1307"/>
    <nd ref="1308"/>
    <nd ref="1309"/>
    <nd ref="285"/>
    <tag k="type" v="line_thin"/>
    <tag k="subtype" v="solid"/>
  </way>
  <way id="1318">
    <nd ref="395"/>
    <nd ref="1310"/>
    <nd ref="1311"/>
    <nd ref="1312"/>
    <nd ref="1313"/>
    <nd ref="1314"/>
    <nd ref="1315"/>
    <nd ref="1316"/>
    <nd ref="282"/>
    <tag k="type" v="line_thin"/>
    <tag k="subtype" v="solid"/>
  </way>
  <way id="1334">
    <nd ref="285"/>
    <nd ref="1320"/>
    <nd ref="1321"/>
    <nd ref="1322"/>
    <nd ref="1323"/>
    <nd ref="1324"/>
    <nd ref="1325"/>
    <nd ref="1326"/>
    <nd ref="94"/>
    <tag k="type" v="line_thin"/>
    <tag k="subtype" v="solid"/>
  </way>
  <way id="1335">
    <nd ref="288"/>
    <nd ref="1327"/>
    <nd ref="1328"/>
    <nd ref="1329"/>
    <nd ref="1330"/>
    <nd ref="1331"/>
    <nd ref="1332"/>
    <nd ref="1333"/>
    <nd ref="336"/>
    <tag k="type" v="line_thin"/>
    <tag k="subtype" v="solid"/>
  </way>
  <way id="1369">
    <nd ref="94"/>
    <nd ref="1337"/>
    <nd ref="1338"/>
    <nd ref="1339"/>
    <nd ref="1340"/>
    <nd ref="1341"/>
    <nd ref="1342"/>
    <nd ref="1343"/>
    <nd ref="1344"/>
    <nd ref="1345"/>
    <nd ref="1346"/>
    <nd ref="1347"/>
    <nd ref="1348"/>
    <nd ref="1349"/>
    <nd ref="1350"/>
    <nd ref="1351"/>
    <nd ref="1352"/>
    <nd ref="285"/>
    <tag k="type" v="line_thin"/>
    <tag k="subtype" v="solid"/>
  </way>
  <way id="1370">
    <nd ref="91"/>
    <nd ref="1353"/>
    <nd ref="1354"/>
    <nd ref="1355"/>
    <nd ref="1356"/>
    <nd ref="1357"/>
    <nd ref="1358"/>
    <nd ref="1359"/>
    <nd ref="1360"/>
    <nd ref="1361"/>
    <nd ref="1362"/>
    <nd ref="1363"/>
    <nd ref="1364"/>
    <nd ref="1365"/>
    <nd ref="1366"/>
    <nd ref="1367"/>
    <nd ref="1368"/>
    <nd ref="282"/>
    <tag k="type" v="line_thin"/>
    <tag k="subtype" v="solid"/>
  </way>
  <way id="1404">
    <nd ref="285"/>
    <nd ref="1372"/>
    <nd ref="1373"/>
    <nd ref="1374"/>
    <nd ref="1375"/>
    <nd ref="1376"/>
    <nd ref="1377"/>
    <nd ref="1378"/>
    <nd ref="1379"/>
    <nd ref="1380"/>
    <nd ref="1381"/>
    <nd ref="1382"/>
    <nd ref="1383"/>
    <nd ref="1384"/>
    <nd ref="1385"/>
    <nd ref="1386"/>
    <nd ref="1387"/>
    <nd ref="398"/>
    <tag k="type" v="line_thin"/>
    <tag k="subtype" v="solid"/>
  </way>
  <way id="1405">
    <nd ref="288"/>
    <nd ref="1388"/>
    <nd ref="1389"/>
    <nd ref="1390"/>
    <nd ref="1391"/>
    <nd ref="1392"/>
    <nd ref="1393"/>
    <nd ref="1394"/>
    <nd ref="1395"/>
    <nd ref="1396"/>
    <nd ref="1397"/>
    <nd ref="1398"/>
    <nd ref="1399"/>
    <nd ref="1400"/>
    <nd ref="1401"/>
    <nd ref="1402"/>
    <nd ref="1403"/>
    <nd ref="401"/>
    <tag k="type" v="line_thin"/>
    <tag k="subtype" v="solid"/>
  </way>
  <way id="1431">
    <nd ref="398"/>
    <nd ref="1407"/>
    <nd ref="1408"/>
    <nd ref="1409"/>
    <nd ref="1410"/>
    <nd ref="1411"/>
    <nd ref="1412"/>
    <nd ref="1413"/>
    <nd ref="1414"/>
    <nd ref="1415"/>
    <nd ref="1416"/>
    <nd ref="1417"/>
    <nd ref="1418"/>
    <nd ref="94"/>
    <tag k="type" v="line_thin"/>
    <tag k="subtype" v="solid"/>
  </way>
  <way id="1432">
    <nd ref="395"/>
    <nd ref="1419"/>
    <nd ref="1420"/>
    <nd ref="1421"/>
    <nd ref="1422"/>
    <nd ref="1423"/>
    <nd ref="1424"/>
    <nd ref="1425"/>
    <nd ref="1426"/>
    <nd ref="1427"/>
    <nd ref="1428"/>
    <nd ref="1429"/>
    <nd ref="1430"/>
    <nd ref="336"/>
    <tag k="type" v="line_thin"/>
    <tag k="subtype" v="solid"/>
  </way>
  <way id="1462">
    <nd ref="94"/>
    <nd ref="1434"/>
    <nd ref="1435"/>
    <nd ref="1436"/>
    <nd ref="1437"/>
    <nd ref="1438"/>
    <nd ref="1439"/>
    <nd ref="1440"/>
    <nd ref="1441"/>
    <nd ref="1442"/>
    <nd ref="1443"/>
    <nd ref="1444"/>
    <nd ref="1445"/>
    <nd ref="1446"/>
    <nd ref="1447"/>
    <nd ref="398"/>
    <tag k="type" v="line_thin"/>
    <tag k="subtype" v="solid"/>
  </way>
  <way id="1463">
    <nd ref="91"/>
    <nd ref="1448"/>
    <nd ref="1449"/>
    <nd ref="1450"/>
    <nd ref="1451"/>
    <nd ref="1452"/>
    <nd ref="1453"/>
    <nd ref="1454"/>
    <nd ref="1455"/>
    <nd ref="1456"/>
    <nd ref="1457"/>
    <nd ref="1458"/>
    <nd ref="1459"/>
    <nd ref="1460"/>
    <nd ref="1461"/>
    <nd ref="401"/>
    <tag k="type" v="line_thin"/>
    <tag k="subtype" v="solid"/>
  </way>
  <way id="1479">
    <nd ref="365"/>
    <nd ref="1465"/>
    <nd ref="1466"/>
    <nd ref="1467"/>
    <nd ref="1468"/>
    <nd ref="1469"/>
    <nd ref="1470"/>
    <nd ref="1471"/>
    <nd ref="322"/>
    <tag k="type" v="line_thin"/>
    <tag k="subtype" v="solid"/>
  </way>
  <way id="1480">
    <nd ref="362"/>
    <nd ref="1472"/>
    <nd ref="1473"/>
    <nd ref="1474"/>
    <nd ref="1475"/>
    <nd ref="1476"/>
    <nd ref="1477"/>
    <nd ref="1478"/>
    <nd ref="323"/>
    <tag k="type" v="line_thin"/>
    <tag k="subtype" v="solid"/>
  </way>
  <way id="1516">
    <nd ref="365"/>
    <nd ref="1482"/>
    <nd ref="1483"/>
    <nd ref="1484"/>
    <nd ref="1485"/>
    <nd ref="1486"/>
    <nd ref="1487"/>
    <nd ref="1488"/>
    <nd ref="1489"/>
    <nd ref="1490"/>
    <nd ref="1491"/>
    <nd ref="1492"/>
    <nd ref="1493"/>
    <nd ref="1494"/>
    <nd ref="1495"/>
    <nd ref="1496"/>
    <nd ref="1497"/>
    <nd ref="1498"/>
    <nd ref="344"/>
    <tag k="type" v="line_thin"/>
    <tag k="subtype" v="solid"/>
  </way>
  <way id="1517">
    <nd ref="362"/>
    <nd ref="1499"/>
    <nd ref="1500"/>
    <nd ref="1501"/>
    <nd ref="1502"/>
    <nd ref="1503"/>
    <nd ref="1504"/>
    <nd ref="1505"/>
    <nd ref="1506"/>
    <nd ref="1507"/>
    <nd ref="1508"/>
    <nd ref="1509"/>
    <nd ref="1510"/>
    <nd ref="1511"/>
    <nd ref="1512"/>
    <nd ref="1513"/>
    <nd ref="1514"/>
    <nd ref="1515"/>
    <nd ref="341"/>
    <tag k="type" v="line_thin"/>
    <tag k="subtype" v="solid"/>
  </way>
  <way id="1551">
    <nd ref="322"/>
    <nd ref="1519"/>
    <nd ref="1520"/>
    <nd ref="1521"/>
    <nd ref="1522"/>
    <nd ref="1523"/>
    <nd ref="1524"/>
    <nd ref="1525"/>
    <nd ref="1526"/>
    <nd ref="1527"/>
    <nd ref="1528"/>
    <nd ref="1529"/>
    <nd ref="1530"/>
    <nd ref="1531"/>
    <nd ref="1532"/>
    <nd ref="1533"/>
    <nd ref="1534"/>
    <nd ref="365"/>
    <tag k="type" v="line_thin"/>
    <tag k="subtype" v="solid"/>
  </way>
  <way id="1552">
    <nd ref="337"/>
    <nd ref="1535"/>
    <nd ref="1536"/>
    <nd ref="1537"/>
    <nd ref="1538"/>
    <nd ref="1539"/>
    <nd ref="1540"/>
    <nd ref="1541"/>
    <nd ref="1542"/>
    <nd ref="1543"/>
    <nd ref="1544"/>
    <nd ref="1545"/>
    <nd ref="1546"/>
    <nd ref="1547"/>
    <nd ref="1548"/>
    <nd ref="1549"/>
    <nd ref="1550"/>
    <nd ref="368"/>
    <tag k="type" v="line_thin"/>
    <tag k="subtype" v="solid"/>
  </way>
  <way id="1570">
    <nd ref="344"/>
    <nd ref="1554"/>
    <nd ref="1555"/>
    <nd ref="1556"/>
    <nd ref="1557"/>
    <nd ref="1558"/>
    <nd ref="1559"/>
    <nd ref="1560"/>
    <nd ref="1561"/>
    <nd ref="365"/>
    <tag k="type" v="line_thin"/>
    <tag k="subtype" v="solid"/>
  </way>
  <way id="1571">
    <nd ref="347"/>
    <nd ref="1562"/>
    <nd ref="1563"/>
    <nd ref="1564"/>
    <nd ref="1565"/>
    <nd ref="1566"/>
    <nd ref="1567"/>
    <nd ref="1568"/>
    <nd ref="1569"/>
    <nd ref="368"/>
    <tag k="type" v="line_thin"/>
    <tag k="subtype" v="solid"/>
  </way>
  <way id="1573">
    <nd ref="322"/>
    <nd ref="344"/>
    <tag k="type" v="line_thin"/>
    <tag k="subtype" v="solid"/>
  </way>
  <way id="1574">
    <nd ref="337"/>
    <nd ref="341"/>
    <tag k="type" v="line_thin"/>
    <tag k="subtype" v="solid"/>
  </way>
  <way id="1576">
    <nd ref="344"/>
    <nd ref="322"/>
    <tag k="type" v="line_thin"/>
    <tag k="subtype" v="solid"/>
  </way>
  <way id="1577">
    <nd ref="347"/>
    <nd ref="323"/>
    <tag k="type" v="line_thin"/>
    <tag k="subtype" v="solid"/>
  </way>
  <way id="1585">
    <nd ref="236"/>
    <nd ref="1579"/>
    <nd ref="1580"/>
    <nd ref="1581"/>
    <nd ref="343"/>
    <tag k="type" v="line_thin"/>
    <tag k="subtype" v="solid"/>
  </way>
  <way id="1586">
    <nd ref="238"/>
    <nd ref="1582"/>
    <nd ref="1583"/>
    <nd ref="1584"/>
    <nd ref="346"/>
    <tag k="type" v="line_thin"/>
    <tag k="subtype" v="solid"/>
  </way>
  <way id="1588">
    <nd ref="343"/>
    <nd ref="236"/>
    <tag k="type" v="line_thin"/>
    <tag k="subtype" v="solid"/>
  </way>
  <way id="1589">
    <nd ref="340"/>
    <nd ref="234"/>
    <tag k="type" v="line_thin"/>
    <tag k="subtype" v="solid"/>
  </way>
  <way id="1627">
    <nd ref="236"/>
    <nd ref="1591"/>
    <nd ref="1592"/>
    <nd ref="1593"/>
    <nd ref="1594"/>
    <nd ref="1595"/>
    <nd ref="1596"/>
    <nd ref="1597"/>
    <nd ref="1598"/>
    <nd ref="1599"/>
    <nd ref="1600"/>
    <nd ref="1601"/>
    <nd ref="1602"/>
    <nd ref="1603"/>
    <nd ref="1604"/>
    <nd ref="1605"/>
    <nd ref="1606"/>
    <nd ref="1607"/>
    <nd ref="1608"/>
    <nd ref="180"/>
    <tag k="type" v="line_thin"/>
    <tag k="subtype" v="solid"/>
  </way>
  <way id="1628">
    <nd ref="238"/>
    <nd ref="1609"/>
    <nd ref="1610"/>
    <nd ref="1611"/>
    <nd ref="1612"/>
    <nd ref="1613"/>
    <nd ref="1614"/>
    <nd ref="1615"/>
    <nd ref="1616"/>
    <nd ref="1617"/>
    <nd ref="1618"/>
    <nd ref="1619"/>
    <nd ref="1620"/>
    <nd ref="1621"/>
    <nd ref="1622"/>
    <nd ref="1623"/>
    <nd ref="1624"/>
    <nd ref="1625"/>
    <nd ref="1626"/>
    <nd ref="177"/>
    <tag k="type" v="line_thin"/>
    <tag k="subtype" v="solid"/>
  </way>
  <way id="1664">
    <nd ref="180"/>
    <nd ref="1630"/>
    <nd ref="1631"/>
    <nd ref="1632"/>
    <nd ref="1633"/>
    <nd ref="1634"/>
    <nd ref="1635"/>
    <nd ref="1636"/>
    <nd ref="1637"/>
    <nd ref="1638"/>
    <nd ref="1639"/>
    <nd ref="1640"/>
    <nd ref="1641"/>
    <nd ref="1642"/>
    <nd ref="1643"/>
    <nd ref="1644"/>
    <nd ref="1645"/>
    <nd ref="1646"/>
    <nd ref="343"/>
    <tag k="type" v="line_thin"/>
    <tag k="subtype" v="solid"/>
  </way>
  <way id="1665">
    <nd ref="183"/>
    <nd ref="1647"/>
    <nd ref="1648"/>
    <nd ref="1649"/>
    <nd ref="1650"/>
    <nd ref="1651"/>
    <nd ref="1652"/>
    <nd ref="1653"/>
    <nd ref="1654"/>
    <nd ref="1655"/>
    <nd ref="1656"/>
    <nd ref="1657"/>
    <nd ref="1658"/>
    <nd ref="1659"/>
    <nd ref="1660"/>
    <nd ref="1661"/>
    <nd ref="1662"/>
    <nd ref="1663"/>
    <nd ref="346"/>
    <tag k="type" v="line_thin"/>
    <tag k="subtype" v="solid"/>
  </way>
  <way id="1683">
    <nd ref="180"/>
    <nd ref="1667"/>
    <nd ref="1668"/>
    <nd ref="1669"/>
    <nd ref="1670"/>
    <nd ref="1671"/>
    <nd ref="1672"/>
    <nd ref="1673"/>
    <nd ref="1674"/>
    <nd ref="236"/>
    <tag k="type" v="line_thin"/>
    <tag k="subtype" v="solid"/>
  </way>
  <way id="1684">
    <nd ref="183"/>
    <nd ref="1675"/>
    <nd ref="1676"/>
    <nd ref="1677"/>
    <nd ref="1678"/>
    <nd ref="1679"/>
    <nd ref="1680"/>
    <nd ref="1681"/>
    <nd ref="1682"/>
    <nd ref="234"/>
    <tag k="type" v="line_thin"/>
    <tag k="subtype" v="solid"/>
  </way>
  <way id="1700">
    <nd ref="343"/>
    <nd ref="1686"/>
    <nd ref="1687"/>
    <nd ref="1688"/>
    <nd ref="1689"/>
    <nd ref="1690"/>
    <nd ref="1691"/>
    <nd ref="1692"/>
    <nd ref="180"/>
    <tag k="type" v="line_thin"/>
    <tag k="subtype" v="solid"/>
  </way>
  <way id="1701">
    <nd ref="340"/>
    <nd ref="1693"/>
    <nd ref="1694"/>
    <nd ref="1695"/>
    <nd ref="1696"/>
    <nd ref="1697"/>
    <nd ref="1698"/>
    <nd ref="1699"/>
    <nd ref="177"/>
    <tag k="type" v="line_thin"/>
    <tag k="subtype" v="solid"/>
  </way>
  <way id="1717">
    <nd ref="354"/>
    <nd ref="1703"/>
    <nd ref="1704"/>
    <nd ref="1705"/>
    <nd ref="1706"/>
    <nd ref="1707"/>
    <nd ref="1708"/>
    <nd ref="1709"/>
    <nd ref="237"/>
    <tag k="type" v="line_thin"/>
    <tag k="subtype" v="solid"/>
  </way>
  <way id="1718">
    <nd ref="351"/>
    <nd ref="1711"/>
    <nd ref="1712"/>
    <nd ref="1713"/>
    <nd ref="1714"/>
    <nd ref="1715"/>
    <nd ref="1716"/>
    <nd ref="239"/>
    <tag k="type" v="line_thin"/>
    <tag k="subtype" v="solid"/>
  </way>
  <way id="1736">
    <nd ref="237"/>
    <nd ref="1720"/>
    <nd ref="1721"/>
    <nd ref="1722"/>
    <nd ref="1723"/>
    <nd ref="1724"/>
    <nd ref="1725"/>
    <nd ref="1726"/>
    <nd ref="1727"/>
    <nd ref="190"/>
    <tag k="type" v="line_thin"/>
    <tag k="subtype" v="solid"/>
  </way>
  <way id="1737">
    <nd ref="235"/>
    <nd ref="1728"/>
    <nd ref="1729"/>
    <nd ref="1730"/>
    <nd ref="1731"/>
    <nd ref="1732"/>
    <nd ref="1733"/>
    <nd ref="1734"/>
    <nd ref="1735"/>
    <nd ref="188"/>
    <tag k="type" v="line_thin"/>
    <tag k="subtype" v="solid"/>
  </way>
  <way id="1771">
    <nd ref="237"/>
    <nd ref="1739"/>
    <nd ref="1740"/>
    <nd ref="1741"/>
    <nd ref="1742"/>
    <nd ref="1743"/>
    <nd ref="1744"/>
    <nd ref="1745"/>
    <nd ref="1746"/>
    <nd ref="1747"/>
    <nd ref="1748"/>
    <nd ref="1749"/>
    <nd ref="1750"/>
    <nd ref="1751"/>
    <nd ref="1752"/>
    <nd ref="1753"/>
    <nd ref="1754"/>
    <nd ref="354"/>
    <tag k="type" v="line_thin"/>
    <tag k="subtype" v="solid"/>
  </way>
  <way id="1772">
    <nd ref="235"/>
    <nd ref="1755"/>
    <nd ref="1756"/>
    <nd ref="1757"/>
    <nd ref="1758"/>
    <nd ref="1759"/>
    <nd ref="1760"/>
    <nd ref="1761"/>
    <nd ref="1762"/>
    <nd ref="1763"/>
    <nd ref="1764"/>
    <nd ref="1765"/>
    <nd ref="1766"/>
    <nd ref="1767"/>
    <nd ref="1768"/>
    <nd ref="1769"/>
    <nd ref="1770"/>
    <nd ref="357"/>
    <tag k="type" v="line_thin"/>
    <tag k="subtype" v="solid"/>
  </way>
  <way id="1808">
    <nd ref="190"/>
    <nd ref="1774"/>
    <nd ref="1775"/>
    <nd ref="1776"/>
    <nd ref="1777"/>
    <nd ref="1778"/>
    <nd ref="1779"/>
    <nd ref="1780"/>
    <nd ref="1781"/>
    <nd ref="1782"/>
    <nd ref="1783"/>
    <nd ref="1784"/>
    <nd ref="1785"/>
    <nd ref="1786"/>
    <nd ref="1787"/>
    <nd ref="1788"/>
    <nd ref="1789"/>
    <nd ref="1790"/>
    <nd ref="237"/>
    <tag k="type" v="line_thin"/>
    <tag k="subtype" v="solid"/>
  </way>
  <way id="1809">
    <nd ref="192"/>
    <nd ref="1791"/>
    <nd ref="1792"/>
    <nd ref="1793"/>
    <nd ref="1794"/>
    <nd ref="1795"/>
    <nd ref="1796"/>
    <nd ref="1797"/>
    <nd ref="1798"/>
    <nd ref="1799"/>
    <nd ref="1800"/>
    <nd ref="1801"/>
    <nd ref="1802"/>
    <nd ref="1803"/>
    <nd ref="1804"/>
    <nd ref="1805"/>
    <nd ref="1806"/>
    <nd ref="1807"/>
    <nd ref="239"/>
    <tag k="type" v="line_thin"/>
    <tag k="subtype" v="solid"/>
  </way>
  <way id="1811">
    <nd ref="354"/>
    <nd ref="190"/>
    <tag k="type" v="line_thin"/>
    <tag k="subtype" v="solid"/>
  </way>
  <way id="1812">
    <nd ref="351"/>
    <nd ref="188"/>
    <tag k="type" v="line_thin"/>
    <tag k="subtype" v="solid"/>
  </way>
  <way id="1814">
    <nd ref="190"/>
    <nd ref="354"/>
    <tag k="type" v="line_thin"/>
    <tag k="subtype" v="solid"/>
  </way>
  <way id="1815">
    <nd ref="192"/>
    <nd ref="357"/>
    <tag k="type" v="line_thin"/>
    <tag k="subtype" v="solid"/>
  </way>
  <way id="1833">
    <nd ref="189"/>
    <nd ref="1817"/>
    <nd ref="1818"/>
    <nd ref="1819"/>
    <nd ref="1820"/>
    <nd ref="1821"/>
    <nd ref="1822"/>
    <nd ref="1823"/>
    <nd ref="1824"/>
    <nd ref="226"/>
    <tag k="type" v="line_thin"/>
    <tag k="subtype" v="solid"/>
  </way>
  <way id="1834">
    <nd ref="187"/>
    <nd ref="1825"/>
    <nd ref="1826"/>
    <nd ref="1827"/>
    <nd ref="1828"/>
    <nd ref="1829"/>
    <nd ref="1830"/>
    <nd ref="1831"/>
    <nd ref="228"/>
    <tag k="type" v="line_thin"/>
    <tag k="subtype" v="solid"/>
  </way>
  <way id="1850">
    <nd ref="226"/>
    <nd ref="1836"/>
    <nd ref="1837"/>
    <nd ref="1838"/>
    <nd ref="1839"/>
    <nd ref="1840"/>
    <nd ref="1841"/>
    <nd ref="1842"/>
    <nd ref="157"/>
    <tag k="type" v="line_thin"/>
    <tag k="subtype" v="solid"/>
  </way>
  <way id="1851">
    <nd ref="224"/>
    <nd ref="1843"/>
    <nd ref="1844"/>
    <nd ref="1845"/>
    <nd ref="1846"/>
    <nd ref="1847"/>
    <nd ref="1848"/>
    <nd ref="1849"/>
    <nd ref="155"/>
    <tag k="type" v="line_thin"/>
    <tag k="subtype" v="solid"/>
  </way>
  <way id="1887">
    <nd ref="226"/>
    <nd ref="1853"/>
    <nd ref="1854"/>
    <nd ref="1855"/>
    <nd ref="1856"/>
    <nd ref="1857"/>
    <nd ref="1858"/>
    <nd ref="1859"/>
    <nd ref="1860"/>
    <nd ref="1861"/>
    <nd ref="1862"/>
    <nd ref="1863"/>
    <nd ref="1864"/>
    <nd ref="1865"/>
    <nd ref="1866"/>
    <nd ref="1867"/>
    <nd ref="1868"/>
    <nd ref="1869"/>
    <nd ref="189"/>
    <tag k="type" v="line_thin"/>
    <tag k="subtype" v="solid"/>
  </way>
  <way id="1888">
    <nd ref="224"/>
    <nd ref="1870"/>
    <nd ref="1871"/>
    <nd ref="1872"/>
    <nd ref="1873"/>
    <nd ref="1874"/>
    <nd ref="1875"/>
    <nd ref="1876"/>
    <nd ref="1877"/>
    <nd ref="1878"/>
    <nd ref="1879"/>
    <nd ref="1880"/>
    <nd ref="1881"/>
    <nd ref="1882"/>
    <nd ref="1883"/>
    <nd ref="1884"/>
    <nd ref="1885"/>
    <nd ref="1886"/>
    <nd ref="191"/>
    <tag k="type" v="line_thin"/>
    <tag k="subtype" v="solid"/>
  </way>
  <way id="1922">
    <nd ref="157"/>
    <nd ref="1890"/>
    <nd ref="1891"/>
    <nd ref="1892"/>
    <nd ref="1893"/>
    <nd ref="1894"/>
    <nd ref="1895"/>
    <nd ref="1896"/>
    <nd ref="1897"/>
    <nd ref="1898"/>
    <nd ref="1899"/>
    <nd ref="1900"/>
    <nd ref="1901"/>
    <nd ref="1902"/>
    <nd ref="1903"/>
    <nd ref="1904"/>
    <nd ref="1905"/>
    <nd ref="226"/>
    <tag k="type" v="line_thin"/>
    <tag k="subtype" v="solid"/>
  </way>
  <way id="1923">
    <nd ref="159"/>
    <nd ref="1906"/>
    <nd ref="1907"/>
    <nd ref="1908"/>
    <nd ref="1909"/>
    <nd ref="1910"/>
    <nd ref="1911"/>
    <nd ref="1912"/>
    <nd ref="1913"/>
    <nd ref="1914"/>
    <nd ref="1915"/>
    <nd ref="1916"/>
    <nd ref="1917"/>
    <nd ref="1918"/>
    <nd ref="1919"/>
    <nd ref="1920"/>
    <nd ref="1921"/>
    <nd ref="228"/>
    <tag k="type" v="line_thin"/>
    <tag k="subtype" v="solid"/>
  </way>
  <way id="1925">
    <nd ref="189"/>
    <nd ref="157"/>
    <tag k="type" v="line_thin"/>
    <tag k="subtype" v="solid"/>
  </way>
  <way id="1926">
    <nd ref="187"/>
    <nd ref="155"/>
    <tag k="type" v="line_thin"/>
    <tag k="subtype" v="solid"/>
  </way>
  <way id="1928">
    <nd ref="157"/>
    <nd ref="189"/>
    <tag k="type" v="line_thin"/>
    <tag k="subtype" v="solid"/>
  </way>
  <way id="1929">
    <nd ref="159"/>
    <nd ref="191"/>
    <tag k="type" v="line_thin"/>
    <tag k="subtype" v="solid"/>
  </way>
  <way id="1947">
    <nd ref="156"/>
    <nd ref="1931"/>
    <nd ref="1932"/>
    <nd ref="1933"/>
    <nd ref="1934"/>
    <nd ref="1935"/>
    <nd ref="1936"/>
    <nd ref="1937"/>
    <nd ref="1938"/>
    <nd ref="202"/>
    <tag k="type" v="line_thin"/>
    <tag k="subtype" v="solid"/>
  </way>
  <way id="1948">
    <nd ref="154"/>
    <nd ref="1939"/>
    <nd ref="1940"/>
    <nd ref="1941"/>
    <nd ref="1942"/>
    <nd ref="1943"/>
    <nd ref="1944"/>
    <nd ref="1945"/>
    <nd ref="205"/>
    <tag k="type" v="line_thin"/>
    <tag k="subtype" v="solid"/>
  </way>
  <way id="1966">
    <nd ref="202"/>
    <nd ref="1950"/>
    <nd ref="1951"/>
    <nd ref="1952"/>
    <nd ref="1953"/>
    <nd ref="1954"/>
    <nd ref="1955"/>
    <nd ref="1956"/>
    <nd ref="1957"/>
    <nd ref="719"/>
    <tag k="type" v="line_thin"/>
    <tag k="subtype" v="solid"/>
  </way>
  <way id="1967">
    <nd ref="199"/>
    <nd ref="1958"/>
    <nd ref="1959"/>
    <nd ref="1960"/>
    <nd ref="1961"/>
    <nd ref="1962"/>
    <nd ref="1963"/>
    <nd ref="1964"/>
    <nd ref="1965"/>
    <nd ref="716"/>
    <tag k="type" v="line_thin"/>
    <tag k="subtype" v="solid"/>
  </way>
  <way id="2005">
    <nd ref="202"/>
    <nd ref="1969"/>
    <nd ref="1970"/>
    <nd ref="1971"/>
    <nd ref="1972"/>
    <nd ref="1973"/>
    <nd ref="1974"/>
    <nd ref="1975"/>
    <nd ref="1976"/>
    <nd ref="1977"/>
    <nd ref="1978"/>
    <nd ref="1979"/>
    <nd ref="1980"/>
    <nd ref="1981"/>
    <nd ref="1982"/>
    <nd ref="1983"/>
    <nd ref="1984"/>
    <nd ref="1985"/>
    <nd ref="1986"/>
    <nd ref="156"/>
    <tag k="type" v="line_thin"/>
    <tag k="subtype" v="solid"/>
  </way>
  <way id="2006">
    <nd ref="199"/>
    <nd ref="1987"/>
    <nd ref="1988"/>
    <nd ref="1989"/>
    <nd ref="1990"/>
    <nd ref="1991"/>
    <nd ref="1992"/>
    <nd ref="1993"/>
    <nd ref="1994"/>
    <nd ref="1995"/>
    <nd ref="1996"/>
    <nd ref="1997"/>
    <nd ref="1998"/>
    <nd ref="1999"/>
    <nd ref="2000"/>
    <nd ref="2001"/>
    <nd ref="2002"/>
    <nd ref="2003"/>
    <nd ref="2004"/>
    <nd ref="158"/>
    <tag k="type" v="line_thin"/>
    <tag k="subtype" v="solid"/>
  </way>
  <way id="2042">
    <nd ref="719"/>
    <nd ref="2008"/>
    <nd ref="2009"/>
    <nd ref="2010"/>
    <nd ref="2011"/>
    <nd ref="2012"/>
    <nd ref="2013"/>
    <nd ref="2014"/>
    <nd ref="2015"/>
    <nd ref="2016"/>
    <nd ref="2017"/>
    <nd ref="2018"/>
    <nd ref="2019"/>
    <nd ref="2020"/>
    <nd ref="2021"/>
    <nd ref="2022"/>
    <nd ref="2023"/>
    <nd ref="2024"/>
    <nd ref="202"/>
    <tag k="type" v="line_thin"/>
    <tag k="subtype" v="solid"/>
  </way>
  <way id="2043">
    <nd ref="722"/>
    <nd ref="2025"/>
    <nd ref="2026"/>
    <nd ref="2027"/>
    <nd ref="2028"/>
    <nd ref="2029"/>
    <nd ref="2030"/>
    <nd ref="2031"/>
    <nd ref="2032"/>
    <nd ref="2033"/>
    <nd ref="2034"/>
    <nd ref="2035"/>
    <nd ref="2036"/>
    <nd ref="2037"/>
    <nd ref="2038"/>
    <nd ref="2039"/>
    <nd ref="2040"/>
    <nd ref="2041"/>
    <nd ref="205"/>
    <tag k="type" v="line_thin"/>
    <tag k="subtype" v="solid"/>
  </way>
  <way id="2045">
    <nd ref="156"/>
    <nd ref="719"/>
    <tag k="type" v="line_thin"/>
    <tag k="subtype" v="solid"/>
  </way>
  <way id="2046">
    <nd ref="154"/>
    <nd ref="716"/>
    <tag k="type" v="line_thin"/>
    <tag k="subtype" v="solid"/>
  </way>
  <way id="2048">
    <nd ref="719"/>
    <nd ref="156"/>
    <tag k="type" v="line_thin"/>
    <tag k="subtype" v="solid"/>
  </way>
  <way id="2049">
    <nd ref="722"/>
    <nd ref="158"/>
    <tag k="type" v="line_thin"/>
    <tag k="subtype" v="solid"/>
  </way>
  <way id="2084">
    <nd ref="201"/>
    <nd ref="2068"/>
    <nd ref="2069"/>
    <nd ref="2070"/>
    <nd ref="2071"/>
    <nd ref="2072"/>
    <nd ref="2073"/>
    <nd ref="2074"/>
    <nd ref="2075"/>
    <nd ref="143"/>
    <tag k="type" v="line_thin"/>
    <tag k="subtype" v="solid"/>
  </way>
  <way id="2085">
    <nd ref="204"/>
    <nd ref="2076"/>
    <nd ref="2077"/>
    <nd ref="2078"/>
    <nd ref="2079"/>
    <nd ref="2080"/>
    <nd ref="2081"/>
    <nd ref="2082"/>
    <nd ref="2083"/>
    <nd ref="146"/>
    <tag k="type" v="line_thin"/>
    <tag k="subtype" v="solid"/>
  </way>
  <way id="2101">
    <nd ref="143"/>
    <nd ref="2087"/>
    <nd ref="2088"/>
    <nd ref="2089"/>
    <nd ref="2090"/>
    <nd ref="2091"/>
    <nd ref="2092"/>
    <nd ref="2093"/>
    <nd ref="78"/>
    <tag k="type" v="line_thin"/>
    <tag k="subtype" v="solid"/>
  </way>
  <way id="2102">
    <nd ref="128"/>
    <nd ref="2094"/>
    <nd ref="2095"/>
    <nd ref="2096"/>
    <nd ref="2097"/>
    <nd ref="2098"/>
    <nd ref="2099"/>
    <nd ref="2100"/>
    <nd ref="75"/>
    <tag k="type" v="line_thin"/>
    <tag k="subtype" v="solid"/>
  </way>
  <way id="2129">
    <nd ref="2123"/>
    <nd ref="2124"/>
    <tag k="type" v="line_thin"/>
    <tag k="subtype" v="solid"/>
  </way>
  <way id="2130">
    <nd ref="2125"/>
    <nd ref="2126"/>
    <tag k="type" v="line_thin"/>
    <tag k="subtype" v="solid"/>
  </way>
  <way id="2131">
    <nd ref="2127"/>
    <nd ref="2128"/>
    <tag k="type" v="line_thin"/>
    <tag k="subtype" v="solid"/>
  </way>
  <way id="2146">
    <nd ref="707"/>
    <nd ref="2134"/>
    <nd ref="2135"/>
    <nd ref="2136"/>
    <nd ref="2137"/>
    <nd ref="2138"/>
    <nd ref="2139"/>
    <nd ref="2125"/>
    <tag k="type" v="line_thin"/>
    <tag k="subtype" v="solid"/>
  </way>
  <way id="2147">
    <nd ref="704"/>
    <nd ref="2140"/>
    <nd ref="2141"/>
    <nd ref="2142"/>
    <nd ref="2143"/>
    <nd ref="2144"/>
    <nd ref="2145"/>
    <nd ref="2123"/>
    <tag k="type" v="line_thin"/>
    <tag k="subtype" v="solid"/>
  </way>
  <way id="2163">
    <nd ref="2125"/>
    <nd ref="2149"/>
    <nd ref="2150"/>
    <nd ref="2151"/>
    <nd ref="2152"/>
    <nd ref="2153"/>
    <nd ref="2154"/>
    <nd ref="2155"/>
    <nd ref="47"/>
    <tag k="type" v="line_thin"/>
    <tag k="subtype" v="solid"/>
  </way>
  <way id="2164">
    <nd ref="2127"/>
    <nd ref="2156"/>
    <nd ref="2157"/>
    <nd ref="2158"/>
    <nd ref="2159"/>
    <nd ref="2160"/>
    <nd ref="2161"/>
    <nd ref="2162"/>
    <nd ref="2"/>
    <tag k="type" v="line_thin"/>
    <tag k="subtype" v="solid"/>
  </way>
  <way id="2166">
    <nd ref="707"/>
    <nd ref="47"/>
    <tag k="type" v="line_thin"/>
    <tag k="subtype" v="solid"/>
  </way>
  <way id="2167">
    <nd ref="704"/>
    <nd ref="2"/>
    <tag k="type" v="line_thin"/>
    <tag k="subtype" v="solid"/>
  </way>
  <way id="2201">
    <nd ref="47"/>
    <nd ref="2169"/>
    <nd ref="2170"/>
    <nd ref="2171"/>
    <nd ref="2172"/>
    <nd ref="2173"/>
    <nd ref="2174"/>
    <nd ref="2175"/>
    <nd ref="2176"/>
    <nd ref="2177"/>
    <nd ref="2178"/>
    <nd ref="2179"/>
    <nd ref="2180"/>
    <nd ref="2181"/>
    <nd ref="2182"/>
    <nd ref="2183"/>
    <nd ref="2184"/>
    <nd ref="2125"/>
    <tag k="type" v="line_thin"/>
    <tag k="subtype" v="solid"/>
  </way>
  <way id="2202">
    <nd ref="5"/>
    <nd ref="2185"/>
    <nd ref="2186"/>
    <nd ref="2187"/>
    <nd ref="2188"/>
    <nd ref="2189"/>
    <nd ref="2190"/>
    <nd ref="2191"/>
    <nd ref="2192"/>
    <nd ref="2193"/>
    <nd ref="2194"/>
    <nd ref="2195"/>
    <nd ref="2196"/>
    <nd ref="2197"/>
    <nd ref="2198"/>
    <nd ref="2199"/>
    <nd ref="2200"/>
    <nd ref="2123"/>
    <tag k="type" v="line_thin"/>
    <tag k="subtype" v="solid"/>
  </way>
  <way id="2236">
    <nd ref="2125"/>
    <nd ref="2204"/>
    <nd ref="2205"/>
    <nd ref="2206"/>
    <nd ref="2207"/>
    <nd ref="2208"/>
    <nd ref="2209"/>
    <nd ref="2210"/>
    <nd ref="2211"/>
    <nd ref="2212"/>
    <nd ref="2213"/>
    <nd ref="2214"/>
    <nd ref="2215"/>
    <nd ref="2216"/>
    <nd ref="2217"/>
    <nd ref="2218"/>
    <nd ref="2219"/>
    <nd ref="707"/>
    <tag k="type" v="line_thin"/>
    <tag k="subtype" v="solid"/>
  </way>
  <way id="2237">
    <nd ref="2127"/>
    <nd ref="2220"/>
    <nd ref="2221"/>
    <nd ref="2222"/>
    <nd ref="2223"/>
    <nd ref="2224"/>
    <nd ref="2225"/>
    <nd ref="2226"/>
    <nd ref="2227"/>
    <nd ref="2228"/>
    <nd ref="2229"/>
    <nd ref="2230"/>
    <nd ref="2231"/>
    <nd ref="2232"/>
    <nd ref="2233"/>
    <nd ref="2234"/>
    <nd ref="2235"/>
    <nd ref="710"/>
    <tag k="type" v="line_thin"/>
    <tag k="subtype" v="solid"/>
  </way>
  <way id="2255">
    <nd ref="78"/>
    <nd ref="2239"/>
    <nd ref="2240"/>
    <nd ref="2241"/>
    <nd ref="2242"/>
    <nd ref="2243"/>
    <nd ref="2244"/>
    <nd ref="2245"/>
    <nd ref="2246"/>
    <nd ref="2126"/>
    <tag k="type" v="line_thin"/>
    <tag k="subtype" v="solid"/>
  </way>
  <way id="2256">
    <nd ref="81"/>
    <nd ref="2247"/>
    <nd ref="2248"/>
    <nd ref="2249"/>
    <nd ref="2250"/>
    <nd ref="2251"/>
    <nd ref="2252"/>
    <nd ref="2253"/>
    <nd ref="2254"/>
    <nd ref="2128"/>
    <tag k="type" v="line_thin"/>
    <tag k="subtype" v="solid"/>
  </way>
  <way id="2272">
    <nd ref="2126"/>
    <nd ref="2258"/>
    <nd ref="2259"/>
    <nd ref="2260"/>
    <nd ref="2261"/>
    <nd ref="2262"/>
    <nd ref="2263"/>
    <nd ref="2264"/>
    <nd ref="201"/>
    <tag k="type" v="line_thin"/>
    <tag k="subtype" v="solid"/>
  </way>
  <way id="2273">
    <nd ref="2124"/>
    <nd ref="2265"/>
    <nd ref="2266"/>
    <nd ref="2267"/>
    <nd ref="2268"/>
    <nd ref="2269"/>
    <nd ref="2270"/>
    <nd ref="2271"/>
    <nd ref="198"/>
    <tag k="type" v="line_thin"/>
    <tag k="subtype" v="solid"/>
  </way>
  <way id="2309">
    <nd ref="2126"/>
    <nd ref="2275"/>
    <nd ref="2276"/>
    <nd ref="2277"/>
    <nd ref="2278"/>
    <nd ref="2279"/>
    <nd ref="2280"/>
    <nd ref="2281"/>
    <nd ref="2282"/>
    <nd ref="2283"/>
    <nd ref="2284"/>
    <nd ref="2285"/>
    <nd ref="2286"/>
    <nd ref="2287"/>
    <nd ref="2288"/>
    <nd ref="2289"/>
    <nd ref="2290"/>
    <nd ref="2291"/>
    <nd ref="78"/>
    <tag k="type" v="line_thin"/>
    <tag k="subtype" v="solid"/>
  </way>
  <way id="2310">
    <nd ref="2124"/>
    <nd ref="2292"/>
    <nd ref="2293"/>
    <nd ref="2294"/>
    <nd ref="2295"/>
    <nd ref="2296"/>
    <nd ref="2297"/>
    <nd ref="2298"/>
    <nd ref="2299"/>
    <nd ref="2300"/>
    <nd ref="2301"/>
    <nd ref="2302"/>
    <nd ref="2303"/>
    <nd ref="2304"/>
    <nd ref="2305"/>
    <nd ref="2306"/>
    <nd ref="2307"/>
    <nd ref="2308"/>
    <nd ref="75"/>
    <tag k="type" v="line_thin"/>
    <tag k="subtype" v="solid"/>
  </way>
  <way id="2346">
    <nd ref="143"/>
    <nd ref="2312"/>
    <nd ref="2313"/>
    <nd ref="2314"/>
    <nd ref="2315"/>
    <nd ref="2316"/>
    <nd ref="2317"/>
    <nd ref="2318"/>
    <nd ref="2319"/>
    <nd ref="2320"/>
    <nd ref="2321"/>
    <nd ref="2322"/>
    <nd ref="2323"/>
    <nd ref="2324"/>
    <nd ref="2325"/>
    <nd ref="2326"/>
    <nd ref="2327"/>
    <nd ref="2328"/>
    <nd ref="201"/>
    <tag k="type" v="line_thin"/>
    <tag k="subtype" v="solid"/>
  </way>
  <way id="2347">
    <nd ref="128"/>
    <nd ref="2329"/>
    <nd ref="2330"/>
    <nd ref="2331"/>
    <nd ref="2332"/>
    <nd ref="2333"/>
    <nd ref="2334"/>
    <nd ref="2335"/>
    <nd ref="2336"/>
    <nd ref="2337"/>
    <nd ref="2338"/>
    <nd ref="2339"/>
    <nd ref="2340"/>
    <nd ref="2341"/>
    <nd ref="2342"/>
    <nd ref="2343"/>
    <nd ref="2344"/>
    <nd ref="2345"/>
    <nd ref="198"/>
    <tag k="type" v="line_thin"/>
    <tag k="subtype" v="solid"/>
  </way>
  <way id="2383">
    <nd ref="78"/>
    <nd ref="2349"/>
    <nd ref="2350"/>
    <nd ref="2351"/>
    <nd ref="2352"/>
    <nd ref="2353"/>
    <nd ref="2354"/>
    <nd ref="2355"/>
    <nd ref="2356"/>
    <nd ref="2357"/>
    <nd ref="2358"/>
    <nd ref="2359"/>
    <nd ref="2360"/>
    <nd ref="2361"/>
    <nd ref="2362"/>
    <nd ref="2363"/>
    <nd ref="2364"/>
    <nd ref="2365"/>
    <nd ref="143"/>
    <tag k="type" v="line_thin"/>
    <tag k="subtype" v="solid"/>
  </way>
  <way id="2384">
    <nd ref="81"/>
    <nd ref="2366"/>
    <nd ref="2367"/>
    <nd ref="2368"/>
    <nd ref="2369"/>
    <nd ref="2370"/>
    <nd ref="2371"/>
    <nd ref="2372"/>
    <nd ref="2373"/>
    <nd ref="2374"/>
    <nd ref="2375"/>
    <nd ref="2376"/>
    <nd ref="2377"/>
    <nd ref="2378"/>
    <nd ref="2379"/>
    <nd ref="2380"/>
    <nd ref="2381"/>
    <nd ref="2382"/>
    <nd ref="146"/>
    <tag k="type" v="line_thin"/>
    <tag k="subtype" v="solid"/>
  </way>
  <way id="2420">
    <nd ref="201"/>
    <nd ref="2386"/>
    <nd ref="2387"/>
    <nd ref="2388"/>
    <nd ref="2389"/>
    <nd ref="2390"/>
    <nd ref="2391"/>
    <nd ref="2392"/>
    <nd ref="2393"/>
    <nd ref="2394"/>
    <nd ref="2395"/>
    <nd ref="2396"/>
    <nd ref="2397"/>
    <nd ref="2398"/>
    <nd ref="2399"/>
    <nd ref="2400"/>
    <nd ref="2401"/>
    <nd ref="2402"/>
    <nd ref="2126"/>
    <tag k="type" v="line_thin"/>
    <tag k="subtype" v="solid"/>
  </way>
  <way id="2421">
    <nd ref="204"/>
    <nd ref="2403"/>
    <nd ref="2404"/>
    <nd ref="2405"/>
    <nd ref="2406"/>
    <nd ref="2407"/>
    <nd ref="2408"/>
    <nd ref="2409"/>
    <nd ref="2410"/>
    <nd ref="2411"/>
    <nd ref="2412"/>
    <nd ref="2413"/>
    <nd ref="2414"/>
    <nd ref="2415"/>
    <nd ref="2416"/>
    <nd ref="2417"/>
    <nd ref="2418"/>
    <nd ref="2419"/>
    <nd ref="2128"/>
    <tag k="type" v="line_thin"/>
    <tag k="subtype" v="solid"/>
  </way>
  <way id="2429">
    <nd ref="143"/>
    <nd ref="2423"/>
    <nd ref="2424"/>
    <nd ref="2425"/>
    <nd ref="2126"/>
    <tag k="type" v="line_thin"/>
    <tag k="subtype" v="solid"/>
  </way>
  <way id="2430">
    <nd ref="128"/>
    <nd ref="2426"/>
    <nd ref="2427"/>
    <nd ref="2428"/>
    <nd ref="2128"/>
    <tag k="type" v="line_thin"/>
    <tag k="subtype" v="solid"/>
  </way>
  <way id="2432">
    <nd ref="2126"/>
    <nd ref="143"/>
    <tag k="type" v="line_thin"/>
    <tag k="subtype" v="solid"/>
  </way>
  <way id="2433">
    <nd ref="2124"/>
    <nd ref="146"/>
    <tag k="type" v="line_thin"/>
    <tag k="subtype" v="solid"/>
  </way>
  <way id="2435">
    <nd ref="201"/>
    <nd ref="78"/>
    <tag k="type" v="line_thin"/>
    <tag k="subtype" v="solid"/>
  </way>
  <way id="2436">
    <nd ref="204"/>
    <nd ref="75"/>
    <tag k="type" v="line_thin"/>
    <tag k="subtype" v="solid"/>
  </way>
  <way id="2438">
    <nd ref="78"/>
    <nd ref="201"/>
    <tag k="type" v="line_thin"/>
    <tag k="subtype" v="solid"/>
  </way>
  <way id="2439">
    <nd ref="81"/>
    <nd ref="198"/>
    <tag k="type" v="line_thin"/>
    <tag k="subtype" v="solid"/>
  </way>
  <way id="2457">
    <nd ref="259"/>
    <nd ref="2441"/>
    <nd ref="2442"/>
    <nd ref="2443"/>
    <nd ref="2444"/>
    <nd ref="2445"/>
    <nd ref="2446"/>
    <nd ref="2447"/>
    <nd ref="2448"/>
    <nd ref="249"/>
    <tag k="type" v="line_thin"/>
    <tag k="subtype" v="solid"/>
  </way>
  <way id="2458">
    <nd ref="256"/>
    <nd ref="2449"/>
    <nd ref="2450"/>
    <nd ref="2451"/>
    <nd ref="2452"/>
    <nd ref="2453"/>
    <nd ref="2454"/>
    <nd ref="2455"/>
    <nd ref="2456"/>
    <nd ref="252"/>
    <tag k="type" v="line_thin"/>
    <tag k="subtype" v="solid"/>
  </way>
  <way id="2474">
    <nd ref="249"/>
    <nd ref="2460"/>
    <nd ref="2461"/>
    <nd ref="2462"/>
    <nd ref="2463"/>
    <nd ref="2464"/>
    <nd ref="2465"/>
    <nd ref="2466"/>
    <nd ref="120"/>
    <tag k="type" v="line_thin"/>
    <tag k="subtype" v="solid"/>
  </way>
  <way id="2475">
    <nd ref="246"/>
    <nd ref="2467"/>
    <nd ref="2468"/>
    <nd ref="2469"/>
    <nd ref="2470"/>
    <nd ref="2471"/>
    <nd ref="2472"/>
    <nd ref="2473"/>
    <nd ref="118"/>
    <tag k="type" v="line_thin"/>
    <tag k="subtype" v="solid"/>
  </way>
  <way id="2493">
    <nd ref="120"/>
    <nd ref="2477"/>
    <nd ref="2478"/>
    <nd ref="2479"/>
    <nd ref="2480"/>
    <nd ref="2481"/>
    <nd ref="2482"/>
    <nd ref="2483"/>
    <nd ref="2484"/>
    <nd ref="80"/>
    <tag k="type" v="line_thin"/>
    <tag k="subtype" v="solid"/>
  </way>
  <way id="2494">
    <nd ref="122"/>
    <nd ref="2485"/>
    <nd ref="2486"/>
    <nd ref="2487"/>
    <nd ref="2488"/>
    <nd ref="2489"/>
    <nd ref="2490"/>
    <nd ref="2491"/>
    <nd ref="2492"/>
    <nd ref="83"/>
    <tag k="type" v="line_thin"/>
    <tag k="subtype" v="solid"/>
  </way>
  <way id="2510">
    <nd ref="80"/>
    <nd ref="2496"/>
    <nd ref="2497"/>
    <nd ref="2498"/>
    <nd ref="2499"/>
    <nd ref="2500"/>
    <nd ref="2501"/>
    <nd ref="2502"/>
    <nd ref="259"/>
    <tag k="type" v="line_thin"/>
    <tag k="subtype" v="solid"/>
  </way>
  <way id="2511">
    <nd ref="77"/>
    <nd ref="2503"/>
    <nd ref="2504"/>
    <nd ref="2505"/>
    <nd ref="2506"/>
    <nd ref="2507"/>
    <nd ref="2508"/>
    <nd ref="2509"/>
    <nd ref="262"/>
    <tag k="type" v="line_thin"/>
    <tag k="subtype" v="solid"/>
  </way>
  <way id="2547">
    <nd ref="259"/>
    <nd ref="2513"/>
    <nd ref="2514"/>
    <nd ref="2515"/>
    <nd ref="2516"/>
    <nd ref="2517"/>
    <nd ref="2518"/>
    <nd ref="2519"/>
    <nd ref="2520"/>
    <nd ref="2521"/>
    <nd ref="2522"/>
    <nd ref="2523"/>
    <nd ref="2524"/>
    <nd ref="2525"/>
    <nd ref="2526"/>
    <nd ref="2527"/>
    <nd ref="2528"/>
    <nd ref="2529"/>
    <nd ref="80"/>
    <tag k="type" v="line_thin"/>
    <tag k="subtype" v="solid"/>
  </way>
  <way id="2548">
    <nd ref="256"/>
    <nd ref="2530"/>
    <nd ref="2531"/>
    <nd ref="2532"/>
    <nd ref="2533"/>
    <nd ref="2534"/>
    <nd ref="2535"/>
    <nd ref="2536"/>
    <nd ref="2537"/>
    <nd ref="2538"/>
    <nd ref="2539"/>
    <nd ref="2540"/>
    <nd ref="2541"/>
    <nd ref="2542"/>
    <nd ref="2543"/>
    <nd ref="2544"/>
    <nd ref="2545"/>
    <nd ref="2546"/>
    <nd ref="83"/>
    <tag k="type" v="line_thin"/>
    <tag k="subtype" v="solid"/>
  </way>
  <way id="2584">
    <nd ref="249"/>
    <nd ref="2550"/>
    <nd ref="2551"/>
    <nd ref="2552"/>
    <nd ref="2553"/>
    <nd ref="2554"/>
    <nd ref="2555"/>
    <nd ref="2556"/>
    <nd ref="2557"/>
    <nd ref="2558"/>
    <nd ref="2559"/>
    <nd ref="2560"/>
    <nd ref="2561"/>
    <nd ref="2562"/>
    <nd ref="2563"/>
    <nd ref="2564"/>
    <nd ref="2565"/>
    <nd ref="2566"/>
    <nd ref="259"/>
    <tag k="type" v="line_thin"/>
    <tag k="subtype" v="solid"/>
  </way>
  <way id="2585">
    <nd ref="246"/>
    <nd ref="2567"/>
    <nd ref="2568"/>
    <nd ref="2569"/>
    <nd ref="2570"/>
    <nd ref="2571"/>
    <nd ref="2572"/>
    <nd ref="2573"/>
    <nd ref="2574"/>
    <nd ref="2575"/>
    <nd ref="2576"/>
    <nd ref="2577"/>
    <nd ref="2578"/>
    <nd ref="2579"/>
    <nd ref="2580"/>
    <nd ref="2581"/>
    <nd ref="2582"/>
    <nd ref="2583"/>
    <nd ref="262"/>
    <tag k="type" v="line_thin"/>
    <tag k="subtype" v="solid"/>
  </way>
  <way id="2619">
    <nd ref="120"/>
    <nd ref="2587"/>
    <nd ref="2588"/>
    <nd ref="2589"/>
    <nd ref="2590"/>
    <nd ref="2591"/>
    <nd ref="2592"/>
    <nd ref="2593"/>
    <nd ref="2594"/>
    <nd ref="2595"/>
    <nd ref="2596"/>
    <nd ref="2597"/>
    <nd ref="2598"/>
    <nd ref="2599"/>
    <nd ref="2600"/>
    <nd ref="2601"/>
    <nd ref="2602"/>
    <nd ref="249"/>
    <tag k="type" v="line_thin"/>
    <tag k="subtype" v="solid"/>
  </way>
  <way id="2620">
    <nd ref="122"/>
    <nd ref="2603"/>
    <nd ref="2604"/>
    <nd ref="2605"/>
    <nd ref="2606"/>
    <nd ref="2607"/>
    <nd ref="2608"/>
    <nd ref="2609"/>
    <nd ref="2610"/>
    <nd ref="2611"/>
    <nd ref="2612"/>
    <nd ref="2613"/>
    <nd ref="2614"/>
    <nd ref="2615"/>
    <nd ref="2616"/>
    <nd ref="2617"/>
    <nd ref="2618"/>
    <nd ref="252"/>
    <tag k="type" v="line_thin"/>
    <tag k="subtype" v="solid"/>
  </way>
  <way id="2656">
    <nd ref="80"/>
    <nd ref="2622"/>
    <nd ref="2623"/>
    <nd ref="2624"/>
    <nd ref="2625"/>
    <nd ref="2626"/>
    <nd ref="2627"/>
    <nd ref="2628"/>
    <nd ref="2629"/>
    <nd ref="2630"/>
    <nd ref="2631"/>
    <nd ref="2632"/>
    <nd ref="2633"/>
    <nd ref="2634"/>
    <nd ref="2635"/>
    <nd ref="2636"/>
    <nd ref="2637"/>
    <nd ref="2638"/>
    <nd ref="120"/>
    <tag k="type" v="line_thin"/>
    <tag k="subtype" v="solid"/>
  </way>
  <way id="2657">
    <nd ref="77"/>
    <nd ref="2639"/>
    <nd ref="2640"/>
    <nd ref="2641"/>
    <nd ref="2642"/>
    <nd ref="2643"/>
    <nd ref="2644"/>
    <nd ref="2645"/>
    <nd ref="2646"/>
    <nd ref="2647"/>
    <nd ref="2648"/>
    <nd ref="2649"/>
    <nd ref="2650"/>
    <nd ref="2651"/>
    <nd ref="2652"/>
    <nd ref="2653"/>
    <nd ref="2654"/>
    <nd ref="2655"/>
    <nd ref="118"/>
    <tag k="type" v="line_thin"/>
    <tag k="subtype" v="solid"/>
  </way>
  <way id="2659">
    <nd ref="259"/>
    <nd ref="120"/>
    <tag k="type" v="line_thin"/>
    <tag k="subtype" v="solid"/>
  </way>
  <way id="2660">
    <nd ref="256"/>
    <nd ref="118"/>
    <tag k="type" v="line_thin"/>
    <tag k="subtype" v="solid"/>
  </way>
  <way id="2662">
    <nd ref="120"/>
    <nd ref="259"/>
    <tag k="type" v="line_thin"/>
    <tag k="subtype" v="solid"/>
  </way>
  <way id="2663">
    <nd ref="122"/>
    <nd ref="262"/>
    <tag k="type" v="line_thin"/>
    <tag k="subtype" v="solid"/>
  </way>
  <way id="2665">
    <nd ref="80"/>
    <nd ref="249"/>
    <tag k="type" v="line_thin"/>
    <tag k="subtype" v="solid"/>
  </way>
  <way id="2666">
    <nd ref="77"/>
    <nd ref="252"/>
    <tag k="type" v="line_thin"/>
    <tag k="subtype" v="solid"/>
  </way>
  <way id="2668">
    <nd ref="249"/>
    <nd ref="80"/>
    <tag k="type" v="line_thin"/>
    <tag k="subtype" v="solid"/>
  </way>
  <way id="2669">
    <nd ref="246"/>
    <nd ref="83"/>
    <tag k="type" v="line_thin"/>
    <tag k="subtype" v="solid"/>
  </way>
  <way id="2687">
    <nd ref="179"/>
    <nd ref="2671"/>
    <nd ref="2672"/>
    <nd ref="2673"/>
    <nd ref="2674"/>
    <nd ref="2675"/>
    <nd ref="2676"/>
    <nd ref="2677"/>
    <nd ref="2678"/>
    <nd ref="315"/>
    <tag k="type" v="line_thin"/>
    <tag k="subtype" v="solid"/>
  </way>
  <way id="2688">
    <nd ref="176"/>
    <nd ref="2679"/>
    <nd ref="2680"/>
    <nd ref="2681"/>
    <nd ref="2682"/>
    <nd ref="2683"/>
    <nd ref="2684"/>
    <nd ref="2685"/>
    <nd ref="2686"/>
    <nd ref="318"/>
    <tag k="type" v="line_thin"/>
    <tag k="subtype" v="solid"/>
  </way>
  <way id="2706">
    <nd ref="315"/>
    <nd ref="2690"/>
    <nd ref="2691"/>
    <nd ref="2692"/>
    <nd ref="2693"/>
    <nd ref="2694"/>
    <nd ref="2695"/>
    <nd ref="2696"/>
    <nd ref="2697"/>
    <nd ref="144"/>
    <tag k="type" v="line_thin"/>
    <tag k="subtype" v="solid"/>
  </way>
  <way id="2707">
    <nd ref="312"/>
    <nd ref="2698"/>
    <nd ref="2699"/>
    <nd ref="2700"/>
    <nd ref="2701"/>
    <nd ref="2702"/>
    <nd ref="2703"/>
    <nd ref="2704"/>
    <nd ref="2705"/>
    <nd ref="129"/>
    <tag k="type" v="line_thin"/>
    <tag k="subtype" v="solid"/>
  </way>
  <way id="2725">
    <nd ref="144"/>
    <nd ref="2709"/>
    <nd ref="2710"/>
    <nd ref="2711"/>
    <nd ref="2712"/>
    <nd ref="2713"/>
    <nd ref="2714"/>
    <nd ref="2715"/>
    <nd ref="2716"/>
    <nd ref="225"/>
    <tag k="type" v="line_thin"/>
    <tag k="subtype" v="solid"/>
  </way>
  <way id="2726">
    <nd ref="147"/>
    <nd ref="2717"/>
    <nd ref="2718"/>
    <nd ref="2719"/>
    <nd ref="2720"/>
    <nd ref="2721"/>
    <nd ref="2722"/>
    <nd ref="2723"/>
    <nd ref="2724"/>
    <nd ref="223"/>
    <tag k="type" v="line_thin"/>
    <tag k="subtype" v="solid"/>
  </way>
  <way id="2744">
    <nd ref="225"/>
    <nd ref="2728"/>
    <nd ref="2729"/>
    <nd ref="2730"/>
    <nd ref="2731"/>
    <nd ref="2732"/>
    <nd ref="2733"/>
    <nd ref="2734"/>
    <nd ref="2735"/>
    <nd ref="179"/>
    <tag k="type" v="line_thin"/>
    <tag k="subtype" v="solid"/>
  </way>
  <way id="2745">
    <nd ref="227"/>
    <nd ref="2736"/>
    <nd ref="2737"/>
    <nd ref="2738"/>
    <nd ref="2739"/>
    <nd ref="2740"/>
    <nd ref="2741"/>
    <nd ref="2742"/>
    <nd ref="2743"/>
    <nd ref="182"/>
    <tag k="type" v="line_thin"/>
    <tag k="subtype" v="solid"/>
  </way>
  <way id="2781">
    <nd ref="315"/>
    <nd ref="2747"/>
    <nd ref="2748"/>
    <nd ref="2749"/>
    <nd ref="2750"/>
    <nd ref="2751"/>
    <nd ref="2752"/>
    <nd ref="2753"/>
    <nd ref="2754"/>
    <nd ref="2755"/>
    <nd ref="2756"/>
    <nd ref="2757"/>
    <nd ref="2758"/>
    <nd ref="2759"/>
    <nd ref="2760"/>
    <nd ref="2761"/>
    <nd ref="2762"/>
    <nd ref="2763"/>
    <nd ref="179"/>
    <tag k="type" v="line_thin"/>
    <tag k="subtype" v="solid"/>
  </way>
  <way id="2782">
    <nd ref="312"/>
    <nd ref="2764"/>
    <nd ref="2765"/>
    <nd ref="2766"/>
    <nd ref="2767"/>
    <nd ref="2768"/>
    <nd ref="2769"/>
    <nd ref="2770"/>
    <nd ref="2771"/>
    <nd ref="2772"/>
    <nd ref="2773"/>
    <nd ref="2774"/>
    <nd ref="2775"/>
    <nd ref="2776"/>
    <nd ref="2777"/>
    <nd ref="2778"/>
    <nd ref="2779"/>
    <nd ref="2780"/>
    <nd ref="182"/>
    <tag k="type" v="line_thin"/>
    <tag k="subtype" v="solid"/>
  </way>
  <way id="2935">
    <nd ref="144"/>
    <nd ref="2903"/>
    <nd ref="2904"/>
    <nd ref="2905"/>
    <nd ref="2906"/>
    <nd ref="2907"/>
    <nd ref="2908"/>
    <nd ref="2909"/>
    <nd ref="2910"/>
    <nd ref="2911"/>
    <nd ref="2912"/>
    <nd ref="2913"/>
    <nd ref="2914"/>
    <nd ref="2915"/>
    <nd ref="2916"/>
    <nd ref="2917"/>
    <nd ref="2918"/>
    <nd ref="315"/>
    <tag k="type" v="line_thin"/>
    <tag k="subtype" v="solid"/>
  </way>
  <way id="2936">
    <nd ref="147"/>
    <nd ref="2919"/>
    <nd ref="2920"/>
    <nd ref="2921"/>
    <nd ref="2922"/>
    <nd ref="2923"/>
    <nd ref="2924"/>
    <nd ref="2925"/>
    <nd ref="2926"/>
    <nd ref="2927"/>
    <nd ref="2928"/>
    <nd ref="2929"/>
    <nd ref="2930"/>
    <nd ref="2931"/>
    <nd ref="2932"/>
    <nd ref="2933"/>
    <nd ref="2934"/>
    <nd ref="318"/>
    <tag k="type" v="line_thin"/>
    <tag k="subtype" v="solid"/>
  </way>
  <way id="2972">
    <nd ref="179"/>
    <nd ref="2938"/>
    <nd ref="2939"/>
    <nd ref="2940"/>
    <nd ref="2941"/>
    <nd ref="2942"/>
    <nd ref="2943"/>
    <nd ref="2944"/>
    <nd ref="2945"/>
    <nd ref="2946"/>
    <nd ref="2947"/>
    <nd ref="2948"/>
    <nd ref="2949"/>
    <nd ref="2950"/>
    <nd ref="2951"/>
    <nd ref="2952"/>
    <nd ref="2953"/>
    <nd ref="2954"/>
    <nd ref="225"/>
    <tag k="type" v="line_thin"/>
    <tag k="subtype" v="solid"/>
  </way>
  <way id="2973">
    <nd ref="176"/>
    <nd ref="2955"/>
    <nd ref="2956"/>
    <nd ref="2957"/>
    <nd ref="2958"/>
    <nd ref="2959"/>
    <nd ref="2960"/>
    <nd ref="2961"/>
    <nd ref="2962"/>
    <nd ref="2963"/>
    <nd ref="2964"/>
    <nd ref="2965"/>
    <nd ref="2966"/>
    <nd ref="2967"/>
    <nd ref="2968"/>
    <nd ref="2969"/>
    <nd ref="2970"/>
    <nd ref="2971"/>
    <nd ref="223"/>
    <tag k="type" v="line_thin"/>
    <tag k="subtype" v="solid"/>
  </way>
  <way id="3009">
    <nd ref="225"/>
    <nd ref="2975"/>
    <nd ref="2976"/>
    <nd ref="2977"/>
    <nd ref="2978"/>
    <nd ref="2979"/>
    <nd ref="2980"/>
    <nd ref="2981"/>
    <nd ref="2982"/>
    <nd ref="2983"/>
    <nd ref="2984"/>
    <nd ref="2985"/>
    <nd ref="2986"/>
    <nd ref="2987"/>
    <nd ref="2988"/>
    <nd ref="2989"/>
    <nd ref="2990"/>
    <nd ref="2991"/>
    <nd ref="144"/>
    <tag k="type" v="line_thin"/>
    <tag k="subtype" v="solid"/>
  </way>
  <way id="3010">
    <nd ref="227"/>
    <nd ref="2992"/>
    <nd ref="2993"/>
    <nd ref="2994"/>
    <nd ref="2995"/>
    <nd ref="2996"/>
    <nd ref="2997"/>
    <nd ref="2998"/>
    <nd ref="2999"/>
    <nd ref="3000"/>
    <nd ref="3001"/>
    <nd ref="3002"/>
    <nd ref="3003"/>
    <nd ref="3004"/>
    <nd ref="3005"/>
    <nd ref="3006"/>
    <nd ref="3007"/>
    <nd ref="3008"/>
    <nd ref="129"/>
    <tag k="type" v="line_thin"/>
    <tag k="subtype" v="solid"/>
  </way>
  <way id="3012">
    <nd ref="179"/>
    <nd ref="144"/>
    <tag k="type" v="line_thin"/>
    <tag k="subtype" v="solid"/>
  </way>
  <way id="3013">
    <nd ref="176"/>
    <nd ref="129"/>
    <tag k="type" v="line_thin"/>
    <tag k="subtype" v="solid"/>
  </way>
  <way id="3015">
    <nd ref="144"/>
    <nd ref="179"/>
    <tag k="type" v="line_thin"/>
    <tag k="subtype" v="solid"/>
  </way>
  <way id="3016">
    <nd ref="147"/>
    <nd ref="182"/>
    <tag k="type" v="line_thin"/>
    <tag k="subtype" v="solid"/>
  </way>
  <way id="3030">
    <nd ref="225"/>
    <nd ref="3018"/>
    <nd ref="3019"/>
    <nd ref="3020"/>
    <nd ref="3021"/>
    <nd ref="3022"/>
    <nd ref="3023"/>
    <nd ref="315"/>
    <tag k="type" v="line_thin"/>
    <tag k="subtype" v="solid"/>
  </way>
  <way id="3031">
    <nd ref="227"/>
    <nd ref="3024"/>
    <nd ref="3025"/>
    <nd ref="3026"/>
    <nd ref="3027"/>
    <nd ref="3028"/>
    <nd ref="3029"/>
    <nd ref="318"/>
    <tag k="type" v="line_thin"/>
    <tag k="subtype" v="solid"/>
  </way>
  <way id="3049">
    <nd ref="315"/>
    <nd ref="3033"/>
    <nd ref="3034"/>
    <nd ref="3035"/>
    <nd ref="3036"/>
    <nd ref="3037"/>
    <nd ref="3038"/>
    <nd ref="3039"/>
    <nd ref="3040"/>
    <nd ref="225"/>
    <tag k="type" v="line_thin"/>
    <tag k="subtype" v="solid"/>
  </way>
  <way id="3050">
    <nd ref="312"/>
    <nd ref="3041"/>
    <nd ref="3042"/>
    <nd ref="3043"/>
    <nd ref="3044"/>
    <nd ref="3045"/>
    <nd ref="3046"/>
    <nd ref="3047"/>
    <nd ref="3048"/>
    <nd ref="223"/>
    <tag k="type" v="line_thin"/>
    <tag k="subtype" v="solid"/>
  </way>
  <way id="3502">
    <nd ref="3506"/>
    <nd ref="3505"/>
    <nd ref="3504"/>
    <nd ref="3503"/>
    <nd ref="3514"/>
    <nd ref="3515"/>
    <nd ref="3516"/>
    <nd ref="3517"/>
    <nd ref="3518"/>
    <nd ref="3520"/>
    <nd ref="3522"/>
    <tag k="type" v="line_thin"/>
    <tag k="subtype" v="solid"/>
  </way>
  <way id="3527">
    <nd ref="3525"/>
    <nd ref="3526"/>
    <nd ref="3528"/>
    <nd ref="3529"/>
    <nd ref="3530"/>
    <nd ref="3531"/>
    <nd ref="3532"/>
    <nd ref="3533"/>
    <nd ref="3534"/>
    <nd ref="3535"/>
    <nd ref="3536"/>
    <nd ref="3537"/>
    <tag k="type" v="line_thin"/>
    <tag k="subtype" v="solid"/>
  </way>
  <way id="3545">
    <nd ref="314"/>
    <nd ref="3539"/>
    <nd ref="3540"/>
    <nd ref="3541"/>
    <nd ref="3506"/>
    <tag k="type" v="line_thin"/>
    <tag k="subtype" v="solid"/>
  </way>
  <way id="3546">
    <nd ref="317"/>
    <nd ref="3542"/>
    <nd ref="3543"/>
    <nd ref="3544"/>
    <nd ref="3525"/>
    <tag k="type" v="line_thin"/>
    <tag k="subtype" v="solid"/>
  </way>
  <way id="3552">
    <nd ref="3522"/>
    <nd ref="3548"/>
    <nd ref="3549"/>
    <nd ref="284"/>
    <tag k="type" v="line_thin"/>
    <tag k="subtype" v="solid"/>
  </way>
  <way id="3553">
    <nd ref="3537"/>
    <nd ref="3550"/>
    <nd ref="3551"/>
    <nd ref="287"/>
    <tag k="type" v="line_thin"/>
    <tag k="subtype" v="solid"/>
  </way>
  <way id="3557">
    <nd ref="3118"/>
    <nd ref="3410"/>
    <nd ref="3411"/>
    <nd ref="3412"/>
    <nd ref="3413"/>
    <nd ref="3414"/>
    <nd ref="3415"/>
    <nd ref="3416"/>
    <nd ref="3417"/>
    <nd ref="3418"/>
    <nd ref="3555"/>
    <tag k="type" v="line_thin"/>
    <tag k="subtype" v="solid"/>
  </way>
  <way id="3559">
    <nd ref="3115"/>
    <nd ref="3433"/>
    <nd ref="3434"/>
    <nd ref="3435"/>
    <nd ref="3436"/>
    <nd ref="3437"/>
    <nd ref="3438"/>
    <nd ref="3439"/>
    <nd ref="3440"/>
    <nd ref="3441"/>
    <tag k="type" v="line_thin"/>
    <tag k="subtype" v="solid"/>
  </way>
  <way id="3582">
    <nd ref="3522"/>
    <nd ref="3563"/>
    <nd ref="3564"/>
    <nd ref="3565"/>
    <nd ref="3566"/>
    <nd ref="3567"/>
    <nd ref="3568"/>
    <nd ref="3569"/>
    <nd ref="3570"/>
    <nd ref="3571"/>
    <nd ref="3118"/>
    <tag k="type" v="line_thin"/>
    <tag k="subtype" v="solid"/>
  </way>
  <way id="3583">
    <nd ref="3537"/>
    <nd ref="3572"/>
    <nd ref="3573"/>
    <nd ref="3574"/>
    <nd ref="3575"/>
    <nd ref="3576"/>
    <nd ref="3577"/>
    <nd ref="3578"/>
    <nd ref="3579"/>
    <nd ref="3580"/>
    <nd ref="3581"/>
    <nd ref="3115"/>
    <tag k="type" v="line_thin"/>
    <tag k="subtype" v="solid"/>
  </way>
  <way id="3597">
    <nd ref="284"/>
    <nd ref="3585"/>
    <nd ref="3586"/>
    <nd ref="3587"/>
    <nd ref="3588"/>
    <nd ref="3589"/>
    <nd ref="3590"/>
    <nd ref="3118"/>
    <tag k="type" v="line_thin"/>
    <tag k="subtype" v="solid"/>
  </way>
  <way id="3598">
    <nd ref="281"/>
    <nd ref="3592"/>
    <nd ref="3593"/>
    <nd ref="3594"/>
    <nd ref="3595"/>
    <nd ref="3115"/>
    <tag k="type" v="line_thin"/>
    <tag k="subtype" v="solid"/>
  </way>
  <way id="3670">
    <nd ref="3637"/>
    <nd ref="3648"/>
    <nd ref="3649"/>
    <nd ref="3650"/>
    <nd ref="3651"/>
    <nd ref="3652"/>
    <nd ref="3653"/>
    <nd ref="3654"/>
    <nd ref="3655"/>
    <nd ref="3656"/>
    <nd ref="3657"/>
    <nd ref="3658"/>
    <nd ref="3644"/>
    <tag k="type" v="line_thin"/>
    <tag k="subtype" v="solid"/>
  </way>
  <way id="3671">
    <nd ref="3634"/>
    <nd ref="3659"/>
    <nd ref="3660"/>
    <nd ref="3661"/>
    <nd ref="3662"/>
    <nd ref="3663"/>
    <nd ref="3664"/>
    <nd ref="3665"/>
    <nd ref="3666"/>
    <nd ref="3667"/>
    <nd ref="3668"/>
    <nd ref="3669"/>
    <nd ref="3641"/>
    <tag k="type" v="line_thin"/>
    <tag k="subtype" v="solid"/>
  </way>
  <way id="3681">
    <nd ref="274"/>
    <nd ref="3673"/>
    <nd ref="3674"/>
    <nd ref="3675"/>
    <nd ref="3676"/>
    <nd ref="3637"/>
    <tag k="type" v="line_thin"/>
    <tag k="subtype" v="solid"/>
  </way>
  <way id="3682">
    <nd ref="268"/>
    <nd ref="3678"/>
    <nd ref="3680"/>
    <nd ref="3634"/>
    <tag k="type" v="line_thin"/>
    <tag k="subtype" v="solid"/>
  </way>
  <way id="3713">
    <nd ref="3555"/>
    <nd ref="3699"/>
    <nd ref="3700"/>
    <nd ref="3701"/>
    <nd ref="3702"/>
    <nd ref="3703"/>
    <nd ref="3704"/>
    <nd ref="3705"/>
    <nd ref="274"/>
    <tag k="type" v="line_thin"/>
    <tag k="subtype" v="solid"/>
  </way>
  <way id="3714">
    <nd ref="3441"/>
    <nd ref="3707"/>
    <nd ref="3710"/>
    <nd ref="3711"/>
    <nd ref="3712"/>
    <nd ref="277"/>
    <tag k="type" v="line_thin"/>
    <tag k="subtype" v="solid"/>
  </way>
  <way id="3738">
    <nd ref="3555"/>
    <nd ref="3716"/>
    <nd ref="3717"/>
    <nd ref="3718"/>
    <nd ref="3719"/>
    <nd ref="3720"/>
    <nd ref="3721"/>
    <nd ref="3722"/>
    <nd ref="3723"/>
    <nd ref="3724"/>
    <nd ref="3725"/>
    <nd ref="3726"/>
    <nd ref="3637"/>
    <tag k="type" v="line_thin"/>
    <tag k="subtype" v="solid"/>
  </way>
  <way id="3739">
    <nd ref="3441"/>
    <nd ref="3727"/>
    <nd ref="3728"/>
    <nd ref="3729"/>
    <nd ref="3730"/>
    <nd ref="3731"/>
    <nd ref="3732"/>
    <nd ref="3733"/>
    <nd ref="3734"/>
    <nd ref="3735"/>
    <nd ref="3736"/>
    <nd ref="3737"/>
    <nd ref="3634"/>
    <tag k="type" v="line_thin"/>
    <tag k="subtype" v="solid"/>
  </way>
  <way id="3777">
    <nd ref="3745"/>
    <nd ref="3755"/>
    <nd ref="3756"/>
    <nd ref="3757"/>
    <nd ref="3758"/>
    <nd ref="3759"/>
    <nd ref="3760"/>
    <nd ref="3761"/>
    <nd ref="3762"/>
    <nd ref="3763"/>
    <nd ref="3764"/>
    <nd ref="3765"/>
    <nd ref="3752"/>
    <tag k="type" v="line_thin"/>
    <tag k="subtype" v="solid"/>
  </way>
  <way id="3778">
    <nd ref="3742"/>
    <nd ref="3766"/>
    <nd ref="3767"/>
    <nd ref="3768"/>
    <nd ref="3769"/>
    <nd ref="3770"/>
    <nd ref="3771"/>
    <nd ref="3772"/>
    <nd ref="3773"/>
    <nd ref="3774"/>
    <nd ref="3775"/>
    <nd ref="3776"/>
    <nd ref="3749"/>
    <tag k="type" v="line_thin"/>
    <tag k="subtype" v="solid"/>
  </way>
  <way id="3786">
    <nd ref="260"/>
    <nd ref="3780"/>
    <nd ref="3781"/>
    <nd ref="3782"/>
    <nd ref="3745"/>
    <tag k="type" v="line_thin"/>
    <tag k="subtype" v="solid"/>
  </way>
  <way id="3787">
    <nd ref="263"/>
    <nd ref="3785"/>
    <nd ref="3742"/>
    <tag k="type" v="line_thin"/>
    <tag k="subtype" v="solid"/>
  </way>
  <way id="3797">
    <nd ref="3644"/>
    <nd ref="3789"/>
    <nd ref="3790"/>
    <nd ref="3791"/>
    <nd ref="3792"/>
    <nd ref="260"/>
    <tag k="type" v="line_thin"/>
    <tag k="subtype" v="solid"/>
  </way>
  <way id="3798">
    <nd ref="3641"/>
    <nd ref="3795"/>
    <nd ref="3796"/>
    <nd ref="257"/>
    <tag k="type" v="line_thin"/>
    <tag k="subtype" v="solid"/>
  </way>
  <way id="3816">
    <nd ref="3644"/>
    <nd ref="3800"/>
    <nd ref="3801"/>
    <nd ref="3802"/>
    <nd ref="3803"/>
    <nd ref="3804"/>
    <nd ref="3805"/>
    <nd ref="3806"/>
    <nd ref="3807"/>
    <nd ref="3745"/>
    <tag k="type" v="line_thin"/>
    <tag k="subtype" v="solid"/>
  </way>
  <way id="3817">
    <nd ref="3641"/>
    <nd ref="3808"/>
    <nd ref="3809"/>
    <nd ref="3810"/>
    <nd ref="3811"/>
    <nd ref="3812"/>
    <nd ref="3813"/>
    <nd ref="3814"/>
    <nd ref="3815"/>
    <nd ref="3742"/>
    <tag k="type" v="line_thin"/>
    <tag k="subtype" v="solid"/>
  </way>
  <way id="3825">
    <nd ref="3752"/>
    <nd ref="3819"/>
    <nd ref="3820"/>
    <nd ref="3821"/>
    <nd ref="314"/>
    <tag k="type" v="line_thin"/>
    <tag k="subtype" v="solid"/>
  </way>
  <way id="3826">
    <nd ref="3749"/>
    <nd ref="3823"/>
    <nd ref="3824"/>
    <nd ref="311"/>
    <tag k="type" v="line_thin"/>
    <tag k="subtype" v="solid"/>
  </way>
  <way id="3842">
    <nd ref="3752"/>
    <nd ref="3828"/>
    <nd ref="3830"/>
    <nd ref="3831"/>
    <nd ref="3833"/>
    <nd ref="3834"/>
    <nd ref="3506"/>
    <tag k="type" v="line_thin"/>
    <tag k="subtype" v="solid"/>
  </way>
  <way id="3843">
    <nd ref="3749"/>
    <nd ref="3835"/>
    <nd ref="3836"/>
    <nd ref="3837"/>
    <nd ref="3838"/>
    <nd ref="3839"/>
    <nd ref="3840"/>
    <nd ref="3841"/>
    <nd ref="3525"/>
    <tag k="type" v="line_thin"/>
    <tag k="subtype" v="solid"/>
  </way>
  <way id="3859">
    <nd ref="3857"/>
    <nd ref="3858"/>
    <nd ref="3860"/>
    <tag k="type" v="line_thin"/>
    <tag k="subtype" v="solid"/>
  </way>
  <way id="3863">
    <nd ref="3861"/>
    <nd ref="3862"/>
    <tag k="type" v="line_thin"/>
    <tag k="subtype" v="solid"/>
  </way>
  <way id="3868">
    <nd ref="3866"/>
    <nd ref="3867"/>
    <tag k="type" v="traffic_light"/>
    <tag k="subtype" v="solid"/>
  </way>
  <way id="3931">
    <nd ref="3929"/>
    <nd ref="3930"/>
    <nd ref="3932"/>
    <nd ref="3933"/>
    <nd ref="3934"/>
    <nd ref="3935"/>
    <nd ref="3936"/>
    <nd ref="3937"/>
    <nd ref="3938"/>
    <nd ref="3939"/>
    <nd ref="3940"/>
    <tag k="type" v="durak2"/>
    <tag k="subtype" v="solid"/>
  </way>
  <way id="3944">
    <nd ref="3942"/>
    <nd ref="3943"/>
    <nd ref="3945"/>
    <nd ref="3946"/>
    <nd ref="3947"/>
    <nd ref="3948"/>
    <nd ref="3949"/>
    <nd ref="3950"/>
    <nd ref="3951"/>
    <nd ref="3952"/>
    <nd ref="3953"/>
    <tag k="type" v="durak1"/>
    <tag k="subtype" v="solid"/>
  </way>
  <way id="3972">
    <nd ref="3974"/>
    <nd ref="3975"/>
    <nd ref="3976"/>
    <nd ref="3977"/>
    <nd ref="3978"/>
    <nd ref="3979"/>
    <nd ref="3980"/>
    <nd ref="3981"/>
    <nd ref="3982"/>
    <nd ref="3983"/>
    <nd ref="3984"/>
    <tag k="type" v="durak3"/>
    <tag k="subtype" v="solid"/>
  </way>
  <way id="3987">
    <nd ref="3985"/>
    <nd ref="3986"/>
    <nd ref="3988"/>
    <nd ref="3989"/>
    <nd ref="3990"/>
    <tag k="type" v="park1"/>
    <tag k="subtype" v="solid"/>
  </way>
  <way id="3864">
    <nd ref="3862"/>
    <nd ref="3861"/>
    <nd ref="3857"/>
    <nd ref="3858"/>
    <nd ref="3860"/>
    <tag k="type" v="park_areas"/>
    <tag k="area" v="yes"/>
  </way>
  <way id="3874">
    <nd ref="3869"/>
    <nd ref="3870"/>
    <nd ref="3872"/>
    <nd ref="3873"/>
    <tag k="type" v="traffic_light_stop"/>
    <tag k="area" v="yes"/>
  </way>
  <way id="3879">
    <nd ref="3875"/>
    <nd ref="3876"/>
    <nd ref="3877"/>
    <nd ref="3878"/>
    <tag k="type" v="traffic_light_stop"/>
    <tag k="area" v="yes"/>
  </way>
  <way id="3904">
    <nd ref="3894"/>
    <nd ref="3895"/>
    <nd ref="3897"/>
    <nd ref="3898"/>
    <nd ref="3899"/>
    <nd ref="3900"/>
    <nd ref="3901"/>
    <nd ref="3902"/>
    <nd ref="3903"/>
    <tag k="type" v="durak_1"/>
    <tag k="area" v="yes"/>
  </way>
  <way id="3928">
    <nd ref="3919"/>
    <nd ref="3920"/>
    <nd ref="3922"/>
    <nd ref="3923"/>
    <nd ref="3924"/>
    <nd ref="3925"/>
    <nd ref="3926"/>
    <nd ref="3927"/>
    <tag k="type" v="durak_2"/>
    <tag k="area" v="yes"/>
  </way>
  <way id="3969">
    <nd ref="3955"/>
    <nd ref="3956"/>
    <nd ref="3958"/>
    <nd ref="3959"/>
    <nd ref="3960"/>
    <nd ref="3961"/>
    <nd ref="3962"/>
    <nd ref="3963"/>
    <tag k="type" v="durak_3"/>
    <tag k="area" v="yes"/>
  </way>
  <relation id="51">
    <member type="way" role="left" ref="50"/>
    <member type="way" role="right" ref="8"/>
    <tag k="type" v="lanelet"/>
    <tag k="subtype" v="road"/>
    <tag k="speed_limit" v="10"/>
    <tag k="location" v="urban"/>
    <tag k="one_way" v="yes"/>
  </relation>
  <relation id="52">
    <member type="way" role="left" ref="50"/>
    <member type="way" role="right" ref="3"/>
    <tag k="type" v="lanelet"/>
    <tag k="subtype" v="road"/>
    <tag k="speed_limit" v="10"/>
    <tag k="location" v="urban"/>
    <tag k="one_way" v="yes"/>
  </relation>
  <relation id="87">
    <member type="way" role="left" ref="85"/>
    <member type="way" role="right" ref="84"/>
    <tag k="type" v="lanelet"/>
    <tag k="subtype" v="road"/>
    <tag k="speed_limit" v="10"/>
    <tag k="location" v="urban"/>
    <tag k="one_way" v="yes"/>
  </relation>
  <relation id="88">
    <member type="way" role="left" ref="85"/>
    <member type="way" role="right" ref="86"/>
    <tag k="type" v="lanelet"/>
    <tag k="subtype" v="road"/>
    <tag k="speed_limit" v="10"/>
    <tag k="location" v="urban"/>
    <tag k="one_way" v="yes"/>
  </relation>
  <relation id="126">
    <member type="way" role="left" ref="124"/>
    <member type="way" role="right" ref="123"/>
    <tag k="type" v="lanelet"/>
    <tag k="subtype" v="road"/>
    <tag k="speed_limit" v="10"/>
    <tag k="location" v="urban"/>
    <tag k="one_way" v="yes"/>
  </relation>
  <relation id="127">
    <member type="way" role="left" ref="124"/>
    <member type="way" role="right" ref="125"/>
    <tag k="type" v="lanelet"/>
    <tag k="subtype" v="road"/>
    <tag k="speed_limit" v="10"/>
    <tag k="location" v="urban"/>
    <tag k="one_way" v="yes"/>
  </relation>
  <relation id="149">
    <member type="way" role="left" ref="145"/>
    <member type="way" role="right" ref="130"/>
    <tag k="type" v="lanelet"/>
    <tag k="subtype" v="road"/>
    <tag k="speed_limit" v="10"/>
    <tag k="location" v="urban"/>
    <tag k="one_way" v="yes"/>
  </relation>
  <relation id="150">
    <member type="way" role="left" ref="145"/>
    <member type="way" role="right" ref="148"/>
    <tag k="type" v="lanelet"/>
    <tag k="subtype" v="road"/>
    <tag k="speed_limit" v="10"/>
    <tag k="location" v="urban"/>
    <tag k="one_way" v="yes"/>
  </relation>
  <relation id="163">
    <member type="way" role="left" ref="161"/>
    <member type="way" role="right" ref="160"/>
    <tag k="type" v="lanelet"/>
    <tag k="subtype" v="road"/>
    <tag k="speed_limit" v="10"/>
    <tag k="location" v="urban"/>
    <tag k="one_way" v="yes"/>
  </relation>
  <relation id="164">
    <member type="way" role="left" ref="161"/>
    <member type="way" role="right" ref="162"/>
    <tag k="type" v="lanelet"/>
    <tag k="subtype" v="road"/>
    <tag k="speed_limit" v="10"/>
    <tag k="location" v="urban"/>
    <tag k="one_way" v="yes"/>
  </relation>
  <relation id="174">
    <member type="way" role="left" ref="172"/>
    <member type="way" role="right" ref="171"/>
    <tag k="type" v="lanelet"/>
    <tag k="subtype" v="road"/>
    <tag k="speed_limit" v="10"/>
    <tag k="location" v="urban"/>
    <tag k="one_way" v="yes"/>
  </relation>
  <relation id="175">
    <member type="way" role="left" ref="172"/>
    <member type="way" role="right" ref="173"/>
    <tag k="type" v="lanelet"/>
    <tag k="subtype" v="road"/>
    <tag k="speed_limit" v="10"/>
    <tag k="location" v="urban"/>
    <tag k="one_way" v="yes"/>
  </relation>
  <relation id="185">
    <member type="way" role="left" ref="181"/>
    <member type="way" role="right" ref="178"/>
    <tag k="type" v="lanelet"/>
    <tag k="subtype" v="road"/>
    <tag k="speed_limit" v="10"/>
    <tag k="location" v="urban"/>
    <tag k="one_way" v="yes"/>
  </relation>
  <relation id="186">
    <member type="way" role="left" ref="181"/>
    <member type="way" role="right" ref="184"/>
    <tag k="type" v="lanelet"/>
    <tag k="subtype" v="road"/>
    <tag k="speed_limit" v="10"/>
    <tag k="location" v="urban"/>
    <tag k="one_way" v="yes"/>
  </relation>
  <relation id="196">
    <member type="way" role="left" ref="194"/>
    <member type="way" role="right" ref="193"/>
    <tag k="type" v="lanelet"/>
    <tag k="subtype" v="road"/>
    <tag k="speed_limit" v="10"/>
    <tag k="location" v="urban"/>
    <tag k="one_way" v="yes"/>
  </relation>
  <relation id="197">
    <member type="way" role="left" ref="194"/>
    <member type="way" role="right" ref="195"/>
    <tag k="type" v="lanelet"/>
    <tag k="subtype" v="road"/>
    <tag k="speed_limit" v="10"/>
    <tag k="location" v="urban"/>
    <tag k="one_way" v="yes"/>
  </relation>
  <relation id="207">
    <member type="way" role="left" ref="203"/>
    <member type="way" role="right" ref="206"/>
    <tag k="type" v="lanelet"/>
    <tag k="subtype" v="road"/>
    <tag k="speed_limit" v="10"/>
    <tag k="location" v="urban"/>
    <tag k="one_way" v="yes"/>
  </relation>
  <relation id="208">
    <member type="way" role="left" ref="203"/>
    <member type="way" role="right" ref="200"/>
    <tag k="type" v="lanelet"/>
    <tag k="subtype" v="road"/>
    <tag k="speed_limit" v="10"/>
    <tag k="location" v="urban"/>
    <tag k="one_way" v="yes"/>
  </relation>
  <relation id="232">
    <member type="way" role="left" ref="230"/>
    <member type="way" role="right" ref="229"/>
    <tag k="type" v="lanelet"/>
    <tag k="subtype" v="road"/>
    <tag k="speed_limit" v="10"/>
    <tag k="location" v="urban"/>
    <tag k="one_way" v="yes"/>
  </relation>
  <relation id="233">
    <member type="way" role="left" ref="230"/>
    <member type="way" role="right" ref="231"/>
    <tag k="type" v="lanelet"/>
    <tag k="subtype" v="road"/>
    <tag k="speed_limit" v="10"/>
    <tag k="location" v="urban"/>
    <tag k="one_way" v="yes"/>
  </relation>
  <relation id="243">
    <member type="way" role="left" ref="241"/>
    <member type="way" role="right" ref="240"/>
    <tag k="type" v="lanelet"/>
    <tag k="subtype" v="road"/>
    <tag k="speed_limit" v="10"/>
    <tag k="location" v="urban"/>
    <tag k="one_way" v="yes"/>
  </relation>
  <relation id="244">
    <member type="way" role="left" ref="241"/>
    <member type="way" role="right" ref="242"/>
    <tag k="type" v="lanelet"/>
    <tag k="subtype" v="road"/>
    <tag k="speed_limit" v="10"/>
    <tag k="location" v="urban"/>
    <tag k="one_way" v="yes"/>
  </relation>
  <relation id="254">
    <member type="way" role="left" ref="250"/>
    <member type="way" role="right" ref="247"/>
    <tag k="type" v="lanelet"/>
    <tag k="subtype" v="road"/>
    <tag k="speed_limit" v="10"/>
    <tag k="location" v="urban"/>
    <tag k="one_way" v="yes"/>
  </relation>
  <relation id="255">
    <member type="way" role="left" ref="250"/>
    <member type="way" role="right" ref="253"/>
    <tag k="type" v="lanelet"/>
    <tag k="subtype" v="road"/>
    <tag k="speed_limit" v="10"/>
    <tag k="location" v="urban"/>
    <tag k="one_way" v="yes"/>
  </relation>
  <relation id="265">
    <member type="way" role="left" ref="261"/>
    <member type="way" role="right" ref="264"/>
    <tag k="type" v="lanelet"/>
    <tag k="subtype" v="road"/>
    <tag k="speed_limit" v="10"/>
    <tag k="location" v="urban"/>
    <tag k="one_way" v="yes"/>
  </relation>
  <relation id="266">
    <member type="way" role="left" ref="261"/>
    <member type="way" role="right" ref="258"/>
    <tag k="type" v="lanelet"/>
    <tag k="subtype" v="road"/>
    <tag k="speed_limit" v="10"/>
    <tag k="location" v="urban"/>
    <tag k="one_way" v="yes"/>
  </relation>
  <relation id="279">
    <member type="way" role="left" ref="275"/>
    <member type="way" role="right" ref="278"/>
    <tag k="type" v="lanelet"/>
    <tag k="subtype" v="road"/>
    <tag k="speed_limit" v="10"/>
    <tag k="location" v="urban"/>
    <tag k="one_way" v="yes"/>
  </relation>
  <relation id="280">
    <member type="way" role="left" ref="275"/>
    <member type="way" role="right" ref="269"/>
    <tag k="type" v="lanelet"/>
    <tag k="subtype" v="road"/>
    <tag k="speed_limit" v="10"/>
    <tag k="location" v="urban"/>
    <tag k="one_way" v="yes"/>
  </relation>
  <relation id="290">
    <member type="way" role="left" ref="286"/>
    <member type="way" role="right" ref="289"/>
    <tag k="type" v="lanelet"/>
    <tag k="subtype" v="road"/>
    <tag k="speed_limit" v="10"/>
    <tag k="location" v="urban"/>
    <tag k="one_way" v="yes"/>
  </relation>
  <relation id="291">
    <member type="way" role="left" ref="286"/>
    <member type="way" role="right" ref="283"/>
    <tag k="type" v="lanelet"/>
    <tag k="subtype" v="road"/>
    <tag k="speed_limit" v="10"/>
    <tag k="location" v="urban"/>
    <tag k="one_way" v="yes"/>
  </relation>
  <relation id="320">
    <member type="way" role="left" ref="316"/>
    <member type="way" role="right" ref="319"/>
    <tag k="type" v="lanelet"/>
    <tag k="subtype" v="road"/>
    <tag k="speed_limit" v="10"/>
    <tag k="location" v="urban"/>
    <tag k="one_way" v="yes"/>
  </relation>
  <relation id="321">
    <member type="way" role="left" ref="316"/>
    <member type="way" role="right" ref="313"/>
    <tag k="type" v="lanelet"/>
    <tag k="subtype" v="road"/>
    <tag k="speed_limit" v="10"/>
    <tag k="location" v="urban"/>
    <tag k="one_way" v="yes"/>
  </relation>
  <relation id="328">
    <member type="way" role="left" ref="325"/>
    <member type="way" role="right" ref="327"/>
    <tag k="type" v="lanelet"/>
    <tag k="subtype" v="road"/>
    <tag k="speed_limit" v="10"/>
    <tag k="location" v="urban"/>
    <tag k="one_way" v="yes"/>
  </relation>
  <relation id="339">
    <member type="way" role="left" ref="325"/>
    <member type="way" role="right" ref="338"/>
    <tag k="type" v="lanelet"/>
    <tag k="subtype" v="road"/>
    <tag k="speed_limit" v="10"/>
    <tag k="location" v="urban"/>
    <tag k="one_way" v="yes"/>
  </relation>
  <relation id="349">
    <member type="way" role="left" ref="345"/>
    <member type="way" role="right" ref="348"/>
    <tag k="type" v="lanelet"/>
    <tag k="subtype" v="road"/>
    <tag k="speed_limit" v="10"/>
    <tag k="location" v="urban"/>
    <tag k="one_way" v="yes"/>
  </relation>
  <relation id="350">
    <member type="way" role="left" ref="345"/>
    <member type="way" role="right" ref="342"/>
    <tag k="type" v="lanelet"/>
    <tag k="subtype" v="road"/>
    <tag k="speed_limit" v="10"/>
    <tag k="location" v="urban"/>
    <tag k="one_way" v="yes"/>
  </relation>
  <relation id="360">
    <member type="way" role="left" ref="356"/>
    <member type="way" role="right" ref="359"/>
    <tag k="type" v="lanelet"/>
    <tag k="subtype" v="road"/>
    <tag k="speed_limit" v="10"/>
    <tag k="location" v="urban"/>
    <tag k="one_way" v="yes"/>
  </relation>
  <relation id="361">
    <member type="way" role="left" ref="356"/>
    <member type="way" role="right" ref="353"/>
    <tag k="type" v="lanelet"/>
    <tag k="subtype" v="road"/>
    <tag k="speed_limit" v="10"/>
    <tag k="location" v="urban"/>
    <tag k="one_way" v="yes"/>
  </relation>
  <relation id="371">
    <member type="way" role="left" ref="367"/>
    <member type="way" role="right" ref="364"/>
    <tag k="type" v="lanelet"/>
    <tag k="subtype" v="road"/>
    <tag k="speed_limit" v="10"/>
    <tag k="location" v="urban"/>
    <tag k="one_way" v="yes"/>
  </relation>
  <relation id="372">
    <member type="way" role="left" ref="367"/>
    <member type="way" role="right" ref="370"/>
    <tag k="type" v="lanelet"/>
    <tag k="subtype" v="road"/>
    <tag k="speed_limit" v="10"/>
    <tag k="location" v="urban"/>
    <tag k="one_way" v="yes"/>
  </relation>
  <relation id="382">
    <member type="way" role="left" ref="378"/>
    <member type="way" role="right" ref="375"/>
    <tag k="type" v="lanelet"/>
    <tag k="subtype" v="road"/>
    <tag k="speed_limit" v="10"/>
    <tag k="location" v="urban"/>
    <tag k="one_way" v="yes"/>
  </relation>
  <relation id="383">
    <member type="way" role="left" ref="378"/>
    <member type="way" role="right" ref="381"/>
    <tag k="type" v="lanelet"/>
    <tag k="subtype" v="road"/>
    <tag k="speed_limit" v="10"/>
    <tag k="location" v="urban"/>
    <tag k="one_way" v="yes"/>
  </relation>
  <relation id="404">
    <member type="way" role="left" ref="400"/>
    <member type="way" role="right" ref="403"/>
    <tag k="type" v="lanelet"/>
    <tag k="subtype" v="road"/>
    <tag k="speed_limit" v="10"/>
    <tag k="location" v="urban"/>
    <tag k="one_way" v="yes"/>
  </relation>
  <relation id="409">
    <member type="way" role="left" ref="400"/>
    <member type="way" role="right" ref="397"/>
    <tag k="type" v="lanelet"/>
    <tag k="subtype" v="road"/>
    <tag k="speed_limit" v="10"/>
    <tag k="location" v="urban"/>
    <tag k="one_way" v="yes"/>
  </relation>
  <relation id="496">
    <member type="way" role="left" ref="494"/>
    <member type="way" role="right" ref="495"/>
    <tag k="type" v="lanelet"/>
    <tag k="subtype" v="road"/>
    <tag k="speed_limit" v="10"/>
    <tag k="location" v="urban"/>
    <tag k="one_way" v="yes"/>
    <tag k="turn_direction" v="left"/>
  </relation>
  <relation id="565">
    <member type="way" role="left" ref="563"/>
    <member type="way" role="right" ref="564"/>
    <tag k="type" v="lanelet"/>
    <tag k="subtype" v="road"/>
    <tag k="speed_limit" v="10"/>
    <tag k="location" v="urban"/>
    <tag k="one_way" v="yes"/>
    <tag k="turn_direction" v="right"/>
  </relation>
  <relation id="575">
    <member type="way" role="left" ref="571"/>
    <member type="way" role="right" ref="568"/>
    <tag k="type" v="lanelet"/>
    <tag k="subtype" v="road"/>
    <tag k="speed_limit" v="10"/>
    <tag k="location" v="urban"/>
    <tag k="one_way" v="yes"/>
  </relation>
  <relation id="576">
    <member type="way" role="left" ref="571"/>
    <member type="way" role="right" ref="574"/>
    <tag k="type" v="lanelet"/>
    <tag k="subtype" v="road"/>
    <tag k="speed_limit" v="10"/>
    <tag k="location" v="urban"/>
    <tag k="one_way" v="yes"/>
  </relation>
  <relation id="586">
    <member type="way" role="left" ref="582"/>
    <member type="way" role="right" ref="579"/>
    <tag k="type" v="lanelet"/>
    <tag k="subtype" v="road"/>
    <tag k="speed_limit" v="10"/>
    <tag k="location" v="urban"/>
    <tag k="one_way" v="yes"/>
  </relation>
  <relation id="587">
    <member type="way" role="left" ref="582"/>
    <member type="way" role="right" ref="585"/>
    <tag k="type" v="lanelet"/>
    <tag k="subtype" v="road"/>
    <tag k="speed_limit" v="10"/>
    <tag k="location" v="urban"/>
    <tag k="one_way" v="yes"/>
  </relation>
  <relation id="654">
    <member type="way" role="left" ref="652"/>
    <member type="way" role="right" ref="653"/>
    <tag k="type" v="lanelet"/>
    <tag k="subtype" v="road"/>
    <tag k="speed_limit" v="10"/>
    <tag k="location" v="urban"/>
    <tag k="one_way" v="yes"/>
    <tag k="turn_direction" v="left"/>
  </relation>
  <relation id="703">
    <member type="way" role="left" ref="701"/>
    <member type="way" role="right" ref="702"/>
    <tag k="type" v="lanelet"/>
    <tag k="subtype" v="road"/>
    <tag k="speed_limit" v="10"/>
    <tag k="location" v="urban"/>
    <tag k="one_way" v="yes"/>
    <tag k="turn_direction" v="right"/>
  </relation>
  <relation id="713">
    <member type="way" role="left" ref="709"/>
    <member type="way" role="right" ref="706"/>
    <tag k="type" v="lanelet"/>
    <tag k="subtype" v="road"/>
    <tag k="speed_limit" v="10"/>
    <tag k="location" v="urban"/>
    <tag k="one_way" v="yes"/>
  </relation>
  <relation id="714">
    <member type="way" role="left" ref="709"/>
    <member type="way" role="right" ref="712"/>
    <tag k="type" v="lanelet"/>
    <tag k="subtype" v="road"/>
    <tag k="speed_limit" v="10"/>
    <tag k="location" v="urban"/>
    <tag k="one_way" v="yes"/>
  </relation>
  <relation id="724">
    <member type="way" role="left" ref="720"/>
    <member type="way" role="right" ref="717"/>
    <tag k="type" v="lanelet"/>
    <tag k="subtype" v="road"/>
    <tag k="speed_limit" v="10"/>
    <tag k="location" v="urban"/>
    <tag k="one_way" v="yes"/>
  </relation>
  <relation id="725">
    <member type="way" role="left" ref="720"/>
    <member type="way" role="right" ref="723"/>
    <tag k="type" v="lanelet"/>
    <tag k="subtype" v="road"/>
    <tag k="speed_limit" v="10"/>
    <tag k="location" v="urban"/>
    <tag k="one_way" v="yes"/>
  </relation>
  <relation id="760">
    <member type="way" role="left" ref="758"/>
    <member type="way" role="right" ref="759"/>
    <tag k="type" v="lanelet"/>
    <tag k="subtype" v="road"/>
    <tag k="speed_limit" v="10"/>
    <tag k="location" v="urban"/>
    <tag k="one_way" v="yes"/>
    <tag k="turn_direction" v="right"/>
  </relation>
  <relation id="813">
    <member type="way" role="left" ref="811"/>
    <member type="way" role="right" ref="812"/>
    <tag k="type" v="lanelet"/>
    <tag k="subtype" v="road"/>
    <tag k="speed_limit" v="10"/>
    <tag k="location" v="urban"/>
    <tag k="one_way" v="yes"/>
    <tag k="turn_direction" v="left"/>
  </relation>
  <relation id="867">
    <member type="way" role="left" ref="865"/>
    <member type="way" role="right" ref="866"/>
    <tag k="type" v="lanelet"/>
    <tag k="subtype" v="road"/>
    <tag k="speed_limit" v="10"/>
    <tag k="location" v="urban"/>
    <tag k="one_way" v="yes"/>
    <tag k="turn_direction" v="straight"/>
  </relation>
  <relation id="934">
    <member type="way" role="left" ref="932"/>
    <member type="way" role="right" ref="933"/>
    <tag k="type" v="lanelet"/>
    <tag k="subtype" v="road"/>
    <tag k="speed_limit" v="10"/>
    <tag k="location" v="urban"/>
    <tag k="one_way" v="yes"/>
    <tag k="turn_direction" v="right"/>
  </relation>
  <relation id="937">
    <member type="way" role="left" ref="935"/>
    <member type="way" role="right" ref="936"/>
    <tag k="type" v="lanelet"/>
    <tag k="subtype" v="road"/>
    <tag k="speed_limit" v="10"/>
    <tag k="location" v="urban"/>
    <tag k="one_way" v="yes"/>
    <tag k="turn_direction" v="straight"/>
  </relation>
  <relation id="954">
    <member type="way" role="left" ref="952"/>
    <member type="way" role="right" ref="953"/>
    <tag k="type" v="lanelet"/>
    <tag k="subtype" v="road"/>
    <tag k="speed_limit" v="10"/>
    <tag k="location" v="urban"/>
    <tag k="one_way" v="yes"/>
    <tag k="turn_direction" v="right"/>
  </relation>
  <relation id="989">
    <member type="way" role="left" ref="987"/>
    <member type="way" role="right" ref="988"/>
    <tag k="type" v="lanelet"/>
    <tag k="subtype" v="road"/>
    <tag k="speed_limit" v="10"/>
    <tag k="location" v="urban"/>
    <tag k="one_way" v="yes"/>
    <tag k="turn_direction" v="left"/>
  </relation>
  <relation id="1024">
    <member type="way" role="left" ref="1022"/>
    <member type="way" role="right" ref="1023"/>
    <tag k="type" v="lanelet"/>
    <tag k="subtype" v="road"/>
    <tag k="speed_limit" v="10"/>
    <tag k="location" v="urban"/>
    <tag k="one_way" v="yes"/>
    <tag k="turn_direction" v="left"/>
  </relation>
  <relation id="1027">
    <member type="way" role="left" ref="1025"/>
    <member type="way" role="right" ref="1026"/>
    <tag k="type" v="lanelet"/>
    <tag k="subtype" v="road"/>
    <tag k="speed_limit" v="10"/>
    <tag k="location" v="urban"/>
    <tag k="one_way" v="yes"/>
    <tag k="turn_direction" v="straight"/>
  </relation>
  <relation id="1061">
    <member type="way" role="left" ref="1059"/>
    <member type="way" role="right" ref="1060"/>
    <tag k="type" v="lanelet"/>
    <tag k="subtype" v="road"/>
    <tag k="speed_limit" v="10"/>
    <tag k="location" v="urban"/>
    <tag k="one_way" v="yes"/>
    <tag k="turn_direction" v="right"/>
  </relation>
  <relation id="1064">
    <member type="way" role="left" ref="1062"/>
    <member type="way" role="right" ref="1063"/>
    <tag k="type" v="lanelet"/>
    <tag k="subtype" v="road"/>
    <tag k="speed_limit" v="10"/>
    <tag k="location" v="urban"/>
    <tag k="one_way" v="yes"/>
    <tag k="turn_direction" v="straight"/>
  </relation>
  <relation id="1081">
    <member type="way" role="left" ref="1079"/>
    <member type="way" role="right" ref="1080"/>
    <tag k="type" v="lanelet"/>
    <tag k="subtype" v="road"/>
    <tag k="speed_limit" v="10"/>
    <tag k="location" v="urban"/>
    <tag k="one_way" v="yes"/>
    <tag k="turn_direction" v="right"/>
  </relation>
  <relation id="1118">
    <member type="way" role="left" ref="1116"/>
    <member type="way" role="right" ref="1117"/>
    <tag k="type" v="lanelet"/>
    <tag k="subtype" v="road"/>
    <tag k="speed_limit" v="10"/>
    <tag k="location" v="urban"/>
    <tag k="one_way" v="yes"/>
    <tag k="turn_direction" v="left"/>
  </relation>
  <relation id="1153">
    <member type="way" role="left" ref="1151"/>
    <member type="way" role="right" ref="1152"/>
    <tag k="type" v="lanelet"/>
    <tag k="subtype" v="road"/>
    <tag k="speed_limit" v="10"/>
    <tag k="location" v="urban"/>
    <tag k="one_way" v="yes"/>
    <tag k="turn_direction" v="left"/>
  </relation>
  <relation id="1156">
    <member type="way" role="left" ref="1154"/>
    <member type="way" role="right" ref="1155"/>
    <tag k="type" v="lanelet"/>
    <tag k="subtype" v="road"/>
    <tag k="speed_limit" v="10"/>
    <tag k="location" v="urban"/>
    <tag k="one_way" v="yes"/>
    <tag k="turn_direction" v="straight"/>
  </relation>
  <relation id="1173">
    <member type="way" role="left" ref="1171"/>
    <member type="way" role="right" ref="1172"/>
    <tag k="type" v="lanelet"/>
    <tag k="subtype" v="road"/>
    <tag k="speed_limit" v="10"/>
    <tag k="location" v="urban"/>
    <tag k="one_way" v="yes"/>
    <tag k="turn_direction" v="right"/>
  </relation>
  <relation id="1176">
    <member type="way" role="left" ref="1174"/>
    <member type="way" role="right" ref="1175"/>
    <tag k="type" v="lanelet"/>
    <tag k="subtype" v="road"/>
    <tag k="speed_limit" v="10"/>
    <tag k="location" v="urban"/>
    <tag k="one_way" v="yes"/>
    <tag k="turn_direction" v="straight"/>
  </relation>
  <relation id="1193">
    <member type="way" role="left" ref="1191"/>
    <member type="way" role="right" ref="1192"/>
    <tag k="type" v="lanelet"/>
    <tag k="subtype" v="road"/>
    <tag k="speed_limit" v="10"/>
    <tag k="location" v="urban"/>
    <tag k="one_way" v="yes"/>
    <tag k="turn_direction" v="right"/>
  </relation>
  <relation id="1230">
    <member type="way" role="left" ref="1228"/>
    <member type="way" role="right" ref="1229"/>
    <tag k="type" v="lanelet"/>
    <tag k="subtype" v="road"/>
    <tag k="speed_limit" v="10"/>
    <tag k="location" v="urban"/>
    <tag k="one_way" v="yes"/>
    <tag k="turn_direction" v="left"/>
  </relation>
  <relation id="1265">
    <member type="way" role="left" ref="1263"/>
    <member type="way" role="right" ref="1264"/>
    <tag k="type" v="lanelet"/>
    <tag k="subtype" v="road"/>
    <tag k="speed_limit" v="10"/>
    <tag k="location" v="urban"/>
    <tag k="one_way" v="yes"/>
    <tag k="turn_direction" v="left"/>
  </relation>
  <relation id="1302">
    <member type="way" role="left" ref="1300"/>
    <member type="way" role="right" ref="1301"/>
    <tag k="type" v="lanelet"/>
    <tag k="subtype" v="road"/>
    <tag k="speed_limit" v="10"/>
    <tag k="location" v="urban"/>
    <tag k="one_way" v="yes"/>
    <tag k="turn_direction" v="straight"/>
  </relation>
  <relation id="1319">
    <member type="way" role="left" ref="1317"/>
    <member type="way" role="right" ref="1318"/>
    <tag k="type" v="lanelet"/>
    <tag k="subtype" v="road"/>
    <tag k="speed_limit" v="10"/>
    <tag k="location" v="urban"/>
    <tag k="one_way" v="yes"/>
    <tag k="turn_direction" v="right"/>
  </relation>
  <relation id="1336">
    <member type="way" role="left" ref="1334"/>
    <member type="way" role="right" ref="1335"/>
    <tag k="type" v="lanelet"/>
    <tag k="subtype" v="road"/>
    <tag k="speed_limit" v="10"/>
    <tag k="location" v="urban"/>
    <tag k="one_way" v="yes"/>
    <tag k="turn_direction" v="right"/>
  </relation>
  <relation id="1371">
    <member type="way" role="left" ref="1369"/>
    <member type="way" role="right" ref="1370"/>
    <tag k="type" v="lanelet"/>
    <tag k="subtype" v="road"/>
    <tag k="speed_limit" v="10"/>
    <tag k="location" v="urban"/>
    <tag k="one_way" v="yes"/>
    <tag k="turn_direction" v="left"/>
  </relation>
  <relation id="1406">
    <member type="way" role="left" ref="1404"/>
    <member type="way" role="right" ref="1405"/>
    <tag k="type" v="lanelet"/>
    <tag k="subtype" v="road"/>
    <tag k="speed_limit" v="10"/>
    <tag k="location" v="urban"/>
    <tag k="one_way" v="yes"/>
    <tag k="turn_direction" v="left"/>
  </relation>
  <relation id="1433">
    <member type="way" role="left" ref="1431"/>
    <member type="way" role="right" ref="1432"/>
    <tag k="type" v="lanelet"/>
    <tag k="subtype" v="road"/>
    <tag k="speed_limit" v="10"/>
    <tag k="location" v="urban"/>
    <tag k="one_way" v="yes"/>
    <tag k="turn_direction" v="straight"/>
  </relation>
  <relation id="1464">
    <member type="way" role="left" ref="1462"/>
    <member type="way" role="right" ref="1463"/>
    <tag k="type" v="lanelet"/>
    <tag k="subtype" v="road"/>
    <tag k="speed_limit" v="10"/>
    <tag k="location" v="urban"/>
    <tag k="one_way" v="yes"/>
    <tag k="turn_direction" v="straight"/>
  </relation>
  <relation id="1481">
    <member type="way" role="left" ref="1479"/>
    <member type="way" role="right" ref="1480"/>
    <tag k="type" v="lanelet"/>
    <tag k="subtype" v="road"/>
    <tag k="speed_limit" v="10"/>
    <tag k="location" v="urban"/>
    <tag k="one_way" v="yes"/>
    <tag k="turn_direction" v="left"/>
  </relation>
  <relation id="1518">
    <member type="way" role="left" ref="1516"/>
    <member type="way" role="right" ref="1517"/>
    <tag k="type" v="lanelet"/>
    <tag k="subtype" v="road"/>
    <tag k="speed_limit" v="10"/>
    <tag k="location" v="urban"/>
    <tag k="one_way" v="yes"/>
    <tag k="turn_direction" v="right"/>
  </relation>
  <relation id="1553">
    <member type="way" role="left" ref="1551"/>
    <member type="way" role="right" ref="1552"/>
    <tag k="type" v="lanelet"/>
    <tag k="subtype" v="road"/>
    <tag k="speed_limit" v="10"/>
    <tag k="location" v="urban"/>
    <tag k="one_way" v="yes"/>
    <tag k="turn_direction" v="left"/>
  </relation>
  <relation id="1572">
    <member type="way" role="left" ref="1570"/>
    <member type="way" role="right" ref="1571"/>
    <tag k="type" v="lanelet"/>
    <tag k="subtype" v="road"/>
    <tag k="speed_limit" v="10"/>
    <tag k="location" v="urban"/>
    <tag k="one_way" v="yes"/>
    <tag k="turn_direction" v="right"/>
  </relation>
  <relation id="1575">
    <member type="way" role="left" ref="1573"/>
    <member type="way" role="right" ref="1574"/>
    <tag k="type" v="lanelet"/>
    <tag k="subtype" v="road"/>
    <tag k="speed_limit" v="10"/>
    <tag k="location" v="urban"/>
    <tag k="one_way" v="yes"/>
    <tag k="turn_direction" v="straight"/>
  </relation>
  <relation id="1578">
    <member type="way" role="left" ref="1576"/>
    <member type="way" role="right" ref="1577"/>
    <tag k="type" v="lanelet"/>
    <tag k="subtype" v="road"/>
    <tag k="speed_limit" v="10"/>
    <tag k="location" v="urban"/>
    <tag k="one_way" v="yes"/>
    <tag k="turn_direction" v="straight"/>
  </relation>
  <relation id="1587">
    <member type="way" role="left" ref="1585"/>
    <member type="way" role="right" ref="1586"/>
    <tag k="type" v="lanelet"/>
    <tag k="subtype" v="road"/>
    <tag k="speed_limit" v="10"/>
    <tag k="location" v="urban"/>
    <tag k="one_way" v="yes"/>
    <tag k="turn_direction" v="straight"/>
  </relation>
  <relation id="1590">
    <member type="way" role="left" ref="1588"/>
    <member type="way" role="right" ref="1589"/>
    <tag k="type" v="lanelet"/>
    <tag k="subtype" v="road"/>
    <tag k="speed_limit" v="10"/>
    <tag k="location" v="urban"/>
    <tag k="one_way" v="yes"/>
    <tag k="turn_direction" v="straight"/>
  </relation>
  <relation id="1629">
    <member type="way" role="left" ref="1627"/>
    <member type="way" role="right" ref="1628"/>
    <tag k="type" v="lanelet"/>
    <tag k="subtype" v="road"/>
    <tag k="speed_limit" v="10"/>
    <tag k="location" v="urban"/>
    <tag k="one_way" v="yes"/>
    <tag k="turn_direction" v="left"/>
  </relation>
  <relation id="1666">
    <member type="way" role="left" ref="1664"/>
    <member type="way" role="right" ref="1665"/>
    <tag k="type" v="lanelet"/>
    <tag k="subtype" v="road"/>
    <tag k="speed_limit" v="10"/>
    <tag k="location" v="urban"/>
    <tag k="one_way" v="yes"/>
    <tag k="turn_direction" v="left"/>
  </relation>
  <relation id="1685">
    <member type="way" role="left" ref="1683"/>
    <member type="way" role="right" ref="1684"/>
    <tag k="type" v="lanelet"/>
    <tag k="subtype" v="road"/>
    <tag k="speed_limit" v="10"/>
    <tag k="location" v="urban"/>
    <tag k="one_way" v="yes"/>
    <tag k="turn_direction" v="right"/>
  </relation>
  <relation id="1702">
    <member type="way" role="left" ref="1700"/>
    <member type="way" role="right" ref="1701"/>
    <tag k="type" v="lanelet"/>
    <tag k="subtype" v="road"/>
    <tag k="speed_limit" v="10"/>
    <tag k="location" v="urban"/>
    <tag k="one_way" v="yes"/>
    <tag k="turn_direction" v="right"/>
  </relation>
  <relation id="1719">
    <member type="way" role="left" ref="1717"/>
    <member type="way" role="right" ref="1718"/>
    <tag k="type" v="lanelet"/>
    <tag k="subtype" v="road"/>
    <tag k="speed_limit" v="10"/>
    <tag k="location" v="urban"/>
    <tag k="one_way" v="yes"/>
    <tag k="turn_direction" v="right"/>
  </relation>
  <relation id="1738">
    <member type="way" role="left" ref="1736"/>
    <member type="way" role="right" ref="1737"/>
    <tag k="type" v="lanelet"/>
    <tag k="subtype" v="road"/>
    <tag k="speed_limit" v="10"/>
    <tag k="location" v="urban"/>
    <tag k="one_way" v="yes"/>
    <tag k="turn_direction" v="right"/>
  </relation>
  <relation id="1773">
    <member type="way" role="left" ref="1771"/>
    <member type="way" role="right" ref="1772"/>
    <tag k="type" v="lanelet"/>
    <tag k="subtype" v="road"/>
    <tag k="speed_limit" v="10"/>
    <tag k="location" v="urban"/>
    <tag k="one_way" v="yes"/>
    <tag k="turn_direction" v="left"/>
  </relation>
  <relation id="1810">
    <member type="way" role="left" ref="1808"/>
    <member type="way" role="right" ref="1809"/>
    <tag k="type" v="lanelet"/>
    <tag k="subtype" v="road"/>
    <tag k="speed_limit" v="10"/>
    <tag k="location" v="urban"/>
    <tag k="one_way" v="yes"/>
    <tag k="turn_direction" v="left"/>
  </relation>
  <relation id="1813">
    <member type="way" role="left" ref="1811"/>
    <member type="way" role="right" ref="1812"/>
    <tag k="type" v="lanelet"/>
    <tag k="subtype" v="road"/>
    <tag k="speed_limit" v="10"/>
    <tag k="location" v="urban"/>
    <tag k="one_way" v="yes"/>
    <tag k="turn_direction" v="straight"/>
  </relation>
  <relation id="1816">
    <member type="way" role="left" ref="1814"/>
    <member type="way" role="right" ref="1815"/>
    <tag k="type" v="lanelet"/>
    <tag k="subtype" v="road"/>
    <tag k="speed_limit" v="10"/>
    <tag k="location" v="urban"/>
    <tag k="one_way" v="yes"/>
    <tag k="turn_direction" v="straight"/>
  </relation>
  <relation id="1835">
    <member type="way" role="left" ref="1833"/>
    <member type="way" role="right" ref="1834"/>
    <tag k="type" v="lanelet"/>
    <tag k="subtype" v="road"/>
    <tag k="speed_limit" v="10"/>
    <tag k="location" v="urban"/>
    <tag k="one_way" v="yes"/>
    <tag k="turn_direction" v="right"/>
  </relation>
  <relation id="1852">
    <member type="way" role="left" ref="1850"/>
    <member type="way" role="right" ref="1851"/>
    <tag k="type" v="lanelet"/>
    <tag k="subtype" v="road"/>
    <tag k="speed_limit" v="10"/>
    <tag k="location" v="urban"/>
    <tag k="one_way" v="yes"/>
    <tag k="turn_direction" v="right"/>
  </relation>
  <relation id="1889">
    <member type="way" role="left" ref="1887"/>
    <member type="way" role="right" ref="1888"/>
    <tag k="type" v="lanelet"/>
    <tag k="subtype" v="road"/>
    <tag k="speed_limit" v="10"/>
    <tag k="location" v="urban"/>
    <tag k="one_way" v="yes"/>
    <tag k="turn_direction" v="left"/>
  </relation>
  <relation id="1924">
    <member type="way" role="left" ref="1922"/>
    <member type="way" role="right" ref="1923"/>
    <tag k="type" v="lanelet"/>
    <tag k="subtype" v="road"/>
    <tag k="speed_limit" v="10"/>
    <tag k="location" v="urban"/>
    <tag k="one_way" v="yes"/>
    <tag k="turn_direction" v="left"/>
  </relation>
  <relation id="1927">
    <member type="way" role="left" ref="1925"/>
    <member type="way" role="right" ref="1926"/>
    <tag k="type" v="lanelet"/>
    <tag k="subtype" v="road"/>
    <tag k="speed_limit" v="10"/>
    <tag k="location" v="urban"/>
    <tag k="one_way" v="yes"/>
    <tag k="turn_direction" v="straight"/>
  </relation>
  <relation id="1930">
    <member type="way" role="left" ref="1928"/>
    <member type="way" role="right" ref="1929"/>
    <tag k="type" v="lanelet"/>
    <tag k="subtype" v="road"/>
    <tag k="speed_limit" v="10"/>
    <tag k="location" v="urban"/>
    <tag k="one_way" v="yes"/>
    <tag k="turn_direction" v="straight"/>
  </relation>
  <relation id="1949">
    <member type="way" role="left" ref="1947"/>
    <member type="way" role="right" ref="1948"/>
    <tag k="type" v="lanelet"/>
    <tag k="subtype" v="road"/>
    <tag k="speed_limit" v="10"/>
    <tag k="location" v="urban"/>
    <tag k="one_way" v="yes"/>
    <tag k="turn_direction" v="right"/>
  </relation>
  <relation id="1968">
    <member type="way" role="left" ref="1966"/>
    <member type="way" role="right" ref="1967"/>
    <tag k="type" v="lanelet"/>
    <tag k="subtype" v="road"/>
    <tag k="speed_limit" v="10"/>
    <tag k="location" v="urban"/>
    <tag k="one_way" v="yes"/>
    <tag k="turn_direction" v="right"/>
  </relation>
  <relation id="2007">
    <member type="way" role="left" ref="2005"/>
    <member type="way" role="right" ref="2006"/>
    <tag k="type" v="lanelet"/>
    <tag k="subtype" v="road"/>
    <tag k="speed_limit" v="10"/>
    <tag k="location" v="urban"/>
    <tag k="one_way" v="yes"/>
    <tag k="turn_direction" v="left"/>
  </relation>
  <relation id="2044">
    <member type="way" role="left" ref="2042"/>
    <member type="way" role="right" ref="2043"/>
    <tag k="type" v="lanelet"/>
    <tag k="subtype" v="road"/>
    <tag k="speed_limit" v="10"/>
    <tag k="location" v="urban"/>
    <tag k="one_way" v="yes"/>
    <tag k="turn_direction" v="left"/>
  </relation>
  <relation id="2047">
    <member type="way" role="left" ref="2045"/>
    <member type="way" role="right" ref="2046"/>
    <tag k="type" v="lanelet"/>
    <tag k="subtype" v="road"/>
    <tag k="speed_limit" v="10"/>
    <tag k="location" v="urban"/>
    <tag k="one_way" v="yes"/>
    <tag k="turn_direction" v="straight"/>
  </relation>
  <relation id="2050">
    <member type="way" role="left" ref="2048"/>
    <member type="way" role="right" ref="2049"/>
    <tag k="type" v="lanelet"/>
    <tag k="subtype" v="road"/>
    <tag k="speed_limit" v="10"/>
    <tag k="location" v="urban"/>
    <tag k="one_way" v="yes"/>
    <tag k="turn_direction" v="straight"/>
  </relation>
  <relation id="2086">
    <member type="way" role="left" ref="2084"/>
    <member type="way" role="right" ref="2085"/>
    <tag k="type" v="lanelet"/>
    <tag k="subtype" v="road"/>
    <tag k="speed_limit" v="10"/>
    <tag k="location" v="urban"/>
    <tag k="one_way" v="yes"/>
    <tag k="turn_direction" v="right"/>
  </relation>
  <relation id="2103">
    <member type="way" role="left" ref="2101"/>
    <member type="way" role="right" ref="2102"/>
    <tag k="type" v="lanelet"/>
    <tag k="subtype" v="road"/>
    <tag k="speed_limit" v="10"/>
    <tag k="location" v="urban"/>
    <tag k="one_way" v="yes"/>
    <tag k="turn_direction" v="right"/>
  </relation>
  <relation id="2132">
    <member type="way" role="left" ref="2130"/>
    <member type="way" role="right" ref="2131"/>
    <tag k="type" v="lanelet"/>
    <tag k="subtype" v="road"/>
    <tag k="speed_limit" v="10"/>
    <tag k="location" v="urban"/>
    <tag k="one_way" v="yes"/>
  </relation>
  <relation id="2133">
    <member type="way" role="left" ref="2130"/>
    <member type="way" role="right" ref="2129"/>
    <tag k="type" v="lanelet"/>
    <tag k="subtype" v="road"/>
    <tag k="speed_limit" v="10"/>
    <tag k="location" v="urban"/>
    <tag k="one_way" v="yes"/>
  </relation>
  <relation id="2148">
    <member type="way" role="left" ref="2146"/>
    <member type="way" role="right" ref="2147"/>
    <tag k="type" v="lanelet"/>
    <tag k="subtype" v="road"/>
    <tag k="speed_limit" v="10"/>
    <tag k="location" v="urban"/>
    <tag k="one_way" v="yes"/>
    <tag k="turn_direction" v="right"/>
  </relation>
  <relation id="2165">
    <member type="way" role="left" ref="2163"/>
    <member type="way" role="right" ref="2164"/>
    <tag k="type" v="lanelet"/>
    <tag k="subtype" v="road"/>
    <tag k="speed_limit" v="10"/>
    <tag k="location" v="urban"/>
    <tag k="one_way" v="yes"/>
    <tag k="turn_direction" v="right"/>
  </relation>
  <relation id="2168">
    <member type="way" role="left" ref="2166"/>
    <member type="way" role="right" ref="2167"/>
    <tag k="type" v="lanelet"/>
    <tag k="subtype" v="road"/>
    <tag k="speed_limit" v="10"/>
    <tag k="location" v="urban"/>
    <tag k="one_way" v="yes"/>
    <tag k="turn_direction" v="straight"/>
  </relation>
  <relation id="2203">
    <member type="way" role="left" ref="2201"/>
    <member type="way" role="right" ref="2202"/>
    <tag k="type" v="lanelet"/>
    <tag k="subtype" v="road"/>
    <tag k="speed_limit" v="10"/>
    <tag k="location" v="urban"/>
    <tag k="one_way" v="yes"/>
    <tag k="turn_direction" v="left"/>
  </relation>
  <relation id="2238">
    <member type="way" role="left" ref="2236"/>
    <member type="way" role="right" ref="2237"/>
    <tag k="type" v="lanelet"/>
    <tag k="subtype" v="road"/>
    <tag k="speed_limit" v="10"/>
    <tag k="location" v="urban"/>
    <tag k="one_way" v="yes"/>
    <tag k="turn_direction" v="left"/>
  </relation>
  <relation id="2257">
    <member type="way" role="left" ref="2255"/>
    <member type="way" role="right" ref="2256"/>
    <tag k="type" v="lanelet"/>
    <tag k="subtype" v="road"/>
    <tag k="speed_limit" v="10"/>
    <tag k="location" v="urban"/>
    <tag k="one_way" v="yes"/>
    <tag k="turn_direction" v="right"/>
  </relation>
  <relation id="2274">
    <member type="way" role="left" ref="2272"/>
    <member type="way" role="right" ref="2273"/>
    <tag k="type" v="lanelet"/>
    <tag k="subtype" v="road"/>
    <tag k="speed_limit" v="10"/>
    <tag k="location" v="urban"/>
    <tag k="one_way" v="yes"/>
    <tag k="turn_direction" v="right"/>
  </relation>
  <relation id="2311">
    <member type="way" role="left" ref="2309"/>
    <member type="way" role="right" ref="2310"/>
    <tag k="type" v="lanelet"/>
    <tag k="subtype" v="road"/>
    <tag k="speed_limit" v="10"/>
    <tag k="location" v="urban"/>
    <tag k="one_way" v="yes"/>
    <tag k="turn_direction" v="left"/>
  </relation>
  <relation id="2348">
    <member type="way" role="left" ref="2346"/>
    <member type="way" role="right" ref="2347"/>
    <tag k="type" v="lanelet"/>
    <tag k="subtype" v="road"/>
    <tag k="speed_limit" v="10"/>
    <tag k="location" v="urban"/>
    <tag k="one_way" v="yes"/>
    <tag k="turn_direction" v="left"/>
  </relation>
  <relation id="2385">
    <member type="way" role="left" ref="2383"/>
    <member type="way" role="right" ref="2384"/>
    <tag k="type" v="lanelet"/>
    <tag k="subtype" v="road"/>
    <tag k="speed_limit" v="10"/>
    <tag k="location" v="urban"/>
    <tag k="one_way" v="yes"/>
    <tag k="turn_direction" v="left"/>
  </relation>
  <relation id="2422">
    <member type="way" role="left" ref="2420"/>
    <member type="way" role="right" ref="2421"/>
    <tag k="type" v="lanelet"/>
    <tag k="subtype" v="road"/>
    <tag k="speed_limit" v="10"/>
    <tag k="location" v="urban"/>
    <tag k="one_way" v="yes"/>
    <tag k="turn_direction" v="left"/>
  </relation>
  <relation id="2431">
    <member type="way" role="left" ref="2429"/>
    <member type="way" role="right" ref="2430"/>
    <tag k="type" v="lanelet"/>
    <tag k="subtype" v="road"/>
    <tag k="speed_limit" v="10"/>
    <tag k="location" v="urban"/>
    <tag k="one_way" v="yes"/>
    <tag k="turn_direction" v="straight"/>
  </relation>
  <relation id="2434">
    <member type="way" role="left" ref="2432"/>
    <member type="way" role="right" ref="2433"/>
    <tag k="type" v="lanelet"/>
    <tag k="subtype" v="road"/>
    <tag k="speed_limit" v="10"/>
    <tag k="location" v="urban"/>
    <tag k="one_way" v="yes"/>
    <tag k="turn_direction" v="straight"/>
  </relation>
  <relation id="2437">
    <member type="way" role="left" ref="2435"/>
    <member type="way" role="right" ref="2436"/>
    <tag k="type" v="lanelet"/>
    <tag k="subtype" v="road"/>
    <tag k="speed_limit" v="10"/>
    <tag k="location" v="urban"/>
    <tag k="one_way" v="yes"/>
    <tag k="turn_direction" v="straight"/>
  </relation>
  <relation id="2440">
    <member type="way" role="left" ref="2438"/>
    <member type="way" role="right" ref="2439"/>
    <tag k="type" v="lanelet"/>
    <tag k="subtype" v="road"/>
    <tag k="speed_limit" v="10"/>
    <tag k="location" v="urban"/>
    <tag k="one_way" v="yes"/>
    <tag k="turn_direction" v="straight"/>
  </relation>
  <relation id="2459">
    <member type="way" role="left" ref="2457"/>
    <member type="way" role="right" ref="2458"/>
    <tag k="type" v="lanelet"/>
    <tag k="subtype" v="road"/>
    <tag k="speed_limit" v="10"/>
    <tag k="location" v="urban"/>
    <tag k="one_way" v="yes"/>
    <tag k="turn_direction" v="right"/>
  </relation>
  <relation id="2476">
    <member type="way" role="left" ref="2474"/>
    <member type="way" role="right" ref="2475"/>
    <tag k="type" v="lanelet"/>
    <tag k="subtype" v="road"/>
    <tag k="speed_limit" v="10"/>
    <tag k="location" v="urban"/>
    <tag k="one_way" v="yes"/>
    <tag k="turn_direction" v="right"/>
  </relation>
  <relation id="2495">
    <member type="way" role="left" ref="2493"/>
    <member type="way" role="right" ref="2494"/>
    <tag k="type" v="lanelet"/>
    <tag k="subtype" v="road"/>
    <tag k="speed_limit" v="10"/>
    <tag k="location" v="urban"/>
    <tag k="one_way" v="yes"/>
    <tag k="turn_direction" v="right"/>
  </relation>
  <relation id="2512">
    <member type="way" role="left" ref="2510"/>
    <member type="way" role="right" ref="2511"/>
    <tag k="type" v="lanelet"/>
    <tag k="subtype" v="road"/>
    <tag k="speed_limit" v="10"/>
    <tag k="location" v="urban"/>
    <tag k="one_way" v="yes"/>
    <tag k="turn_direction" v="right"/>
  </relation>
  <relation id="2549">
    <member type="way" role="left" ref="2547"/>
    <member type="way" role="right" ref="2548"/>
    <tag k="type" v="lanelet"/>
    <tag k="subtype" v="road"/>
    <tag k="speed_limit" v="10"/>
    <tag k="location" v="urban"/>
    <tag k="one_way" v="yes"/>
    <tag k="turn_direction" v="left"/>
  </relation>
  <relation id="2586">
    <member type="way" role="left" ref="2584"/>
    <member type="way" role="right" ref="2585"/>
    <tag k="type" v="lanelet"/>
    <tag k="subtype" v="road"/>
    <tag k="speed_limit" v="10"/>
    <tag k="location" v="urban"/>
    <tag k="one_way" v="yes"/>
    <tag k="turn_direction" v="left"/>
  </relation>
  <relation id="2621">
    <member type="way" role="left" ref="2619"/>
    <member type="way" role="right" ref="2620"/>
    <tag k="type" v="lanelet"/>
    <tag k="subtype" v="road"/>
    <tag k="speed_limit" v="10"/>
    <tag k="location" v="urban"/>
    <tag k="one_way" v="yes"/>
    <tag k="turn_direction" v="left"/>
  </relation>
  <relation id="2658">
    <member type="way" role="left" ref="2656"/>
    <member type="way" role="right" ref="2657"/>
    <tag k="type" v="lanelet"/>
    <tag k="subtype" v="road"/>
    <tag k="speed_limit" v="10"/>
    <tag k="location" v="urban"/>
    <tag k="one_way" v="yes"/>
    <tag k="turn_direction" v="left"/>
  </relation>
  <relation id="2661">
    <member type="way" role="left" ref="2659"/>
    <member type="way" role="right" ref="2660"/>
    <tag k="type" v="lanelet"/>
    <tag k="subtype" v="road"/>
    <tag k="speed_limit" v="10"/>
    <tag k="location" v="urban"/>
    <tag k="one_way" v="yes"/>
    <tag k="turn_direction" v="straight"/>
  </relation>
  <relation id="2664">
    <member type="way" role="left" ref="2662"/>
    <member type="way" role="right" ref="2663"/>
    <tag k="type" v="lanelet"/>
    <tag k="subtype" v="road"/>
    <tag k="speed_limit" v="10"/>
    <tag k="location" v="urban"/>
    <tag k="one_way" v="yes"/>
    <tag k="turn_direction" v="straight"/>
  </relation>
  <relation id="2667">
    <member type="way" role="left" ref="2665"/>
    <member type="way" role="right" ref="2666"/>
    <tag k="type" v="lanelet"/>
    <tag k="subtype" v="road"/>
    <tag k="speed_limit" v="10"/>
    <tag k="location" v="urban"/>
    <tag k="one_way" v="yes"/>
    <tag k="turn_direction" v="straight"/>
  </relation>
  <relation id="2670">
    <member type="way" role="left" ref="2668"/>
    <member type="way" role="right" ref="2669"/>
    <tag k="type" v="lanelet"/>
    <tag k="subtype" v="road"/>
    <tag k="speed_limit" v="10"/>
    <tag k="location" v="urban"/>
    <tag k="one_way" v="yes"/>
    <tag k="turn_direction" v="straight"/>
  </relation>
  <relation id="2689">
    <member type="way" role="left" ref="2687"/>
    <member type="way" role="right" ref="2688"/>
    <tag k="type" v="lanelet"/>
    <tag k="subtype" v="road"/>
    <tag k="speed_limit" v="10"/>
    <tag k="location" v="urban"/>
    <tag k="one_way" v="yes"/>
    <tag k="turn_direction" v="right"/>
  </relation>
  <relation id="2708">
    <member type="way" role="left" ref="2706"/>
    <member type="way" role="right" ref="2707"/>
    <tag k="type" v="lanelet"/>
    <tag k="subtype" v="road"/>
    <tag k="speed_limit" v="10"/>
    <tag k="location" v="urban"/>
    <tag k="one_way" v="yes"/>
    <tag k="turn_direction" v="right"/>
  </relation>
  <relation id="2727">
    <member type="way" role="left" ref="2725"/>
    <member type="way" role="right" ref="2726"/>
    <tag k="type" v="lanelet"/>
    <tag k="subtype" v="road"/>
    <tag k="speed_limit" v="10"/>
    <tag k="location" v="urban"/>
    <tag k="one_way" v="yes"/>
    <tag k="turn_direction" v="right"/>
  </relation>
  <relation id="2746">
    <member type="way" role="left" ref="2744"/>
    <member type="way" role="right" ref="2745"/>
    <tag k="type" v="lanelet"/>
    <tag k="subtype" v="road"/>
    <tag k="speed_limit" v="10"/>
    <tag k="location" v="urban"/>
    <tag k="one_way" v="yes"/>
    <tag k="turn_direction" v="right"/>
  </relation>
  <relation id="2783">
    <member type="way" role="left" ref="2781"/>
    <member type="way" role="right" ref="2782"/>
    <tag k="type" v="lanelet"/>
    <tag k="subtype" v="road"/>
    <tag k="speed_limit" v="10"/>
    <tag k="location" v="urban"/>
    <tag k="one_way" v="yes"/>
    <tag k="turn_direction" v="left"/>
  </relation>
  <relation id="2937">
    <member type="way" role="left" ref="2935"/>
    <member type="way" role="right" ref="2936"/>
    <tag k="type" v="lanelet"/>
    <tag k="subtype" v="road"/>
    <tag k="speed_limit" v="10"/>
    <tag k="location" v="urban"/>
    <tag k="one_way" v="yes"/>
    <tag k="turn_direction" v="left"/>
  </relation>
  <relation id="2974">
    <member type="way" role="left" ref="2972"/>
    <member type="way" role="right" ref="2973"/>
    <tag k="type" v="lanelet"/>
    <tag k="subtype" v="road"/>
    <tag k="speed_limit" v="10"/>
    <tag k="location" v="urban"/>
    <tag k="one_way" v="yes"/>
    <tag k="turn_direction" v="left"/>
  </relation>
  <relation id="3011">
    <member type="way" role="left" ref="3009"/>
    <member type="way" role="right" ref="3010"/>
    <tag k="type" v="lanelet"/>
    <tag k="subtype" v="road"/>
    <tag k="speed_limit" v="10"/>
    <tag k="location" v="urban"/>
    <tag k="one_way" v="yes"/>
    <tag k="turn_direction" v="left"/>
  </relation>
  <relation id="3014">
    <member type="way" role="left" ref="3012"/>
    <member type="way" role="right" ref="3013"/>
    <tag k="type" v="lanelet"/>
    <tag k="subtype" v="road"/>
    <tag k="speed_limit" v="10"/>
    <tag k="location" v="urban"/>
    <tag k="one_way" v="yes"/>
    <tag k="turn_direction" v="straight"/>
  </relation>
  <relation id="3017">
    <member type="way" role="left" ref="3015"/>
    <member type="way" role="right" ref="3016"/>
    <tag k="type" v="lanelet"/>
    <tag k="subtype" v="road"/>
    <tag k="speed_limit" v="10"/>
    <tag k="location" v="urban"/>
    <tag k="one_way" v="yes"/>
    <tag k="turn_direction" v="straight"/>
  </relation>
  <relation id="3032">
    <member type="way" role="left" ref="3030"/>
    <member type="way" role="right" ref="3031"/>
    <tag k="type" v="lanelet"/>
    <tag k="subtype" v="road"/>
    <tag k="speed_limit" v="10"/>
    <tag k="location" v="urban"/>
    <tag k="one_way" v="yes"/>
    <tag k="turn_direction" v="straight"/>
  </relation>
  <relation id="3051">
    <member type="way" role="left" ref="3049"/>
    <member type="way" role="right" ref="3050"/>
    <tag k="type" v="lanelet"/>
    <tag k="subtype" v="road"/>
    <tag k="speed_limit" v="10"/>
    <tag k="location" v="urban"/>
    <tag k="one_way" v="yes"/>
    <tag k="turn_direction" v="straight"/>
  </relation>
  <relation id="3458">
    <member type="way" role="left" ref="3557"/>
    <member type="way" role="right" ref="3559"/>
    <tag k="type" v="lanelet"/>
    <tag k="subtype" v="road"/>
    <tag k="speed_limit" v="10"/>
    <tag k="location" v="urban"/>
    <tag k="one_way" v="yes"/>
    <tag k="turn_direction" v="right"/>
  </relation>
  <relation id="3538">
    <member type="way" role="left" ref="3502"/>
    <member type="way" role="right" ref="3527"/>
    <tag k="type" v="lanelet"/>
    <tag k="subtype" v="road"/>
    <tag k="speed_limit" v="10"/>
    <tag k="location" v="urban"/>
    <tag k="one_way" v="yes"/>
  </relation>
  <relation id="3547">
    <member type="way" role="left" ref="3545"/>
    <member type="way" role="right" ref="3546"/>
    <tag k="type" v="lanelet"/>
    <tag k="subtype" v="road"/>
    <tag k="speed_limit" v="10"/>
    <tag k="location" v="urban"/>
    <tag k="one_way" v="yes"/>
    <tag k="turn_direction" v="right"/>
  </relation>
  <relation id="3554">
    <member type="way" role="left" ref="3552"/>
    <member type="way" role="right" ref="3553"/>
    <tag k="type" v="lanelet"/>
    <tag k="subtype" v="road"/>
    <tag k="speed_limit" v="10"/>
    <tag k="location" v="urban"/>
    <tag k="one_way" v="yes"/>
    <tag k="turn_direction" v="right"/>
  </relation>
  <relation id="3584">
    <member type="way" role="left" ref="3582"/>
    <member type="way" role="right" ref="3583"/>
    <tag k="type" v="lanelet"/>
    <tag k="subtype" v="road"/>
    <tag k="speed_limit" v="10"/>
    <tag k="location" v="urban"/>
    <tag k="one_way" v="yes"/>
  </relation>
  <relation id="3599">
    <member type="way" role="left" ref="3597"/>
    <member type="way" role="right" ref="3598"/>
    <tag k="type" v="lanelet"/>
    <tag k="subtype" v="road"/>
    <tag k="speed_limit" v="10"/>
    <tag k="location" v="urban"/>
    <tag k="one_way" v="yes"/>
    <tag k="turn_direction" v="right"/>
  </relation>
  <relation id="3672">
    <member type="way" role="left" ref="3670"/>
    <member type="way" role="right" ref="3671"/>
    <tag k="type" v="lanelet"/>
    <tag k="subtype" v="road"/>
    <tag k="speed_limit" v="10"/>
    <tag k="location" v="urban"/>
    <tag k="one_way" v="yes"/>
  </relation>
  <relation id="3683">
    <member type="way" role="left" ref="3681"/>
    <member type="way" role="right" ref="3682"/>
    <tag k="type" v="lanelet"/>
    <tag k="subtype" v="road"/>
    <tag k="speed_limit" v="10"/>
    <tag k="location" v="urban"/>
    <tag k="one_way" v="yes"/>
  </relation>
  <relation id="3715">
    <member type="way" role="left" ref="3713"/>
    <member type="way" role="right" ref="3714"/>
    <tag k="type" v="lanelet"/>
    <tag k="subtype" v="road"/>
    <tag k="speed_limit" v="10"/>
    <tag k="location" v="urban"/>
    <tag k="one_way" v="yes"/>
  </relation>
  <relation id="3740">
    <member type="way" role="left" ref="3738"/>
    <member type="way" role="right" ref="3739"/>
    <tag k="type" v="lanelet"/>
    <tag k="subtype" v="road"/>
    <tag k="speed_limit" v="10"/>
    <tag k="location" v="urban"/>
    <tag k="one_way" v="yes"/>
  </relation>
  <relation id="3779">
    <member type="way" role="left" ref="3777"/>
    <member type="way" role="right" ref="3778"/>
    <tag k="type" v="lanelet"/>
    <tag k="subtype" v="road"/>
    <tag k="speed_limit" v="10"/>
    <tag k="location" v="urban"/>
    <tag k="one_way" v="yes"/>
  </relation>
  <relation id="3788">
    <member type="way" role="left" ref="3786"/>
    <member type="way" role="right" ref="3787"/>
    <tag k="type" v="lanelet"/>
    <tag k="subtype" v="road"/>
    <tag k="speed_limit" v="10"/>
    <tag k="location" v="urban"/>
    <tag k="one_way" v="yes"/>
  </relation>
  <relation id="3799">
    <member type="way" role="left" ref="3797"/>
    <member type="way" role="right" ref="3798"/>
    <tag k="type" v="lanelet"/>
    <tag k="subtype" v="road"/>
    <tag k="speed_limit" v="10"/>
    <tag k="location" v="urban"/>
    <tag k="one_way" v="yes"/>
  </relation>
  <relation id="3818">
    <member type="way" role="left" ref="3816"/>
    <member type="way" role="right" ref="3817"/>
    <tag k="type" v="lanelet"/>
    <tag k="subtype" v="road"/>
    <tag k="speed_limit" v="10"/>
    <tag k="location" v="urban"/>
    <tag k="one_way" v="yes"/>
  </relation>
  <relation id="3827">
    <member type="way" role="left" ref="3825"/>
    <member type="way" role="right" ref="3826"/>
    <tag k="type" v="lanelet"/>
    <tag k="subtype" v="road"/>
    <tag k="speed_limit" v="10"/>
    <tag k="location" v="urban"/>
    <tag k="one_way" v="yes"/>
  </relation>
  <relation id="3844">
    <member type="way" role="left" ref="3842"/>
    <member type="way" role="right" ref="3843"/>
    <tag k="type" v="lanelet"/>
    <tag k="subtype" v="road"/>
    <tag k="speed_limit" v="10"/>
    <tag k="location" v="urban"/>
    <tag k="one_way" v="yes"/>
  </relation>
</osm>
